#
# TABLE STRUCTURE FOR: communities
#

DROP TABLE IF EXISTS `communities`;

CREATE TABLE `communities` (
  `id` int(10) unsigned NOT NULL AUTO_INCREMENT COMMENT 'Идентификатор сроки',
  `name` varchar(150) COLLATE utf8_unicode_ci NOT NULL COMMENT 'Название группы',
  `created_at` datetime DEFAULT current_timestamp() COMMENT 'Время создания строки',
  `updated_at` datetime DEFAULT current_timestamp() ON UPDATE current_timestamp() COMMENT 'Время обновления строки',
  PRIMARY KEY (`id`),
  UNIQUE KEY `name` (`name`)
) ENGINE=InnoDB AUTO_INCREMENT=21 DEFAULT CHARSET=utf8 COLLATE=utf8_unicode_ci COMMENT='Группы';

INSERT INTO `communities` (`id`, `name`, `created_at`, `updated_at`) VALUES (1, 'Corporis occaecati praesentium ex quis quia aut.', '2012-08-17 08:51:02', '1998-10-04 04:25:41');
INSERT INTO `communities` (`id`, `name`, `created_at`, `updated_at`) VALUES (2, 'Animi praesentium aut dignissimos vel aut.', '1974-04-13 18:13:45', '2000-10-30 10:10:26');
INSERT INTO `communities` (`id`, `name`, `created_at`, `updated_at`) VALUES (3, 'Commodi veniam ratione debitis dolores est vel.', '2007-07-05 22:46:22', '1976-06-01 22:56:56');
INSERT INTO `communities` (`id`, `name`, `created_at`, `updated_at`) VALUES (4, 'Quisquam ut modi ipsa nihil dolore.', '1988-04-16 08:04:07', '2009-04-08 19:03:37');
INSERT INTO `communities` (`id`, `name`, `created_at`, `updated_at`) VALUES (5, 'Autem rem corrupti maiores sed qui velit et.', '1990-03-07 15:01:42', '1988-08-18 19:15:15');
INSERT INTO `communities` (`id`, `name`, `created_at`, `updated_at`) VALUES (6, 'Aliquam dolores eum est voluptatum est possimus sunt.', '1971-07-29 06:09:45', '1979-01-07 23:16:00');
INSERT INTO `communities` (`id`, `name`, `created_at`, `updated_at`) VALUES (7, 'Porro unde ipsam earum consequuntur iure dolorem rerum.', '1984-02-11 17:13:52', '2016-02-02 04:28:40');
INSERT INTO `communities` (`id`, `name`, `created_at`, `updated_at`) VALUES (8, 'Accusantium enim et necessitatibus error earum.', '1986-05-16 12:58:42', '1999-03-31 03:46:28');
INSERT INTO `communities` (`id`, `name`, `created_at`, `updated_at`) VALUES (9, 'Eaque illum veniam nemo consequatur sint maiores ut.', '1971-04-22 15:27:37', '2008-10-19 07:18:34');
INSERT INTO `communities` (`id`, `name`, `created_at`, `updated_at`) VALUES (10, 'Sunt laudantium dolorem rem ut inventore magnam aut velit.', '2004-03-03 03:39:55', '1985-01-01 15:14:55');
INSERT INTO `communities` (`id`, `name`, `created_at`, `updated_at`) VALUES (11, 'Et atque blanditiis itaque enim a qui qui.', '2003-02-21 14:06:36', '1984-08-01 13:10:34');
INSERT INTO `communities` (`id`, `name`, `created_at`, `updated_at`) VALUES (12, 'Cum exercitationem aliquam provident libero soluta.', '2017-11-27 11:51:03', '1999-05-07 12:12:28');
INSERT INTO `communities` (`id`, `name`, `created_at`, `updated_at`) VALUES (13, 'Consequatur eos fuga laboriosam consectetur quibusdam nesciunt.', '1985-05-25 23:34:06', '1987-12-20 02:58:22');
INSERT INTO `communities` (`id`, `name`, `created_at`, `updated_at`) VALUES (14, 'Vitae culpa qui nulla.', '2010-05-11 21:32:06', '1971-12-24 22:16:54');
INSERT INTO `communities` (`id`, `name`, `created_at`, `updated_at`) VALUES (15, 'Iure molestiae et qui sed voluptas mollitia.', '1984-08-24 00:07:31', '2016-05-23 10:46:49');
INSERT INTO `communities` (`id`, `name`, `created_at`, `updated_at`) VALUES (16, 'Sint omnis libero ab numquam suscipit.', '1975-02-07 02:54:23', '1981-06-30 09:43:01');
INSERT INTO `communities` (`id`, `name`, `created_at`, `updated_at`) VALUES (17, 'Velit numquam quibusdam inventore omnis distinctio.', '1979-02-04 08:36:04', '2006-10-05 01:57:59');
INSERT INTO `communities` (`id`, `name`, `created_at`, `updated_at`) VALUES (18, 'Tempora eveniet sed sint commodi officia voluptatem.', '1992-12-08 23:23:03', '1984-12-07 10:35:23');
INSERT INTO `communities` (`id`, `name`, `created_at`, `updated_at`) VALUES (19, 'Facere commodi sunt est voluptatem nisi rerum aliquam.', '2019-04-19 16:03:32', '2017-04-25 21:03:10');
INSERT INTO `communities` (`id`, `name`, `created_at`, `updated_at`) VALUES (20, 'Eligendi error debitis soluta aperiam unde optio est quam.', '1982-11-24 15:47:44', '1972-02-17 13:16:15');


#
# TABLE STRUCTURE FOR: communities_users
#

DROP TABLE IF EXISTS `communities_users`;

CREATE TABLE `communities_users` (
  `community_id` int(10) unsigned NOT NULL COMMENT 'Ссылка на группу',
  `user_id` int(10) unsigned NOT NULL COMMENT 'Ссылка на пользователя',
  `created_at` datetime DEFAULT current_timestamp() COMMENT 'Время создания строки',
  PRIMARY KEY (`community_id`,`user_id`) COMMENT 'Составной первичный ключ'
) ENGINE=InnoDB DEFAULT CHARSET=utf8 COLLATE=utf8_unicode_ci COMMENT='Участники групп, связь между пользователями и группами';

INSERT INTO `communities_users` (`community_id`, `user_id`, `created_at`) VALUES (1, 9, '1987-01-31 22:23:27');
INSERT INTO `communities_users` (`community_id`, `user_id`, `created_at`) VALUES (1, 12, '1998-03-13 03:11:34');
INSERT INTO `communities_users` (`community_id`, `user_id`, `created_at`) VALUES (1, 46, '1993-08-28 00:29:26');
INSERT INTO `communities_users` (`community_id`, `user_id`, `created_at`) VALUES (1, 56, '1987-06-29 14:18:19');
INSERT INTO `communities_users` (`community_id`, `user_id`, `created_at`) VALUES (1, 94, '1978-11-16 03:51:20');
INSERT INTO `communities_users` (`community_id`, `user_id`, `created_at`) VALUES (2, 3, '1979-10-04 23:24:23');
INSERT INTO `communities_users` (`community_id`, `user_id`, `created_at`) VALUES (2, 12, '2014-04-23 06:32:47');
INSERT INTO `communities_users` (`community_id`, `user_id`, `created_at`) VALUES (2, 46, '1971-06-23 11:36:59');
INSERT INTO `communities_users` (`community_id`, `user_id`, `created_at`) VALUES (2, 64, '1977-10-15 05:11:30');
INSERT INTO `communities_users` (`community_id`, `user_id`, `created_at`) VALUES (2, 87, '1998-11-03 03:59:56');
INSERT INTO `communities_users` (`community_id`, `user_id`, `created_at`) VALUES (2, 88, '1999-12-21 13:45:06');
INSERT INTO `communities_users` (`community_id`, `user_id`, `created_at`) VALUES (2, 106, '1992-02-19 09:29:22');
INSERT INTO `communities_users` (`community_id`, `user_id`, `created_at`) VALUES (3, 2, '1979-11-17 15:36:56');
INSERT INTO `communities_users` (`community_id`, `user_id`, `created_at`) VALUES (3, 3, '2008-05-13 08:36:10');
INSERT INTO `communities_users` (`community_id`, `user_id`, `created_at`) VALUES (3, 44, '2013-02-06 18:56:45');
INSERT INTO `communities_users` (`community_id`, `user_id`, `created_at`) VALUES (3, 46, '1974-05-21 18:23:05');
INSERT INTO `communities_users` (`community_id`, `user_id`, `created_at`) VALUES (3, 55, '1990-06-14 16:43:30');
INSERT INTO `communities_users` (`community_id`, `user_id`, `created_at`) VALUES (3, 73, '1990-04-07 11:21:45');
INSERT INTO `communities_users` (`community_id`, `user_id`, `created_at`) VALUES (3, 88, '1992-12-06 00:49:57');
INSERT INTO `communities_users` (`community_id`, `user_id`, `created_at`) VALUES (4, 29, '1994-05-31 16:23:23');
INSERT INTO `communities_users` (`community_id`, `user_id`, `created_at`) VALUES (4, 94, '2004-05-20 16:34:22');
INSERT INTO `communities_users` (`community_id`, `user_id`, `created_at`) VALUES (5, 21, '2001-01-10 06:19:24');
INSERT INTO `communities_users` (`community_id`, `user_id`, `created_at`) VALUES (5, 66, '2020-07-18 17:23:11');
INSERT INTO `communities_users` (`community_id`, `user_id`, `created_at`) VALUES (5, 69, '1971-05-11 00:53:06');
INSERT INTO `communities_users` (`community_id`, `user_id`, `created_at`) VALUES (5, 75, '2007-04-04 01:41:05');
INSERT INTO `communities_users` (`community_id`, `user_id`, `created_at`) VALUES (5, 94, '1974-06-13 02:47:16');
INSERT INTO `communities_users` (`community_id`, `user_id`, `created_at`) VALUES (5, 104, '1978-03-21 14:31:28');
INSERT INTO `communities_users` (`community_id`, `user_id`, `created_at`) VALUES (6, 5, '2016-05-19 09:26:11');
INSERT INTO `communities_users` (`community_id`, `user_id`, `created_at`) VALUES (6, 22, '1974-11-23 22:37:47');
INSERT INTO `communities_users` (`community_id`, `user_id`, `created_at`) VALUES (6, 43, '2017-04-13 18:51:21');
INSERT INTO `communities_users` (`community_id`, `user_id`, `created_at`) VALUES (6, 52, '2008-04-07 12:17:08');
INSERT INTO `communities_users` (`community_id`, `user_id`, `created_at`) VALUES (6, 85, '2009-12-28 13:24:59');
INSERT INTO `communities_users` (`community_id`, `user_id`, `created_at`) VALUES (7, 45, '1995-05-26 09:23:11');
INSERT INTO `communities_users` (`community_id`, `user_id`, `created_at`) VALUES (7, 59, '2014-02-25 22:59:14');
INSERT INTO `communities_users` (`community_id`, `user_id`, `created_at`) VALUES (7, 71, '1970-04-13 10:41:05');
INSERT INTO `communities_users` (`community_id`, `user_id`, `created_at`) VALUES (8, 17, '2008-01-26 07:21:21');
INSERT INTO `communities_users` (`community_id`, `user_id`, `created_at`) VALUES (8, 87, '1990-11-10 21:38:17');
INSERT INTO `communities_users` (`community_id`, `user_id`, `created_at`) VALUES (9, 16, '1980-08-22 09:19:16');
INSERT INTO `communities_users` (`community_id`, `user_id`, `created_at`) VALUES (9, 45, '1987-12-28 22:27:15');
INSERT INTO `communities_users` (`community_id`, `user_id`, `created_at`) VALUES (9, 55, '2001-12-12 03:56:40');
INSERT INTO `communities_users` (`community_id`, `user_id`, `created_at`) VALUES (10, 12, '1995-10-20 06:57:33');
INSERT INTO `communities_users` (`community_id`, `user_id`, `created_at`) VALUES (10, 39, '2003-03-08 02:11:05');
INSERT INTO `communities_users` (`community_id`, `user_id`, `created_at`) VALUES (10, 56, '2017-10-14 21:19:35');
INSERT INTO `communities_users` (`community_id`, `user_id`, `created_at`) VALUES (10, 61, '2010-09-07 16:59:35');
INSERT INTO `communities_users` (`community_id`, `user_id`, `created_at`) VALUES (10, 75, '1989-08-05 12:18:03');
INSERT INTO `communities_users` (`community_id`, `user_id`, `created_at`) VALUES (11, 2, '1978-11-03 02:50:20');
INSERT INTO `communities_users` (`community_id`, `user_id`, `created_at`) VALUES (11, 14, '1991-08-15 02:18:41');
INSERT INTO `communities_users` (`community_id`, `user_id`, `created_at`) VALUES (11, 30, '1981-10-08 00:37:27');
INSERT INTO `communities_users` (`community_id`, `user_id`, `created_at`) VALUES (11, 35, '1994-09-24 14:45:54');
INSERT INTO `communities_users` (`community_id`, `user_id`, `created_at`) VALUES (11, 42, '1986-12-11 16:19:21');
INSERT INTO `communities_users` (`community_id`, `user_id`, `created_at`) VALUES (12, 36, '1980-09-22 06:00:55');
INSERT INTO `communities_users` (`community_id`, `user_id`, `created_at`) VALUES (12, 43, '2008-10-29 05:27:48');
INSERT INTO `communities_users` (`community_id`, `user_id`, `created_at`) VALUES (12, 64, '1999-10-13 14:28:30');
INSERT INTO `communities_users` (`community_id`, `user_id`, `created_at`) VALUES (12, 68, '1991-07-29 19:46:41');
INSERT INTO `communities_users` (`community_id`, `user_id`, `created_at`) VALUES (12, 92, '1989-12-27 17:03:47');
INSERT INTO `communities_users` (`community_id`, `user_id`, `created_at`) VALUES (13, 42, '1974-12-03 15:11:19');
INSERT INTO `communities_users` (`community_id`, `user_id`, `created_at`) VALUES (13, 47, '2012-10-31 20:03:59');
INSERT INTO `communities_users` (`community_id`, `user_id`, `created_at`) VALUES (13, 54, '1975-06-08 07:24:12');
INSERT INTO `communities_users` (`community_id`, `user_id`, `created_at`) VALUES (13, 67, '1997-01-16 22:58:20');
INSERT INTO `communities_users` (`community_id`, `user_id`, `created_at`) VALUES (13, 74, '1990-02-02 17:19:06');
INSERT INTO `communities_users` (`community_id`, `user_id`, `created_at`) VALUES (13, 101, '1996-03-18 18:50:33');
INSERT INTO `communities_users` (`community_id`, `user_id`, `created_at`) VALUES (14, 8, '1972-09-14 21:58:21');
INSERT INTO `communities_users` (`community_id`, `user_id`, `created_at`) VALUES (14, 23, '1972-04-14 03:13:28');
INSERT INTO `communities_users` (`community_id`, `user_id`, `created_at`) VALUES (14, 47, '2008-01-31 14:42:35');
INSERT INTO `communities_users` (`community_id`, `user_id`, `created_at`) VALUES (14, 57, '2015-01-26 18:54:56');
INSERT INTO `communities_users` (`community_id`, `user_id`, `created_at`) VALUES (14, 66, '1998-06-29 15:05:35');
INSERT INTO `communities_users` (`community_id`, `user_id`, `created_at`) VALUES (14, 73, '1971-10-10 03:14:44');
INSERT INTO `communities_users` (`community_id`, `user_id`, `created_at`) VALUES (14, 93, '1980-02-09 16:38:30');
INSERT INTO `communities_users` (`community_id`, `user_id`, `created_at`) VALUES (15, 10, '1989-09-19 04:30:01');
INSERT INTO `communities_users` (`community_id`, `user_id`, `created_at`) VALUES (15, 30, '1976-12-11 06:52:22');
INSERT INTO `communities_users` (`community_id`, `user_id`, `created_at`) VALUES (15, 54, '2006-04-14 01:50:07');
INSERT INTO `communities_users` (`community_id`, `user_id`, `created_at`) VALUES (15, 55, '2009-08-27 15:24:25');
INSERT INTO `communities_users` (`community_id`, `user_id`, `created_at`) VALUES (15, 100, '2006-01-22 23:23:49');
INSERT INTO `communities_users` (`community_id`, `user_id`, `created_at`) VALUES (16, 12, '1989-11-17 22:50:01');
INSERT INTO `communities_users` (`community_id`, `user_id`, `created_at`) VALUES (16, 28, '1970-11-17 15:38:05');
INSERT INTO `communities_users` (`community_id`, `user_id`, `created_at`) VALUES (16, 53, '2011-03-09 15:26:43');
INSERT INTO `communities_users` (`community_id`, `user_id`, `created_at`) VALUES (16, 68, '2019-03-19 14:39:32');
INSERT INTO `communities_users` (`community_id`, `user_id`, `created_at`) VALUES (16, 101, '2016-10-27 13:16:43');
INSERT INTO `communities_users` (`community_id`, `user_id`, `created_at`) VALUES (17, 13, '1993-08-24 11:27:10');
INSERT INTO `communities_users` (`community_id`, `user_id`, `created_at`) VALUES (17, 19, '1973-10-17 00:11:56');
INSERT INTO `communities_users` (`community_id`, `user_id`, `created_at`) VALUES (17, 29, '2015-02-01 17:41:29');
INSERT INTO `communities_users` (`community_id`, `user_id`, `created_at`) VALUES (17, 85, '2000-01-27 14:22:23');
INSERT INTO `communities_users` (`community_id`, `user_id`, `created_at`) VALUES (18, 43, '2019-03-10 20:36:19');
INSERT INTO `communities_users` (`community_id`, `user_id`, `created_at`) VALUES (18, 59, '1987-06-01 11:45:16');
INSERT INTO `communities_users` (`community_id`, `user_id`, `created_at`) VALUES (18, 71, '1975-07-25 16:37:18');
INSERT INTO `communities_users` (`community_id`, `user_id`, `created_at`) VALUES (18, 73, '2001-03-26 17:21:53');
INSERT INTO `communities_users` (`community_id`, `user_id`, `created_at`) VALUES (18, 96, '1975-04-11 01:33:10');
INSERT INTO `communities_users` (`community_id`, `user_id`, `created_at`) VALUES (18, 102, '2015-11-19 01:08:58');
INSERT INTO `communities_users` (`community_id`, `user_id`, `created_at`) VALUES (19, 10, '1992-07-13 12:24:28');
INSERT INTO `communities_users` (`community_id`, `user_id`, `created_at`) VALUES (19, 14, '1971-03-20 12:21:26');
INSERT INTO `communities_users` (`community_id`, `user_id`, `created_at`) VALUES (19, 50, '2000-04-03 09:14:41');
INSERT INTO `communities_users` (`community_id`, `user_id`, `created_at`) VALUES (19, 66, '2003-10-24 12:11:38');
INSERT INTO `communities_users` (`community_id`, `user_id`, `created_at`) VALUES (19, 92, '2012-12-06 23:04:37');
INSERT INTO `communities_users` (`community_id`, `user_id`, `created_at`) VALUES (19, 101, '1986-05-06 19:36:07');
INSERT INTO `communities_users` (`community_id`, `user_id`, `created_at`) VALUES (20, 47, '1997-05-11 11:17:03');
INSERT INTO `communities_users` (`community_id`, `user_id`, `created_at`) VALUES (20, 54, '2010-11-10 07:45:12');
INSERT INTO `communities_users` (`community_id`, `user_id`, `created_at`) VALUES (20, 73, '1981-02-26 20:05:04');
INSERT INTO `communities_users` (`community_id`, `user_id`, `created_at`) VALUES (20, 84, '1979-08-10 11:30:36');
INSERT INTO `communities_users` (`community_id`, `user_id`, `created_at`) VALUES (20, 93, '1988-12-17 08:35:29');
INSERT INTO `communities_users` (`community_id`, `user_id`, `created_at`) VALUES (20, 109, '1994-11-27 19:06:08');


#
# TABLE STRUCTURE FOR: friendship
#

DROP TABLE IF EXISTS `friendship`;

CREATE TABLE `friendship` (
  `user_id` int(10) unsigned NOT NULL COMMENT 'Ссылка на инициатора дружеских отношений',
  `friend_id` int(10) unsigned NOT NULL COMMENT 'Ссылка на получателя приглашения дружить',
  `status_id` int(10) unsigned NOT NULL COMMENT 'Ссылка на статус (текущее состояние) отношений',
  `requested_at` datetime DEFAULT current_timestamp() COMMENT 'Время отправления приглашения дружить',
  `confirmed_at` datetime DEFAULT NULL COMMENT 'Время подтверждения приглашения',
  `created_at` datetime DEFAULT current_timestamp() COMMENT 'Время создания строки',
  `updated_at` datetime DEFAULT current_timestamp() ON UPDATE current_timestamp() COMMENT 'Время обновления строки',
  PRIMARY KEY (`user_id`,`friend_id`) COMMENT 'Составной первичный ключ'
) ENGINE=InnoDB DEFAULT CHARSET=utf8 COLLATE=utf8_unicode_ci COMMENT='Таблица дружбы';

INSERT INTO `friendship` (`user_id`, `friend_id`, `status_id`, `requested_at`, `confirmed_at`, `created_at`, `updated_at`) VALUES (2, 15, 2, '1982-12-11 08:43:29', '1997-01-29 19:33:07', '2010-08-20 11:18:19', '1991-05-15 02:37:48');
INSERT INTO `friendship` (`user_id`, `friend_id`, `status_id`, `requested_at`, `confirmed_at`, `created_at`, `updated_at`) VALUES (2, 66, 2, '1976-09-11 11:29:01', '1976-09-30 19:36:49', '1983-11-30 12:00:15', '1988-12-09 14:41:06');
INSERT INTO `friendship` (`user_id`, `friend_id`, `status_id`, `requested_at`, `confirmed_at`, `created_at`, `updated_at`) VALUES (2, 93, 1, '2000-11-22 15:20:22', '0000-00-00 00:00:00', '1970-08-20 12:23:38', '1971-01-18 03:46:38');
INSERT INTO `friendship` (`user_id`, `friend_id`, `status_id`, `requested_at`, `confirmed_at`, `created_at`, `updated_at`) VALUES (3, 80, 5, '1997-09-13 13:39:14', '1974-09-30 17:26:03', '1998-11-26 12:45:11', '1994-04-14 21:57:04');
INSERT INTO `friendship` (`user_id`, `friend_id`, `status_id`, `requested_at`, `confirmed_at`, `created_at`, `updated_at`) VALUES (4, 7, 4, '1986-12-23 11:55:10', '0000-00-00 00:00:00', '1977-07-18 13:16:35', '2001-12-22 23:34:58');
INSERT INTO `friendship` (`user_id`, `friend_id`, `status_id`, `requested_at`, `confirmed_at`, `created_at`, `updated_at`) VALUES (4, 16, 4, '2000-04-10 08:53:43', '0000-00-00 00:00:00', '1988-03-20 08:13:35', '1990-06-27 10:52:28');
INSERT INTO `friendship` (`user_id`, `friend_id`, `status_id`, `requested_at`, `confirmed_at`, `created_at`, `updated_at`) VALUES (4, 110, 4, '2014-08-07 00:27:28', '1975-08-18 04:08:15', '1972-04-12 19:05:58', '1987-12-27 23:22:54');
INSERT INTO `friendship` (`user_id`, `friend_id`, `status_id`, `requested_at`, `confirmed_at`, `created_at`, `updated_at`) VALUES (5, 63, 1, '1990-03-29 19:48:42', '1975-08-14 01:09:03', '1979-10-15 01:28:30', '1979-03-11 23:33:08');
INSERT INTO `friendship` (`user_id`, `friend_id`, `status_id`, `requested_at`, `confirmed_at`, `created_at`, `updated_at`) VALUES (5, 68, 2, '2020-06-12 22:37:22', '0000-00-00 00:00:00', '1991-01-17 23:13:36', '1972-08-28 12:35:12');
INSERT INTO `friendship` (`user_id`, `friend_id`, `status_id`, `requested_at`, `confirmed_at`, `created_at`, `updated_at`) VALUES (8, 34, 3, '1978-07-13 17:32:24', '0000-00-00 00:00:00', '1975-08-29 03:47:38', '1972-09-08 17:50:03');
INSERT INTO `friendship` (`user_id`, `friend_id`, `status_id`, `requested_at`, `confirmed_at`, `created_at`, `updated_at`) VALUES (8, 87, 4, '1996-01-15 15:37:09', '0000-00-00 00:00:00', '1985-10-03 04:11:42', '1985-04-28 23:54:47');
INSERT INTO `friendship` (`user_id`, `friend_id`, `status_id`, `requested_at`, `confirmed_at`, `created_at`, `updated_at`) VALUES (9, 53, 4, '2005-09-30 22:13:19', '2019-05-26 20:01:40', '1986-06-29 07:56:15', '1973-02-11 09:30:58');
INSERT INTO `friendship` (`user_id`, `friend_id`, `status_id`, `requested_at`, `confirmed_at`, `created_at`, `updated_at`) VALUES (10, 92, 4, '1999-08-10 07:57:19', '0000-00-00 00:00:00', '2012-04-03 01:40:14', '1988-08-01 10:23:33');
INSERT INTO `friendship` (`user_id`, `friend_id`, `status_id`, `requested_at`, `confirmed_at`, `created_at`, `updated_at`) VALUES (10, 106, 4, '1971-12-28 00:20:03', '0000-00-00 00:00:00', '1995-05-25 11:00:50', '1974-04-13 17:06:39');
INSERT INTO `friendship` (`user_id`, `friend_id`, `status_id`, `requested_at`, `confirmed_at`, `created_at`, `updated_at`) VALUES (11, 74, 2, '2003-04-09 17:10:50', '0000-00-00 00:00:00', '1997-05-22 05:37:41', '1970-10-18 06:24:48');
INSERT INTO `friendship` (`user_id`, `friend_id`, `status_id`, `requested_at`, `confirmed_at`, `created_at`, `updated_at`) VALUES (12, 57, 2, '2020-04-16 15:11:34', '1983-05-23 06:30:11', '2017-05-04 22:21:52', '2002-08-07 02:38:52');
INSERT INTO `friendship` (`user_id`, `friend_id`, `status_id`, `requested_at`, `confirmed_at`, `created_at`, `updated_at`) VALUES (12, 97, 2, '2019-04-27 03:50:49', '2016-01-29 01:29:50', '1976-04-12 10:17:08', '1972-09-27 17:08:50');
INSERT INTO `friendship` (`user_id`, `friend_id`, `status_id`, `requested_at`, `confirmed_at`, `created_at`, `updated_at`) VALUES (14, 6, 4, '1996-11-15 02:20:20', '0000-00-00 00:00:00', '2005-11-14 19:08:40', '1974-09-04 21:20:54');
INSERT INTO `friendship` (`user_id`, `friend_id`, `status_id`, `requested_at`, `confirmed_at`, `created_at`, `updated_at`) VALUES (15, 3, 4, '1999-05-02 18:17:38', '0000-00-00 00:00:00', '1979-01-24 23:15:10', '1994-01-25 19:16:57');
INSERT INTO `friendship` (`user_id`, `friend_id`, `status_id`, `requested_at`, `confirmed_at`, `created_at`, `updated_at`) VALUES (15, 7, 2, '2008-12-19 04:36:19', '0000-00-00 00:00:00', '1973-12-24 13:19:26', '1975-02-03 21:21:48');
INSERT INTO `friendship` (`user_id`, `friend_id`, `status_id`, `requested_at`, `confirmed_at`, `created_at`, `updated_at`) VALUES (15, 20, 5, '1994-06-15 04:53:33', '0000-00-00 00:00:00', '1992-06-20 05:04:54', '2019-05-09 04:15:51');
INSERT INTO `friendship` (`user_id`, `friend_id`, `status_id`, `requested_at`, `confirmed_at`, `created_at`, `updated_at`) VALUES (15, 94, 2, '1983-11-06 03:11:06', '0000-00-00 00:00:00', '1981-01-20 01:31:06', '2002-09-10 23:17:45');
INSERT INTO `friendship` (`user_id`, `friend_id`, `status_id`, `requested_at`, `confirmed_at`, `created_at`, `updated_at`) VALUES (16, 18, 2, '1980-02-15 12:31:46', '2002-04-15 16:57:21', '1973-02-04 17:44:29', '1982-09-27 00:42:43');
INSERT INTO `friendship` (`user_id`, `friend_id`, `status_id`, `requested_at`, `confirmed_at`, `created_at`, `updated_at`) VALUES (16, 38, 5, '2009-05-06 13:57:54', '2006-03-24 20:28:43', '1977-11-04 17:41:22', '2019-01-24 07:18:16');
INSERT INTO `friendship` (`user_id`, `friend_id`, `status_id`, `requested_at`, `confirmed_at`, `created_at`, `updated_at`) VALUES (16, 44, 2, '1999-05-27 01:30:28', '1990-03-29 23:22:38', '2018-03-10 21:42:43', '1983-08-25 10:24:03');
INSERT INTO `friendship` (`user_id`, `friend_id`, `status_id`, `requested_at`, `confirmed_at`, `created_at`, `updated_at`) VALUES (17, 26, 1, '2006-07-05 11:47:56', '0000-00-00 00:00:00', '2004-02-04 14:35:28', '1976-12-04 09:04:42');
INSERT INTO `friendship` (`user_id`, `friend_id`, `status_id`, `requested_at`, `confirmed_at`, `created_at`, `updated_at`) VALUES (19, 17, 1, '1993-04-23 23:50:22', '0000-00-00 00:00:00', '1984-08-09 22:40:50', '1983-09-25 18:50:10');
INSERT INTO `friendship` (`user_id`, `friend_id`, `status_id`, `requested_at`, `confirmed_at`, `created_at`, `updated_at`) VALUES (20, 52, 1, '1980-12-14 23:09:46', '0000-00-00 00:00:00', '2004-06-23 20:41:51', '1986-10-23 13:35:30');
INSERT INTO `friendship` (`user_id`, `friend_id`, `status_id`, `requested_at`, `confirmed_at`, `created_at`, `updated_at`) VALUES (20, 100, 1, '1980-12-05 01:56:15', '0000-00-00 00:00:00', '1995-08-14 23:12:26', '1982-01-03 09:48:55');
INSERT INTO `friendship` (`user_id`, `friend_id`, `status_id`, `requested_at`, `confirmed_at`, `created_at`, `updated_at`) VALUES (21, 37, 4, '1976-12-06 03:10:50', '1991-08-19 00:44:06', '1978-11-27 14:39:31', '2001-12-24 16:36:09');
INSERT INTO `friendship` (`user_id`, `friend_id`, `status_id`, `requested_at`, `confirmed_at`, `created_at`, `updated_at`) VALUES (21, 70, 1, '2004-02-04 12:32:55', '0000-00-00 00:00:00', '1996-02-09 08:30:32', '2016-02-01 14:40:59');
INSERT INTO `friendship` (`user_id`, `friend_id`, `status_id`, `requested_at`, `confirmed_at`, `created_at`, `updated_at`) VALUES (21, 81, 1, '1989-03-06 15:18:36', '0000-00-00 00:00:00', '2016-11-23 02:38:58', '1976-04-07 01:58:29');
INSERT INTO `friendship` (`user_id`, `friend_id`, `status_id`, `requested_at`, `confirmed_at`, `created_at`, `updated_at`) VALUES (21, 89, 1, '2016-10-23 02:18:17', '0000-00-00 00:00:00', '1989-04-09 17:47:04', '2018-11-23 08:35:47');
INSERT INTO `friendship` (`user_id`, `friend_id`, `status_id`, `requested_at`, `confirmed_at`, `created_at`, `updated_at`) VALUES (23, 59, 1, '2017-04-26 23:45:09', '0000-00-00 00:00:00', '1996-06-01 13:56:12', '2016-04-19 06:22:42');
INSERT INTO `friendship` (`user_id`, `friend_id`, `status_id`, `requested_at`, `confirmed_at`, `created_at`, `updated_at`) VALUES (23, 95, 4, '2007-12-02 15:01:51', '1993-06-12 07:45:46', '1998-10-26 09:03:22', '1987-03-30 12:16:48');
INSERT INTO `friendship` (`user_id`, `friend_id`, `status_id`, `requested_at`, `confirmed_at`, `created_at`, `updated_at`) VALUES (25, 30, 3, '2019-05-24 16:39:33', '0000-00-00 00:00:00', '1992-09-29 00:29:40', '2001-09-05 12:51:04');
INSERT INTO `friendship` (`user_id`, `friend_id`, `status_id`, `requested_at`, `confirmed_at`, `created_at`, `updated_at`) VALUES (27, 45, 1, '2001-03-06 21:56:48', '0000-00-00 00:00:00', '1996-07-09 20:02:21', '1982-10-31 10:37:03');
INSERT INTO `friendship` (`user_id`, `friend_id`, `status_id`, `requested_at`, `confirmed_at`, `created_at`, `updated_at`) VALUES (27, 95, 4, '1985-02-18 22:55:43', '2010-12-23 18:49:27', '1970-07-01 00:50:25', '2005-05-29 23:45:06');
INSERT INTO `friendship` (`user_id`, `friend_id`, `status_id`, `requested_at`, `confirmed_at`, `created_at`, `updated_at`) VALUES (28, 20, 3, '1973-01-13 06:18:40', '2015-10-06 10:01:13', '1987-12-07 04:59:36', '2016-06-16 09:10:27');
INSERT INTO `friendship` (`user_id`, `friend_id`, `status_id`, `requested_at`, `confirmed_at`, `created_at`, `updated_at`) VALUES (28, 41, 4, '1992-06-18 09:05:40', '0000-00-00 00:00:00', '1984-01-03 15:42:05', '1974-08-26 20:21:29');
INSERT INTO `friendship` (`user_id`, `friend_id`, `status_id`, `requested_at`, `confirmed_at`, `created_at`, `updated_at`) VALUES (29, 52, 5, '2010-03-21 01:29:00', '0000-00-00 00:00:00', '1985-11-01 02:21:23', '1972-10-12 23:23:33');
INSERT INTO `friendship` (`user_id`, `friend_id`, `status_id`, `requested_at`, `confirmed_at`, `created_at`, `updated_at`) VALUES (29, 90, 5, '1996-11-11 05:20:55', '0000-00-00 00:00:00', '1987-07-06 16:41:59', '2007-01-17 00:44:53');
INSERT INTO `friendship` (`user_id`, `friend_id`, `status_id`, `requested_at`, `confirmed_at`, `created_at`, `updated_at`) VALUES (29, 95, 5, '2008-07-25 10:22:16', '1999-01-16 13:09:29', '1990-11-06 00:30:50', '1992-09-05 21:50:59');
INSERT INTO `friendship` (`user_id`, `friend_id`, `status_id`, `requested_at`, `confirmed_at`, `created_at`, `updated_at`) VALUES (31, 94, 2, '1993-07-01 05:53:41', '0000-00-00 00:00:00', '1987-01-28 20:55:33', '2012-01-10 15:24:23');
INSERT INTO `friendship` (`user_id`, `friend_id`, `status_id`, `requested_at`, `confirmed_at`, `created_at`, `updated_at`) VALUES (31, 96, 1, '2012-10-13 14:20:55', '0000-00-00 00:00:00', '1998-03-28 13:06:56', '1995-12-09 06:27:49');
INSERT INTO `friendship` (`user_id`, `friend_id`, `status_id`, `requested_at`, `confirmed_at`, `created_at`, `updated_at`) VALUES (32, 5, 5, '1991-10-29 08:55:21', '0000-00-00 00:00:00', '1977-01-04 14:32:00', '1975-04-11 18:14:01');
INSERT INTO `friendship` (`user_id`, `friend_id`, `status_id`, `requested_at`, `confirmed_at`, `created_at`, `updated_at`) VALUES (32, 45, 5, '1978-06-22 03:58:23', '0000-00-00 00:00:00', '2007-02-04 03:24:17', '1982-12-04 13:09:12');
INSERT INTO `friendship` (`user_id`, `friend_id`, `status_id`, `requested_at`, `confirmed_at`, `created_at`, `updated_at`) VALUES (32, 104, 4, '1990-01-09 17:41:12', '1975-07-15 05:47:07', '2020-05-14 03:34:34', '2007-01-31 02:53:21');
INSERT INTO `friendship` (`user_id`, `friend_id`, `status_id`, `requested_at`, `confirmed_at`, `created_at`, `updated_at`) VALUES (35, 29, 2, '1994-03-12 18:06:06', '1991-04-11 20:38:02', '2005-02-24 08:46:48', '2000-09-01 00:56:07');
INSERT INTO `friendship` (`user_id`, `friend_id`, `status_id`, `requested_at`, `confirmed_at`, `created_at`, `updated_at`) VALUES (35, 58, 1, '1990-05-24 19:17:17', '2007-06-17 23:57:52', '1994-01-12 22:05:31', '1970-02-08 09:55:04');
INSERT INTO `friendship` (`user_id`, `friend_id`, `status_id`, `requested_at`, `confirmed_at`, `created_at`, `updated_at`) VALUES (37, 11, 4, '2017-06-01 21:13:16', '0000-00-00 00:00:00', '1988-09-04 23:12:21', '1990-06-16 02:36:58');
INSERT INTO `friendship` (`user_id`, `friend_id`, `status_id`, `requested_at`, `confirmed_at`, `created_at`, `updated_at`) VALUES (37, 41, 2, '1994-10-29 06:42:27', '1974-03-30 19:53:15', '1991-05-24 11:26:51', '2011-06-21 04:02:39');
INSERT INTO `friendship` (`user_id`, `friend_id`, `status_id`, `requested_at`, `confirmed_at`, `created_at`, `updated_at`) VALUES (39, 35, 4, '1999-09-14 07:11:25', '0000-00-00 00:00:00', '1978-01-13 20:46:06', '1989-06-01 03:42:11');
INSERT INTO `friendship` (`user_id`, `friend_id`, `status_id`, `requested_at`, `confirmed_at`, `created_at`, `updated_at`) VALUES (39, 66, 2, '1976-01-19 22:51:59', '0000-00-00 00:00:00', '1991-09-04 23:38:14', '2011-08-07 16:40:50');
INSERT INTO `friendship` (`user_id`, `friend_id`, `status_id`, `requested_at`, `confirmed_at`, `created_at`, `updated_at`) VALUES (40, 10, 2, '2001-03-16 14:10:06', '0000-00-00 00:00:00', '1991-06-25 16:07:35', '2017-12-16 16:19:55');
INSERT INTO `friendship` (`user_id`, `friend_id`, `status_id`, `requested_at`, `confirmed_at`, `created_at`, `updated_at`) VALUES (40, 35, 1, '1985-07-21 00:34:27', '0000-00-00 00:00:00', '2012-06-09 00:20:58', '2003-05-22 05:44:04');
INSERT INTO `friendship` (`user_id`, `friend_id`, `status_id`, `requested_at`, `confirmed_at`, `created_at`, `updated_at`) VALUES (40, 69, 1, '2007-02-15 06:02:03', '1982-07-29 13:31:48', '2014-08-05 23:49:27', '1976-05-31 08:51:10');
INSERT INTO `friendship` (`user_id`, `friend_id`, `status_id`, `requested_at`, `confirmed_at`, `created_at`, `updated_at`) VALUES (40, 101, 1, '1990-08-07 08:02:31', '2006-07-16 01:17:27', '1978-05-21 11:12:18', '1972-12-04 23:10:01');
INSERT INTO `friendship` (`user_id`, `friend_id`, `status_id`, `requested_at`, `confirmed_at`, `created_at`, `updated_at`) VALUES (40, 102, 5, '2003-05-07 13:59:46', '2015-12-09 22:29:37', '1987-09-01 09:08:42', '2018-04-12 08:10:33');
INSERT INTO `friendship` (`user_id`, `friend_id`, `status_id`, `requested_at`, `confirmed_at`, `created_at`, `updated_at`) VALUES (40, 105, 5, '2013-03-13 22:14:35', '1987-06-23 14:00:31', '2013-03-20 01:42:13', '2003-12-10 22:34:32');
INSERT INTO `friendship` (`user_id`, `friend_id`, `status_id`, `requested_at`, `confirmed_at`, `created_at`, `updated_at`) VALUES (41, 11, 4, '1979-05-26 10:27:21', '1988-04-10 14:57:15', '2008-05-12 11:26:20', '2018-01-28 06:37:53');
INSERT INTO `friendship` (`user_id`, `friend_id`, `status_id`, `requested_at`, `confirmed_at`, `created_at`, `updated_at`) VALUES (41, 21, 3, '1974-01-21 06:15:14', '1984-10-20 01:13:00', '1985-11-16 21:45:15', '1973-09-06 16:53:07');
INSERT INTO `friendship` (`user_id`, `friend_id`, `status_id`, `requested_at`, `confirmed_at`, `created_at`, `updated_at`) VALUES (41, 29, 3, '1978-08-10 02:27:28', '0000-00-00 00:00:00', '1976-10-09 03:39:08', '1982-03-27 00:56:03');
INSERT INTO `friendship` (`user_id`, `friend_id`, `status_id`, `requested_at`, `confirmed_at`, `created_at`, `updated_at`) VALUES (42, 7, 5, '2010-12-03 15:03:58', '0000-00-00 00:00:00', '2015-01-31 03:59:05', '1995-12-22 14:36:25');
INSERT INTO `friendship` (`user_id`, `friend_id`, `status_id`, `requested_at`, `confirmed_at`, `created_at`, `updated_at`) VALUES (42, 19, 2, '1997-03-14 15:07:27', '1985-11-27 14:53:05', '1988-04-03 18:06:06', '2009-01-18 07:31:15');
INSERT INTO `friendship` (`user_id`, `friend_id`, `status_id`, `requested_at`, `confirmed_at`, `created_at`, `updated_at`) VALUES (42, 79, 4, '2011-02-11 20:39:47', '0000-00-00 00:00:00', '1996-10-12 05:33:16', '1985-07-29 06:49:15');
INSERT INTO `friendship` (`user_id`, `friend_id`, `status_id`, `requested_at`, `confirmed_at`, `created_at`, `updated_at`) VALUES (42, 86, 5, '2010-01-21 02:11:19', '1970-08-31 21:48:56', '1993-04-25 16:35:11', '1982-09-30 23:45:48');
INSERT INTO `friendship` (`user_id`, `friend_id`, `status_id`, `requested_at`, `confirmed_at`, `created_at`, `updated_at`) VALUES (43, 20, 2, '1999-11-18 08:25:08', '1983-07-06 01:04:00', '1978-07-23 00:14:02', '1984-10-20 04:59:05');
INSERT INTO `friendship` (`user_id`, `friend_id`, `status_id`, `requested_at`, `confirmed_at`, `created_at`, `updated_at`) VALUES (43, 49, 5, '1994-11-28 21:14:21', '1985-11-19 04:04:34', '1996-03-07 16:27:59', '1995-02-24 21:48:13');
INSERT INTO `friendship` (`user_id`, `friend_id`, `status_id`, `requested_at`, `confirmed_at`, `created_at`, `updated_at`) VALUES (44, 40, 1, '2002-11-29 15:29:03', '2002-06-29 08:56:54', '1978-04-16 20:05:31', '2020-02-19 00:16:14');
INSERT INTO `friendship` (`user_id`, `friend_id`, `status_id`, `requested_at`, `confirmed_at`, `created_at`, `updated_at`) VALUES (44, 52, 2, '1997-12-27 01:45:11', '0000-00-00 00:00:00', '2002-12-12 18:56:50', '1985-08-08 19:55:32');
INSERT INTO `friendship` (`user_id`, `friend_id`, `status_id`, `requested_at`, `confirmed_at`, `created_at`, `updated_at`) VALUES (45, 70, 2, '1978-11-22 08:29:59', '1992-01-08 02:52:44', '1974-03-22 03:35:03', '1980-04-10 21:59:41');
INSERT INTO `friendship` (`user_id`, `friend_id`, `status_id`, `requested_at`, `confirmed_at`, `created_at`, `updated_at`) VALUES (45, 73, 5, '1978-05-02 14:12:36', '1976-11-04 00:20:48', '1982-10-17 00:15:38', '2001-06-19 00:45:15');
INSERT INTO `friendship` (`user_id`, `friend_id`, `status_id`, `requested_at`, `confirmed_at`, `created_at`, `updated_at`) VALUES (45, 101, 2, '2020-06-25 18:32:29', '2011-08-13 11:46:45', '1999-02-18 15:09:02', '1991-11-02 13:50:18');
INSERT INTO `friendship` (`user_id`, `friend_id`, `status_id`, `requested_at`, `confirmed_at`, `created_at`, `updated_at`) VALUES (46, 46, 5, '1980-03-27 01:13:44', '0000-00-00 00:00:00', '1981-05-07 07:17:03', '1992-12-14 16:14:44');
INSERT INTO `friendship` (`user_id`, `friend_id`, `status_id`, `requested_at`, `confirmed_at`, `created_at`, `updated_at`) VALUES (46, 86, 5, '1971-11-10 14:41:37', '0000-00-00 00:00:00', '1997-06-22 08:37:04', '1994-12-09 06:49:43');
INSERT INTO `friendship` (`user_id`, `friend_id`, `status_id`, `requested_at`, `confirmed_at`, `created_at`, `updated_at`) VALUES (47, 42, 3, '2020-05-29 22:11:25', '2005-04-30 14:55:34', '1972-02-13 12:56:36', '1973-10-02 06:46:45');
INSERT INTO `friendship` (`user_id`, `friend_id`, `status_id`, `requested_at`, `confirmed_at`, `created_at`, `updated_at`) VALUES (47, 45, 4, '2017-07-17 03:18:06', '0000-00-00 00:00:00', '2001-10-03 22:59:30', '2017-12-23 03:16:54');
INSERT INTO `friendship` (`user_id`, `friend_id`, `status_id`, `requested_at`, `confirmed_at`, `created_at`, `updated_at`) VALUES (48, 65, 3, '1973-04-11 14:15:13', '1999-05-18 09:49:04', '2004-06-15 10:25:54', '1989-02-19 15:17:11');
INSERT INTO `friendship` (`user_id`, `friend_id`, `status_id`, `requested_at`, `confirmed_at`, `created_at`, `updated_at`) VALUES (48, 94, 3, '2010-01-03 08:22:27', '1996-09-13 00:08:01', '1985-02-01 16:23:48', '1971-10-28 03:30:49');
INSERT INTO `friendship` (`user_id`, `friend_id`, `status_id`, `requested_at`, `confirmed_at`, `created_at`, `updated_at`) VALUES (49, 18, 4, '2012-10-04 01:07:02', '0000-00-00 00:00:00', '2019-10-23 01:08:27', '1995-10-31 00:56:23');
INSERT INTO `friendship` (`user_id`, `friend_id`, `status_id`, `requested_at`, `confirmed_at`, `created_at`, `updated_at`) VALUES (49, 97, 1, '2005-03-12 08:55:43', '2013-05-31 17:46:47', '1984-10-06 08:37:35', '1973-09-02 01:39:18');
INSERT INTO `friendship` (`user_id`, `friend_id`, `status_id`, `requested_at`, `confirmed_at`, `created_at`, `updated_at`) VALUES (51, 1, 2, '1987-05-26 23:36:57', '2014-02-12 01:03:02', '1991-05-26 16:12:04', '1982-07-18 17:06:31');
INSERT INTO `friendship` (`user_id`, `friend_id`, `status_id`, `requested_at`, `confirmed_at`, `created_at`, `updated_at`) VALUES (51, 41, 2, '2008-08-08 00:14:42', '1991-06-27 05:05:01', '2005-11-27 03:28:38', '1979-12-02 12:28:27');
INSERT INTO `friendship` (`user_id`, `friend_id`, `status_id`, `requested_at`, `confirmed_at`, `created_at`, `updated_at`) VALUES (52, 23, 5, '1996-08-14 19:38:58', '0000-00-00 00:00:00', '2002-01-13 10:57:40', '2010-07-20 08:20:12');
INSERT INTO `friendship` (`user_id`, `friend_id`, `status_id`, `requested_at`, `confirmed_at`, `created_at`, `updated_at`) VALUES (52, 70, 3, '1984-07-18 10:58:40', '0000-00-00 00:00:00', '1984-01-17 13:23:26', '1995-02-01 17:48:39');
INSERT INTO `friendship` (`user_id`, `friend_id`, `status_id`, `requested_at`, `confirmed_at`, `created_at`, `updated_at`) VALUES (52, 76, 2, '1991-10-22 13:50:57', '2016-04-13 10:10:22', '2007-01-11 00:00:04', '2007-12-23 21:59:47');
INSERT INTO `friendship` (`user_id`, `friend_id`, `status_id`, `requested_at`, `confirmed_at`, `created_at`, `updated_at`) VALUES (52, 106, 1, '1982-08-12 23:12:15', '0000-00-00 00:00:00', '2005-03-26 19:29:16', '2017-02-07 10:57:21');
INSERT INTO `friendship` (`user_id`, `friend_id`, `status_id`, `requested_at`, `confirmed_at`, `created_at`, `updated_at`) VALUES (53, 82, 1, '1981-04-24 02:34:39', '1997-07-31 09:45:05', '1983-09-20 16:00:46', '2013-08-27 22:31:28');
INSERT INTO `friendship` (`user_id`, `friend_id`, `status_id`, `requested_at`, `confirmed_at`, `created_at`, `updated_at`) VALUES (53, 87, 4, '1976-09-23 23:43:00', '0000-00-00 00:00:00', '2020-08-14 01:24:17', '1972-02-10 03:14:16');
INSERT INTO `friendship` (`user_id`, `friend_id`, `status_id`, `requested_at`, `confirmed_at`, `created_at`, `updated_at`) VALUES (55, 26, 1, '1977-09-09 10:48:24', '2016-11-23 10:15:57', '1990-12-27 09:24:53', '1977-02-24 07:40:56');
INSERT INTO `friendship` (`user_id`, `friend_id`, `status_id`, `requested_at`, `confirmed_at`, `created_at`, `updated_at`) VALUES (56, 17, 2, '2010-09-12 15:26:10', '2002-02-11 11:53:18', '1971-11-03 15:14:13', '2008-01-17 06:00:55');
INSERT INTO `friendship` (`user_id`, `friend_id`, `status_id`, `requested_at`, `confirmed_at`, `created_at`, `updated_at`) VALUES (58, 17, 2, '2001-09-19 16:20:07', '0000-00-00 00:00:00', '1973-11-18 23:38:13', '1989-05-07 03:11:24');
INSERT INTO `friendship` (`user_id`, `friend_id`, `status_id`, `requested_at`, `confirmed_at`, `created_at`, `updated_at`) VALUES (58, 34, 4, '2011-04-17 14:39:14', '0000-00-00 00:00:00', '2019-01-07 22:19:06', '1979-12-29 05:07:12');
INSERT INTO `friendship` (`user_id`, `friend_id`, `status_id`, `requested_at`, `confirmed_at`, `created_at`, `updated_at`) VALUES (58, 77, 3, '2019-05-01 22:06:30', '2014-08-01 22:05:35', '1978-05-20 22:00:38', '2000-05-04 14:44:44');
INSERT INTO `friendship` (`user_id`, `friend_id`, `status_id`, `requested_at`, `confirmed_at`, `created_at`, `updated_at`) VALUES (58, 80, 4, '1997-03-12 21:59:20', '2010-03-26 20:30:16', '1986-01-11 14:38:15', '1972-11-15 01:48:06');
INSERT INTO `friendship` (`user_id`, `friend_id`, `status_id`, `requested_at`, `confirmed_at`, `created_at`, `updated_at`) VALUES (60, 61, 5, '2012-01-05 05:05:46', '0000-00-00 00:00:00', '2018-04-06 05:15:02', '1976-06-03 10:19:06');
INSERT INTO `friendship` (`user_id`, `friend_id`, `status_id`, `requested_at`, `confirmed_at`, `created_at`, `updated_at`) VALUES (60, 67, 4, '1986-09-24 03:42:39', '0000-00-00 00:00:00', '1983-03-26 05:28:07', '2005-10-24 20:56:52');
INSERT INTO `friendship` (`user_id`, `friend_id`, `status_id`, `requested_at`, `confirmed_at`, `created_at`, `updated_at`) VALUES (61, 12, 4, '1974-07-01 02:13:15', '1991-07-23 07:09:05', '1971-01-21 21:52:01', '2007-02-17 06:26:18');
INSERT INTO `friendship` (`user_id`, `friend_id`, `status_id`, `requested_at`, `confirmed_at`, `created_at`, `updated_at`) VALUES (62, 19, 2, '1988-03-11 00:10:13', '2007-07-25 12:21:28', '2017-01-12 02:24:32', '2005-07-17 10:39:23');
INSERT INTO `friendship` (`user_id`, `friend_id`, `status_id`, `requested_at`, `confirmed_at`, `created_at`, `updated_at`) VALUES (62, 39, 3, '2018-03-08 10:45:14', '0000-00-00 00:00:00', '1999-11-18 12:22:25', '1995-01-16 16:25:27');
INSERT INTO `friendship` (`user_id`, `friend_id`, `status_id`, `requested_at`, `confirmed_at`, `created_at`, `updated_at`) VALUES (62, 110, 4, '1975-12-30 02:33:34', '0000-00-00 00:00:00', '2013-03-19 18:18:35', '1980-12-18 02:30:00');
INSERT INTO `friendship` (`user_id`, `friend_id`, `status_id`, `requested_at`, `confirmed_at`, `created_at`, `updated_at`) VALUES (63, 19, 5, '1977-12-15 23:35:51', '2020-06-08 00:53:50', '1973-10-01 12:38:32', '1991-01-14 10:26:03');
INSERT INTO `friendship` (`user_id`, `friend_id`, `status_id`, `requested_at`, `confirmed_at`, `created_at`, `updated_at`) VALUES (63, 29, 5, '2020-05-28 01:01:17', '1976-03-11 05:24:39', '1972-12-22 09:48:38', '1974-10-31 17:11:01');
INSERT INTO `friendship` (`user_id`, `friend_id`, `status_id`, `requested_at`, `confirmed_at`, `created_at`, `updated_at`) VALUES (63, 49, 3, '1979-05-16 13:21:18', '1997-10-27 12:42:10', '1971-07-11 13:49:48', '2013-12-25 18:34:11');
INSERT INTO `friendship` (`user_id`, `friend_id`, `status_id`, `requested_at`, `confirmed_at`, `created_at`, `updated_at`) VALUES (63, 70, 3, '1975-11-27 20:57:04', '1987-11-19 11:27:57', '2008-10-13 14:32:47', '2011-03-22 04:18:52');
INSERT INTO `friendship` (`user_id`, `friend_id`, `status_id`, `requested_at`, `confirmed_at`, `created_at`, `updated_at`) VALUES (63, 85, 4, '1975-04-01 04:35:46', '2012-05-21 04:18:27', '1984-09-19 22:51:49', '1985-04-12 08:35:08');
INSERT INTO `friendship` (`user_id`, `friend_id`, `status_id`, `requested_at`, `confirmed_at`, `created_at`, `updated_at`) VALUES (64, 16, 1, '2010-11-10 17:44:38', '1987-07-02 23:45:40', '1977-02-16 15:09:12', '2003-10-30 20:08:31');
INSERT INTO `friendship` (`user_id`, `friend_id`, `status_id`, `requested_at`, `confirmed_at`, `created_at`, `updated_at`) VALUES (64, 38, 2, '2004-06-28 18:59:10', '0000-00-00 00:00:00', '2020-03-20 11:15:53', '1993-09-22 11:58:14');
INSERT INTO `friendship` (`user_id`, `friend_id`, `status_id`, `requested_at`, `confirmed_at`, `created_at`, `updated_at`) VALUES (64, 43, 1, '2006-12-15 23:43:57', '0000-00-00 00:00:00', '2011-11-26 14:06:58', '2001-05-29 03:23:19');
INSERT INTO `friendship` (`user_id`, `friend_id`, `status_id`, `requested_at`, `confirmed_at`, `created_at`, `updated_at`) VALUES (64, 50, 5, '2000-05-01 03:36:46', '0000-00-00 00:00:00', '2012-12-25 08:07:48', '1984-09-19 09:18:13');
INSERT INTO `friendship` (`user_id`, `friend_id`, `status_id`, `requested_at`, `confirmed_at`, `created_at`, `updated_at`) VALUES (64, 87, 1, '1971-10-26 10:23:04', '1984-05-14 06:47:12', '1971-09-16 14:29:34', '2015-05-08 18:09:25');
INSERT INTO `friendship` (`user_id`, `friend_id`, `status_id`, `requested_at`, `confirmed_at`, `created_at`, `updated_at`) VALUES (65, 55, 2, '2016-11-30 12:24:18', '1985-06-19 12:28:21', '2014-08-02 03:01:17', '1997-01-22 04:33:42');
INSERT INTO `friendship` (`user_id`, `friend_id`, `status_id`, `requested_at`, `confirmed_at`, `created_at`, `updated_at`) VALUES (67, 34, 5, '1985-10-17 10:38:32', '0000-00-00 00:00:00', '1994-07-02 22:57:56', '1994-09-25 03:42:30');
INSERT INTO `friendship` (`user_id`, `friend_id`, `status_id`, `requested_at`, `confirmed_at`, `created_at`, `updated_at`) VALUES (67, 83, 3, '1982-06-25 11:46:37', '0000-00-00 00:00:00', '2013-11-24 06:52:30', '2010-09-03 15:07:40');
INSERT INTO `friendship` (`user_id`, `friend_id`, `status_id`, `requested_at`, `confirmed_at`, `created_at`, `updated_at`) VALUES (67, 109, 5, '1997-07-06 14:09:20', '2002-09-17 12:27:19', '1989-01-11 21:56:16', '1997-08-04 13:39:53');
INSERT INTO `friendship` (`user_id`, `friend_id`, `status_id`, `requested_at`, `confirmed_at`, `created_at`, `updated_at`) VALUES (68, 63, 3, '1979-08-17 19:08:32', '0000-00-00 00:00:00', '1977-08-03 16:51:43', '1977-12-01 20:15:15');
INSERT INTO `friendship` (`user_id`, `friend_id`, `status_id`, `requested_at`, `confirmed_at`, `created_at`, `updated_at`) VALUES (68, 75, 2, '1999-02-22 07:20:03', '2003-03-23 08:41:15', '2013-06-15 21:56:32', '2015-09-21 16:41:45');
INSERT INTO `friendship` (`user_id`, `friend_id`, `status_id`, `requested_at`, `confirmed_at`, `created_at`, `updated_at`) VALUES (68, 81, 3, '1996-04-20 20:31:13', '1977-06-12 17:39:09', '1981-09-10 17:28:47', '1991-04-01 20:07:01');
INSERT INTO `friendship` (`user_id`, `friend_id`, `status_id`, `requested_at`, `confirmed_at`, `created_at`, `updated_at`) VALUES (69, 48, 2, '2018-11-23 03:09:04', '0000-00-00 00:00:00', '1975-06-27 18:33:08', '1974-03-25 08:02:44');
INSERT INTO `friendship` (`user_id`, `friend_id`, `status_id`, `requested_at`, `confirmed_at`, `created_at`, `updated_at`) VALUES (71, 100, 5, '1994-09-14 15:30:26', '0000-00-00 00:00:00', '1990-07-04 15:37:59', '1995-06-14 06:09:12');
INSERT INTO `friendship` (`user_id`, `friend_id`, `status_id`, `requested_at`, `confirmed_at`, `created_at`, `updated_at`) VALUES (72, 72, 5, '2011-09-23 01:47:25', '1973-12-27 19:30:07', '1992-07-07 07:38:45', '2006-03-21 21:20:22');
INSERT INTO `friendship` (`user_id`, `friend_id`, `status_id`, `requested_at`, `confirmed_at`, `created_at`, `updated_at`) VALUES (73, 41, 1, '2010-07-07 19:57:22', '0000-00-00 00:00:00', '2019-12-26 23:59:45', '1971-10-07 10:01:57');
INSERT INTO `friendship` (`user_id`, `friend_id`, `status_id`, `requested_at`, `confirmed_at`, `created_at`, `updated_at`) VALUES (74, 17, 5, '2015-12-14 20:06:23', '2005-07-30 07:50:57', '1975-11-15 02:40:49', '1992-10-26 09:40:19');
INSERT INTO `friendship` (`user_id`, `friend_id`, `status_id`, `requested_at`, `confirmed_at`, `created_at`, `updated_at`) VALUES (74, 34, 2, '2011-07-22 01:17:20', '0000-00-00 00:00:00', '2016-07-27 10:32:42', '2009-05-23 20:40:49');
INSERT INTO `friendship` (`user_id`, `friend_id`, `status_id`, `requested_at`, `confirmed_at`, `created_at`, `updated_at`) VALUES (74, 59, 5, '1976-06-26 22:39:04', '0000-00-00 00:00:00', '1970-04-21 04:11:04', '1982-11-18 21:38:09');
INSERT INTO `friendship` (`user_id`, `friend_id`, `status_id`, `requested_at`, `confirmed_at`, `created_at`, `updated_at`) VALUES (75, 22, 3, '2012-08-04 17:45:41', '1990-09-19 08:49:16', '2010-07-23 06:49:00', '2000-08-23 20:22:24');
INSERT INTO `friendship` (`user_id`, `friend_id`, `status_id`, `requested_at`, `confirmed_at`, `created_at`, `updated_at`) VALUES (75, 44, 3, '1989-01-02 12:42:57', '2002-06-30 12:03:35', '2010-07-18 04:29:23', '1999-04-09 02:40:27');
INSERT INTO `friendship` (`user_id`, `friend_id`, `status_id`, `requested_at`, `confirmed_at`, `created_at`, `updated_at`) VALUES (75, 95, 2, '1991-07-12 20:05:37', '0000-00-00 00:00:00', '1987-02-11 05:01:45', '1999-04-04 15:36:42');
INSERT INTO `friendship` (`user_id`, `friend_id`, `status_id`, `requested_at`, `confirmed_at`, `created_at`, `updated_at`) VALUES (77, 11, 2, '1974-08-14 03:27:14', '0000-00-00 00:00:00', '1982-08-01 07:49:49', '1970-09-02 21:31:02');
INSERT INTO `friendship` (`user_id`, `friend_id`, `status_id`, `requested_at`, `confirmed_at`, `created_at`, `updated_at`) VALUES (79, 81, 5, '1997-11-03 15:53:17', '0000-00-00 00:00:00', '1993-11-25 21:30:25', '2015-02-07 22:49:28');
INSERT INTO `friendship` (`user_id`, `friend_id`, `status_id`, `requested_at`, `confirmed_at`, `created_at`, `updated_at`) VALUES (80, 110, 2, '1991-03-28 08:11:43', '0000-00-00 00:00:00', '1972-10-19 18:57:13', '1980-05-14 10:33:23');
INSERT INTO `friendship` (`user_id`, `friend_id`, `status_id`, `requested_at`, `confirmed_at`, `created_at`, `updated_at`) VALUES (82, 18, 4, '1986-06-10 05:36:50', '0000-00-00 00:00:00', '2006-11-05 05:50:28', '1995-11-20 22:02:00');
INSERT INTO `friendship` (`user_id`, `friend_id`, `status_id`, `requested_at`, `confirmed_at`, `created_at`, `updated_at`) VALUES (82, 67, 3, '1979-02-26 03:03:11', '0000-00-00 00:00:00', '2015-12-30 17:34:44', '1972-06-15 05:58:08');
INSERT INTO `friendship` (`user_id`, `friend_id`, `status_id`, `requested_at`, `confirmed_at`, `created_at`, `updated_at`) VALUES (82, 107, 4, '2012-05-26 06:55:09', '2018-01-13 13:30:58', '1996-09-05 09:44:51', '2008-01-16 01:33:36');
INSERT INTO `friendship` (`user_id`, `friend_id`, `status_id`, `requested_at`, `confirmed_at`, `created_at`, `updated_at`) VALUES (83, 17, 1, '1997-04-27 04:45:42', '2011-10-20 05:55:51', '1991-06-20 09:42:53', '2009-09-18 04:18:56');
INSERT INTO `friendship` (`user_id`, `friend_id`, `status_id`, `requested_at`, `confirmed_at`, `created_at`, `updated_at`) VALUES (83, 64, 3, '1998-06-25 16:33:14', '1988-05-30 11:59:11', '1973-11-22 08:08:19', '1973-03-30 20:26:48');
INSERT INTO `friendship` (`user_id`, `friend_id`, `status_id`, `requested_at`, `confirmed_at`, `created_at`, `updated_at`) VALUES (83, 105, 4, '1996-02-06 04:59:16', '0000-00-00 00:00:00', '2014-01-21 04:55:31', '1993-06-09 19:05:23');
INSERT INTO `friendship` (`user_id`, `friend_id`, `status_id`, `requested_at`, `confirmed_at`, `created_at`, `updated_at`) VALUES (84, 71, 3, '2020-01-25 03:55:17', '0000-00-00 00:00:00', '2016-12-20 21:54:50', '2014-12-19 09:56:26');
INSERT INTO `friendship` (`user_id`, `friend_id`, `status_id`, `requested_at`, `confirmed_at`, `created_at`, `updated_at`) VALUES (85, 17, 3, '1981-01-24 11:35:41', '2019-09-02 01:53:33', '2008-10-19 21:21:59', '1970-12-30 02:09:51');
INSERT INTO `friendship` (`user_id`, `friend_id`, `status_id`, `requested_at`, `confirmed_at`, `created_at`, `updated_at`) VALUES (85, 36, 5, '1997-06-08 23:05:28', '0000-00-00 00:00:00', '2014-07-23 01:17:55', '1986-05-03 10:49:32');
INSERT INTO `friendship` (`user_id`, `friend_id`, `status_id`, `requested_at`, `confirmed_at`, `created_at`, `updated_at`) VALUES (85, 83, 5, '1987-05-15 00:04:22', '0000-00-00 00:00:00', '1996-08-19 12:02:45', '1984-11-17 06:31:21');
INSERT INTO `friendship` (`user_id`, `friend_id`, `status_id`, `requested_at`, `confirmed_at`, `created_at`, `updated_at`) VALUES (85, 99, 3, '2013-09-19 17:45:41', '1983-06-11 06:05:24', '1996-10-10 03:29:40', '2006-12-24 23:03:42');
INSERT INTO `friendship` (`user_id`, `friend_id`, `status_id`, `requested_at`, `confirmed_at`, `created_at`, `updated_at`) VALUES (87, 5, 5, '1970-06-12 19:19:31', '0000-00-00 00:00:00', '2001-07-20 19:34:59', '1983-01-04 14:02:54');
INSERT INTO `friendship` (`user_id`, `friend_id`, `status_id`, `requested_at`, `confirmed_at`, `created_at`, `updated_at`) VALUES (87, 10, 2, '1971-08-21 20:52:21', '2003-05-09 09:16:27', '2020-06-14 12:47:50', '1980-08-27 09:17:31');
INSERT INTO `friendship` (`user_id`, `friend_id`, `status_id`, `requested_at`, `confirmed_at`, `created_at`, `updated_at`) VALUES (87, 39, 3, '1979-08-02 12:34:51', '0000-00-00 00:00:00', '2000-12-25 13:06:06', '2018-04-23 08:15:42');
INSERT INTO `friendship` (`user_id`, `friend_id`, `status_id`, `requested_at`, `confirmed_at`, `created_at`, `updated_at`) VALUES (88, 18, 5, '1995-06-28 13:49:14', '1982-06-23 08:28:36', '2019-01-25 04:35:00', '1991-09-26 01:23:23');
INSERT INTO `friendship` (`user_id`, `friend_id`, `status_id`, `requested_at`, `confirmed_at`, `created_at`, `updated_at`) VALUES (88, 27, 3, '1980-05-24 16:15:25', '2012-08-16 21:37:27', '1981-01-25 19:47:51', '1978-10-02 23:44:11');
INSERT INTO `friendship` (`user_id`, `friend_id`, `status_id`, `requested_at`, `confirmed_at`, `created_at`, `updated_at`) VALUES (88, 43, 1, '1999-05-01 05:12:17', '1973-04-10 10:05:17', '2014-10-05 09:02:39', '1979-05-01 05:53:48');
INSERT INTO `friendship` (`user_id`, `friend_id`, `status_id`, `requested_at`, `confirmed_at`, `created_at`, `updated_at`) VALUES (88, 61, 1, '1987-05-30 12:44:32', '0000-00-00 00:00:00', '1985-10-13 18:36:13', '1974-01-22 17:15:36');
INSERT INTO `friendship` (`user_id`, `friend_id`, `status_id`, `requested_at`, `confirmed_at`, `created_at`, `updated_at`) VALUES (88, 82, 4, '1976-07-30 22:10:00', '2014-10-31 10:05:30', '1983-10-03 07:46:41', '2019-03-01 16:55:34');
INSERT INTO `friendship` (`user_id`, `friend_id`, `status_id`, `requested_at`, `confirmed_at`, `created_at`, `updated_at`) VALUES (89, 26, 1, '2007-08-15 10:06:47', '1985-01-30 18:37:06', '1980-06-27 18:14:22', '2012-03-18 19:40:18');
INSERT INTO `friendship` (`user_id`, `friend_id`, `status_id`, `requested_at`, `confirmed_at`, `created_at`, `updated_at`) VALUES (89, 104, 2, '1995-01-21 04:01:24', '2007-03-03 15:48:59', '1977-02-14 18:38:22', '2011-10-15 06:55:20');
INSERT INTO `friendship` (`user_id`, `friend_id`, `status_id`, `requested_at`, `confirmed_at`, `created_at`, `updated_at`) VALUES (90, 75, 3, '1970-07-09 04:36:32', '1973-09-27 12:52:29', '2005-10-11 14:46:10', '2015-12-22 10:45:13');
INSERT INTO `friendship` (`user_id`, `friend_id`, `status_id`, `requested_at`, `confirmed_at`, `created_at`, `updated_at`) VALUES (91, 20, 3, '2020-02-12 01:54:10', '0000-00-00 00:00:00', '2016-12-31 23:17:53', '1983-12-08 17:28:53');
INSERT INTO `friendship` (`user_id`, `friend_id`, `status_id`, `requested_at`, `confirmed_at`, `created_at`, `updated_at`) VALUES (91, 41, 5, '2017-12-06 23:56:02', '0000-00-00 00:00:00', '1970-03-26 23:01:25', '1993-02-21 01:45:14');
INSERT INTO `friendship` (`user_id`, `friend_id`, `status_id`, `requested_at`, `confirmed_at`, `created_at`, `updated_at`) VALUES (92, 1, 5, '1974-12-31 17:19:33', '1979-12-10 01:00:17', '1997-01-19 07:01:35', '2020-05-21 14:59:19');
INSERT INTO `friendship` (`user_id`, `friend_id`, `status_id`, `requested_at`, `confirmed_at`, `created_at`, `updated_at`) VALUES (92, 19, 3, '2017-02-25 20:57:59', '0000-00-00 00:00:00', '1971-11-19 12:16:12', '1986-01-10 10:30:24');
INSERT INTO `friendship` (`user_id`, `friend_id`, `status_id`, `requested_at`, `confirmed_at`, `created_at`, `updated_at`) VALUES (92, 45, 4, '1995-10-26 13:24:12', '2002-02-02 12:27:39', '1982-11-06 12:51:15', '2012-08-27 05:07:08');
INSERT INTO `friendship` (`user_id`, `friend_id`, `status_id`, `requested_at`, `confirmed_at`, `created_at`, `updated_at`) VALUES (92, 59, 5, '1979-08-23 05:04:52', '0000-00-00 00:00:00', '1977-08-07 03:52:22', '2015-07-25 00:08:54');
INSERT INTO `friendship` (`user_id`, `friend_id`, `status_id`, `requested_at`, `confirmed_at`, `created_at`, `updated_at`) VALUES (92, 104, 1, '1986-07-28 05:31:45', '0000-00-00 00:00:00', '1993-05-22 15:36:03', '2007-03-26 10:48:02');
INSERT INTO `friendship` (`user_id`, `friend_id`, `status_id`, `requested_at`, `confirmed_at`, `created_at`, `updated_at`) VALUES (93, 18, 3, '1994-11-15 02:47:26', '1980-05-22 13:44:47', '2000-05-04 21:16:17', '2000-05-05 23:11:18');
INSERT INTO `friendship` (`user_id`, `friend_id`, `status_id`, `requested_at`, `confirmed_at`, `created_at`, `updated_at`) VALUES (93, 39, 2, '1970-02-04 02:32:40', '2005-04-09 06:10:52', '1973-02-04 02:34:01', '2004-05-25 04:51:01');
INSERT INTO `friendship` (`user_id`, `friend_id`, `status_id`, `requested_at`, `confirmed_at`, `created_at`, `updated_at`) VALUES (93, 78, 2, '2002-05-19 12:11:41', '1974-02-04 12:25:58', '1974-01-19 09:49:53', '1989-09-20 04:23:17');
INSERT INTO `friendship` (`user_id`, `friend_id`, `status_id`, `requested_at`, `confirmed_at`, `created_at`, `updated_at`) VALUES (94, 38, 5, '2000-11-29 20:59:35', '2005-01-14 08:03:02', '2005-06-08 22:21:13', '1975-01-01 01:31:01');
INSERT INTO `friendship` (`user_id`, `friend_id`, `status_id`, `requested_at`, `confirmed_at`, `created_at`, `updated_at`) VALUES (95, 16, 5, '2012-04-30 22:34:47', '0000-00-00 00:00:00', '2019-05-25 02:15:12', '2014-03-16 07:52:15');
INSERT INTO `friendship` (`user_id`, `friend_id`, `status_id`, `requested_at`, `confirmed_at`, `created_at`, `updated_at`) VALUES (95, 38, 2, '2018-03-02 09:34:51', '1973-11-27 03:33:27', '1990-06-29 06:16:33', '2013-12-30 02:16:44');
INSERT INTO `friendship` (`user_id`, `friend_id`, `status_id`, `requested_at`, `confirmed_at`, `created_at`, `updated_at`) VALUES (95, 107, 2, '2000-12-08 15:17:58', '0000-00-00 00:00:00', '1971-02-09 07:05:26', '2004-07-05 18:30:16');
INSERT INTO `friendship` (`user_id`, `friend_id`, `status_id`, `requested_at`, `confirmed_at`, `created_at`, `updated_at`) VALUES (96, 10, 5, '2005-07-28 23:16:47', '1981-04-10 19:14:53', '1986-01-27 23:13:27', '2000-10-07 15:46:39');
INSERT INTO `friendship` (`user_id`, `friend_id`, `status_id`, `requested_at`, `confirmed_at`, `created_at`, `updated_at`) VALUES (96, 11, 3, '1988-11-02 18:10:36', '2014-08-02 04:57:46', '1979-01-18 00:53:56', '1996-10-18 18:13:03');
INSERT INTO `friendship` (`user_id`, `friend_id`, `status_id`, `requested_at`, `confirmed_at`, `created_at`, `updated_at`) VALUES (96, 61, 3, '2012-07-31 08:40:45', '2016-11-05 11:40:27', '1991-11-21 08:19:34', '1976-05-17 06:00:36');
INSERT INTO `friendship` (`user_id`, `friend_id`, `status_id`, `requested_at`, `confirmed_at`, `created_at`, `updated_at`) VALUES (97, 56, 4, '1995-02-25 03:10:20', '0000-00-00 00:00:00', '1992-09-03 02:29:05', '2001-04-02 06:35:23');
INSERT INTO `friendship` (`user_id`, `friend_id`, `status_id`, `requested_at`, `confirmed_at`, `created_at`, `updated_at`) VALUES (97, 78, 1, '2001-05-09 03:44:15', '0000-00-00 00:00:00', '1994-05-04 21:38:34', '2014-01-15 03:23:44');
INSERT INTO `friendship` (`user_id`, `friend_id`, `status_id`, `requested_at`, `confirmed_at`, `created_at`, `updated_at`) VALUES (97, 83, 2, '1975-03-21 07:17:31', '0000-00-00 00:00:00', '1997-05-18 00:08:04', '1975-12-21 01:57:43');
INSERT INTO `friendship` (`user_id`, `friend_id`, `status_id`, `requested_at`, `confirmed_at`, `created_at`, `updated_at`) VALUES (98, 26, 5, '2009-10-26 12:43:12', '1975-12-24 20:09:26', '1978-11-19 16:16:52', '1974-01-31 16:46:49');
INSERT INTO `friendship` (`user_id`, `friend_id`, `status_id`, `requested_at`, `confirmed_at`, `created_at`, `updated_at`) VALUES (98, 27, 1, '1989-05-23 09:55:21', '0000-00-00 00:00:00', '1989-11-27 14:27:58', '2019-04-12 11:15:05');
INSERT INTO `friendship` (`user_id`, `friend_id`, `status_id`, `requested_at`, `confirmed_at`, `created_at`, `updated_at`) VALUES (98, 46, 2, '2005-03-03 20:05:32', '0000-00-00 00:00:00', '1975-11-20 04:48:29', '2005-01-20 00:46:44');
INSERT INTO `friendship` (`user_id`, `friend_id`, `status_id`, `requested_at`, `confirmed_at`, `created_at`, `updated_at`) VALUES (98, 53, 4, '2008-02-04 20:08:18', '0000-00-00 00:00:00', '2020-03-07 01:15:49', '1988-06-03 11:28:29');
INSERT INTO `friendship` (`user_id`, `friend_id`, `status_id`, `requested_at`, `confirmed_at`, `created_at`, `updated_at`) VALUES (98, 102, 5, '1980-02-18 10:10:08', '1978-06-27 09:13:56', '1999-09-16 03:54:20', '1994-12-27 21:03:57');
INSERT INTO `friendship` (`user_id`, `friend_id`, `status_id`, `requested_at`, `confirmed_at`, `created_at`, `updated_at`) VALUES (99, 68, 4, '1989-12-18 01:20:04', '0000-00-00 00:00:00', '1984-08-19 23:20:16', '2005-02-12 07:04:52');
INSERT INTO `friendship` (`user_id`, `friend_id`, `status_id`, `requested_at`, `confirmed_at`, `created_at`, `updated_at`) VALUES (99, 83, 5, '1977-04-27 12:13:45', '0000-00-00 00:00:00', '1975-11-30 03:06:28', '2003-08-26 11:19:57');
INSERT INTO `friendship` (`user_id`, `friend_id`, `status_id`, `requested_at`, `confirmed_at`, `created_at`, `updated_at`) VALUES (100, 32, 3, '2019-03-19 22:59:11', '0000-00-00 00:00:00', '1994-10-07 20:53:31', '2002-04-19 00:47:21');
INSERT INTO `friendship` (`user_id`, `friend_id`, `status_id`, `requested_at`, `confirmed_at`, `created_at`, `updated_at`) VALUES (102, 106, 1, '1971-09-14 03:33:05', '1975-07-10 12:28:18', '1993-03-28 06:01:59', '2000-08-07 04:02:50');
INSERT INTO `friendship` (`user_id`, `friend_id`, `status_id`, `requested_at`, `confirmed_at`, `created_at`, `updated_at`) VALUES (103, 3, 1, '1979-08-09 05:36:28', '0000-00-00 00:00:00', '1976-09-22 09:22:04', '1979-04-05 14:34:29');
INSERT INTO `friendship` (`user_id`, `friend_id`, `status_id`, `requested_at`, `confirmed_at`, `created_at`, `updated_at`) VALUES (103, 23, 3, '2016-06-16 14:18:33', '1976-02-13 03:05:21', '2020-02-14 02:34:38', '1975-08-03 07:45:02');
INSERT INTO `friendship` (`user_id`, `friend_id`, `status_id`, `requested_at`, `confirmed_at`, `created_at`, `updated_at`) VALUES (103, 44, 3, '1991-12-26 13:24:02', '0000-00-00 00:00:00', '2010-02-16 23:17:00', '2017-11-17 19:47:51');
INSERT INTO `friendship` (`user_id`, `friend_id`, `status_id`, `requested_at`, `confirmed_at`, `created_at`, `updated_at`) VALUES (105, 56, 5, '1999-03-10 15:48:13', '0000-00-00 00:00:00', '2012-03-19 09:03:48', '1970-01-06 05:17:13');
INSERT INTO `friendship` (`user_id`, `friend_id`, `status_id`, `requested_at`, `confirmed_at`, `created_at`, `updated_at`) VALUES (106, 57, 5, '1981-06-15 22:58:39', '1971-04-16 14:20:11', '2007-08-22 23:54:30', '2010-10-03 02:43:43');
INSERT INTO `friendship` (`user_id`, `friend_id`, `status_id`, `requested_at`, `confirmed_at`, `created_at`, `updated_at`) VALUES (106, 62, 4, '1978-10-16 19:34:11', '0000-00-00 00:00:00', '2000-05-04 06:41:46', '2016-06-26 15:57:30');
INSERT INTO `friendship` (`user_id`, `friend_id`, `status_id`, `requested_at`, `confirmed_at`, `created_at`, `updated_at`) VALUES (106, 99, 2, '1988-06-03 13:41:45', '2001-08-12 14:18:50', '2000-11-01 11:02:54', '1987-02-07 17:12:28');
INSERT INTO `friendship` (`user_id`, `friend_id`, `status_id`, `requested_at`, `confirmed_at`, `created_at`, `updated_at`) VALUES (107, 16, 2, '2004-05-08 05:53:20', '2018-03-11 06:44:50', '2016-03-07 21:24:49', '2010-09-11 00:26:45');
INSERT INTO `friendship` (`user_id`, `friend_id`, `status_id`, `requested_at`, `confirmed_at`, `created_at`, `updated_at`) VALUES (107, 90, 2, '1989-07-13 10:34:52', '0000-00-00 00:00:00', '1981-07-14 12:38:05', '2006-11-23 12:32:02');
INSERT INTO `friendship` (`user_id`, `friend_id`, `status_id`, `requested_at`, `confirmed_at`, `created_at`, `updated_at`) VALUES (108, 22, 3, '1981-12-11 23:00:23', '0000-00-00 00:00:00', '1973-12-03 03:17:59', '2010-05-30 14:03:55');
INSERT INTO `friendship` (`user_id`, `friend_id`, `status_id`, `requested_at`, `confirmed_at`, `created_at`, `updated_at`) VALUES (108, 43, 4, '1975-09-10 19:32:56', '0000-00-00 00:00:00', '1974-01-27 17:39:44', '1990-07-22 01:14:41');
INSERT INTO `friendship` (`user_id`, `friend_id`, `status_id`, `requested_at`, `confirmed_at`, `created_at`, `updated_at`) VALUES (109, 53, 5, '2020-07-09 08:24:06', '0000-00-00 00:00:00', '1992-11-10 01:33:41', '1982-10-07 09:12:21');
INSERT INTO `friendship` (`user_id`, `friend_id`, `status_id`, `requested_at`, `confirmed_at`, `created_at`, `updated_at`) VALUES (110, 56, 3, '2003-06-22 03:17:47', '0000-00-00 00:00:00', '2018-02-03 23:49:59', '2011-09-30 17:19:43');
INSERT INTO `friendship` (`user_id`, `friend_id`, `status_id`, `requested_at`, `confirmed_at`, `created_at`, `updated_at`) VALUES (110, 82, 3, '2019-04-01 23:55:05', '1987-04-10 21:57:34', '1996-10-17 08:31:44', '1971-03-27 14:48:19');


#
# TABLE STRUCTURE FOR: friendship_statuses
#

DROP TABLE IF EXISTS `friendship_statuses`;

CREATE TABLE `friendship_statuses` (
  `id` int(10) unsigned NOT NULL AUTO_INCREMENT COMMENT 'Идентификатор строки',
  `name` varchar(150) COLLATE utf8_unicode_ci NOT NULL COMMENT 'Название статуса',
  `created_at` datetime DEFAULT current_timestamp() COMMENT 'Время создания строки',
  `updated_at` datetime DEFAULT current_timestamp() ON UPDATE current_timestamp() COMMENT 'Время обновления строки',
  PRIMARY KEY (`id`),
  UNIQUE KEY `name` (`name`)
) ENGINE=InnoDB AUTO_INCREMENT=6 DEFAULT CHARSET=utf8 COLLATE=utf8_unicode_ci COMMENT='Статусы дружбы';

INSERT INTO `friendship_statuses` (`id`, `name`, `created_at`, `updated_at`) VALUES (1, 'recusandae', '1987-11-30 06:08:45', '1996-09-30 09:30:18');
INSERT INTO `friendship_statuses` (`id`, `name`, `created_at`, `updated_at`) VALUES (2, 'ut', '1978-04-10 02:53:05', '1981-03-19 19:51:27');
INSERT INTO `friendship_statuses` (`id`, `name`, `created_at`, `updated_at`) VALUES (3, 'rerum', '2001-11-16 06:55:49', '2014-07-15 12:05:59');
INSERT INTO `friendship_statuses` (`id`, `name`, `created_at`, `updated_at`) VALUES (4, 'distinctio', '1990-01-17 05:38:59', '2015-09-10 17:10:14');
INSERT INTO `friendship_statuses` (`id`, `name`, `created_at`, `updated_at`) VALUES (5, 'veniam', '1974-01-14 20:14:02', '1972-10-22 17:53:46');


#
# TABLE STRUCTURE FOR: media
#

DROP TABLE IF EXISTS `media`;

CREATE TABLE `media` (
  `id` int(10) unsigned NOT NULL AUTO_INCREMENT COMMENT 'Идентификатор строки',
  `user_id` int(10) unsigned NOT NULL COMMENT 'Ссылка на пользователя, который загрузил файл',
  `filename` varchar(255) COLLATE utf8_unicode_ci NOT NULL COMMENT 'Путь к файлу',
  `size` int(11) NOT NULL COMMENT 'Размер файла',
  `metadata` longtext CHARACTER SET utf8mb4 COLLATE utf8mb4_bin DEFAULT NULL COMMENT 'Метаданные файла' CHECK (json_valid(`metadata`)),
  `media_type_id` int(10) unsigned NOT NULL COMMENT 'Ссылка на тип контента',
  `created_at` datetime DEFAULT current_timestamp() COMMENT 'Время создания строки',
  `updated_at` datetime DEFAULT current_timestamp() ON UPDATE current_timestamp() COMMENT 'Время обновления строки',
  PRIMARY KEY (`id`)
) ENGINE=InnoDB AUTO_INCREMENT=59 DEFAULT CHARSET=utf8 COLLATE=utf8_unicode_ci COMMENT='Медиафайлы';

INSERT INTO `media` (`id`, `user_id`, `filename`, `size`, `metadata`, `media_type_id`, `created_at`, `updated_at`) VALUES (1, 97, 'ducimus', 4234, '\"{veghck80: 95785}\"', 6, '2017-08-08 15:33:15', '1970-06-11 10:12:43');
INSERT INTO `media` (`id`, `user_id`, `filename`, `size`, `metadata`, `media_type_id`, `created_at`, `updated_at`) VALUES (2, 31, 'eum', 7700, '\"{xujtuo41: 50800}\"', 7, '2016-02-02 12:51:33', '2004-09-10 01:01:19');
INSERT INTO `media` (`id`, `user_id`, `filename`, `size`, `metadata`, `media_type_id`, `created_at`, `updated_at`) VALUES (3, 35, 'nisi', 8498, '\"{adkaly66: 42318}\"', 2, '2019-06-25 07:28:03', '2004-09-13 21:32:06');
INSERT INTO `media` (`id`, `user_id`, `filename`, `size`, `metadata`, `media_type_id`, `created_at`, `updated_at`) VALUES (4, 102, 'debitis', 8073, '\"{dduwoh46: 32110}\"', 3, '1973-05-12 18:43:11', '1973-05-13 00:59:20');
INSERT INTO `media` (`id`, `user_id`, `filename`, `size`, `metadata`, `media_type_id`, `created_at`, `updated_at`) VALUES (5, 46, 'quasi', 7224, '\"{rteusj44: 21118}\"', 5, '1985-02-20 20:16:43', '1979-02-10 07:26:14');
INSERT INTO `media` (`id`, `user_id`, `filename`, `size`, `metadata`, `media_type_id`, `created_at`, `updated_at`) VALUES (6, 44, 'odit', 3733, '\"{jlwghq04: 13472}\"', 7, '1981-04-30 18:48:09', '2007-05-28 10:26:48');
INSERT INTO `media` (`id`, `user_id`, `filename`, `size`, `metadata`, `media_type_id`, `created_at`, `updated_at`) VALUES (7, 96, 'dolorem', 5848, '\"{bxceni71: 03630}\"', 7, '2017-05-31 00:12:03', '1974-03-14 03:38:11');
INSERT INTO `media` (`id`, `user_id`, `filename`, `size`, `metadata`, `media_type_id`, `created_at`, `updated_at`) VALUES (8, 61, 'sed', 508, '\"{hvrxba89: 05923}\"', 4, '2004-01-24 21:04:33', '1989-12-13 19:38:25');
INSERT INTO `media` (`id`, `user_id`, `filename`, `size`, `metadata`, `media_type_id`, `created_at`, `updated_at`) VALUES (9, 106, 'harum', 6319, '\"{vgodfl11: 54345}\"', 1, '1971-05-06 19:01:42', '1970-02-08 05:23:40');
INSERT INTO `media` (`id`, `user_id`, `filename`, `size`, `metadata`, `media_type_id`, `created_at`, `updated_at`) VALUES (10, 43, 'illo', 9676, '\"{yleqcd87: 37145}\"', 6, '2018-04-30 22:41:04', '1976-04-12 02:24:04');
INSERT INTO `media` (`id`, `user_id`, `filename`, `size`, `metadata`, `media_type_id`, `created_at`, `updated_at`) VALUES (11, 29, 'suscipit', 2266, '\"{xylmwn34: 98493}\"', 7, '1999-07-06 16:36:16', '1977-05-27 02:05:26');
INSERT INTO `media` (`id`, `user_id`, `filename`, `size`, `metadata`, `media_type_id`, `created_at`, `updated_at`) VALUES (12, 6, 'aliquam', 7539, '\"{drvvvy13: 17293}\"', 3, '2004-02-22 19:03:14', '2007-03-06 13:33:40');
INSERT INTO `media` (`id`, `user_id`, `filename`, `size`, `metadata`, `media_type_id`, `created_at`, `updated_at`) VALUES (13, 7, 'perferendis', 9257, '\"{xanqay60: 94811}\"', 5, '2016-01-09 23:10:53', '1995-03-11 11:07:12');
INSERT INTO `media` (`id`, `user_id`, `filename`, `size`, `metadata`, `media_type_id`, `created_at`, `updated_at`) VALUES (14, 86, 'et', 3435, '\"{dkkpbc42: 16547}\"', 7, '2011-12-08 15:10:36', '1978-10-07 06:35:53');
INSERT INTO `media` (`id`, `user_id`, `filename`, `size`, `metadata`, `media_type_id`, `created_at`, `updated_at`) VALUES (15, 11, 'maiores', 8917, '\"{aophnp42: 52309}\"', 7, '1995-02-28 09:21:33', '1977-05-15 04:24:15');
INSERT INTO `media` (`id`, `user_id`, `filename`, `size`, `metadata`, `media_type_id`, `created_at`, `updated_at`) VALUES (16, 103, 'perferendis', 8135, '\"{oddkfi38: 24727}\"', 2, '1990-05-18 20:18:50', '1975-12-03 15:42:45');
INSERT INTO `media` (`id`, `user_id`, `filename`, `size`, `metadata`, `media_type_id`, `created_at`, `updated_at`) VALUES (17, 12, 'reiciendis', 1869, '\"{udtshj65: 70351}\"', 7, '1973-03-30 13:54:08', '1984-01-26 11:18:34');
INSERT INTO `media` (`id`, `user_id`, `filename`, `size`, `metadata`, `media_type_id`, `created_at`, `updated_at`) VALUES (18, 11, 'fugit', 5105, '\"{kswznm50: 69263}\"', 9, '2010-07-04 02:34:03', '1992-04-01 03:43:33');
INSERT INTO `media` (`id`, `user_id`, `filename`, `size`, `metadata`, `media_type_id`, `created_at`, `updated_at`) VALUES (19, 92, 'nobis', 2473, '\"{yruvvs33: 71535}\"', 4, '1970-07-24 02:44:27', '1983-01-21 06:23:28');
INSERT INTO `media` (`id`, `user_id`, `filename`, `size`, `metadata`, `media_type_id`, `created_at`, `updated_at`) VALUES (20, 61, 'distinctio', 4553, '\"{rzlppx86: 37323}\"', 4, '1981-09-25 09:25:07', '1995-11-09 10:43:57');
INSERT INTO `media` (`id`, `user_id`, `filename`, `size`, `metadata`, `media_type_id`, `created_at`, `updated_at`) VALUES (21, 20, 'atque', 2894, '\"{tlabzc79: 97796}\"', 9, '2000-09-16 17:34:42', '2013-04-09 05:07:06');
INSERT INTO `media` (`id`, `user_id`, `filename`, `size`, `metadata`, `media_type_id`, `created_at`, `updated_at`) VALUES (22, 54, 'veritatis', 8722, '\"{bltbwh44: 57419}\"', 9, '2008-11-05 04:10:05', '1991-12-11 05:53:02');
INSERT INTO `media` (`id`, `user_id`, `filename`, `size`, `metadata`, `media_type_id`, `created_at`, `updated_at`) VALUES (23, 39, 'aut', 9384, '\"{kvabsk59: 80804}\"', 3, '1975-10-24 22:40:34', '1972-02-29 08:35:13');
INSERT INTO `media` (`id`, `user_id`, `filename`, `size`, `metadata`, `media_type_id`, `created_at`, `updated_at`) VALUES (24, 98, 'omnis', 6105, '\"{pvzvjr82: 98270}\"', 6, '2015-11-08 02:55:53', '1989-04-07 08:20:16');
INSERT INTO `media` (`id`, `user_id`, `filename`, `size`, `metadata`, `media_type_id`, `created_at`, `updated_at`) VALUES (25, 81, 'natus', 9027, '\"{vzaewv15: 39329}\"', 3, '1994-01-07 04:46:28', '1985-09-06 16:49:27');
INSERT INTO `media` (`id`, `user_id`, `filename`, `size`, `metadata`, `media_type_id`, `created_at`, `updated_at`) VALUES (26, 78, 'tempora', 3967, '\"{sarexo92: 69848}\"', 6, '1996-06-20 23:16:53', '1993-07-11 01:54:59');
INSERT INTO `media` (`id`, `user_id`, `filename`, `size`, `metadata`, `media_type_id`, `created_at`, `updated_at`) VALUES (27, 64, 'dolor', 5029, '\"{pvpybt45: 82570}\"', 7, '2020-01-30 07:06:56', '1987-02-07 22:33:31');
INSERT INTO `media` (`id`, `user_id`, `filename`, `size`, `metadata`, `media_type_id`, `created_at`, `updated_at`) VALUES (28, 10, 'ducimus', 1774, '\"{jjsiev52: 17480}\"', 6, '2006-03-21 10:14:29', '1984-05-11 08:33:36');
INSERT INTO `media` (`id`, `user_id`, `filename`, `size`, `metadata`, `media_type_id`, `created_at`, `updated_at`) VALUES (29, 13, 'et', 1794, '\"{gyfaok74: 90029}\"', 8, '1983-06-06 19:02:00', '2015-12-11 03:54:41');
INSERT INTO `media` (`id`, `user_id`, `filename`, `size`, `metadata`, `media_type_id`, `created_at`, `updated_at`) VALUES (30, 26, 'accusantium', 1224, '\"{muypii00: 87183}\"', 3, '1993-03-30 18:49:15', '1978-10-27 12:15:27');
INSERT INTO `media` (`id`, `user_id`, `filename`, `size`, `metadata`, `media_type_id`, `created_at`, `updated_at`) VALUES (31, 26, 'fuga', 8177, '\"{urxhwj15: 40437}\"', 10, '1974-07-17 14:29:53', '2002-06-15 04:11:02');
INSERT INTO `media` (`id`, `user_id`, `filename`, `size`, `metadata`, `media_type_id`, `created_at`, `updated_at`) VALUES (32, 2, 'at', 772, '\"{aucejw28: 95433}\"', 8, '1981-07-29 07:20:41', '2007-01-10 22:49:18');
INSERT INTO `media` (`id`, `user_id`, `filename`, `size`, `metadata`, `media_type_id`, `created_at`, `updated_at`) VALUES (33, 22, 'pariatur', 7685, '\"{mwttpn67: 27875}\"', 7, '1996-11-22 20:31:22', '2010-11-09 12:38:59');
INSERT INTO `media` (`id`, `user_id`, `filename`, `size`, `metadata`, `media_type_id`, `created_at`, `updated_at`) VALUES (34, 41, 'hic', 8772, '\"{ekdxmq44: 15916}\"', 3, '2018-06-11 09:16:58', '2006-01-29 00:35:20');
INSERT INTO `media` (`id`, `user_id`, `filename`, `size`, `metadata`, `media_type_id`, `created_at`, `updated_at`) VALUES (35, 14, 'enim', 3981, '\"{lnomke41: 73346}\"', 7, '2017-01-04 06:08:09', '1973-10-07 21:34:51');
INSERT INTO `media` (`id`, `user_id`, `filename`, `size`, `metadata`, `media_type_id`, `created_at`, `updated_at`) VALUES (36, 90, 'consequuntur', 1495, '\"{lawmeu02: 52680}\"', 10, '2012-01-06 18:44:44', '2003-11-08 03:19:43');
INSERT INTO `media` (`id`, `user_id`, `filename`, `size`, `metadata`, `media_type_id`, `created_at`, `updated_at`) VALUES (37, 45, 'natus', 5169, '\"{tnwowu40: 76575}\"', 8, '2000-08-13 22:25:18', '2001-08-09 17:24:57');
INSERT INTO `media` (`id`, `user_id`, `filename`, `size`, `metadata`, `media_type_id`, `created_at`, `updated_at`) VALUES (38, 20, 'qui', 8827, '\"{hiqubm77: 48424}\"', 2, '2006-05-12 10:10:45', '1985-10-21 12:59:18');
INSERT INTO `media` (`id`, `user_id`, `filename`, `size`, `metadata`, `media_type_id`, `created_at`, `updated_at`) VALUES (39, 110, 'dolor', 9508, '\"{tnyarr20: 94856}\"', 9, '2009-10-15 08:54:39', '1982-08-22 16:26:17');
INSERT INTO `media` (`id`, `user_id`, `filename`, `size`, `metadata`, `media_type_id`, `created_at`, `updated_at`) VALUES (40, 83, 'rerum', 8286, '\"{uoxmpv34: 36666}\"', 2, '2020-06-02 10:33:03', '1995-10-20 15:18:04');
INSERT INTO `media` (`id`, `user_id`, `filename`, `size`, `metadata`, `media_type_id`, `created_at`, `updated_at`) VALUES (41, 90, 'corporis', 6382, '\"{ckvxma75: 10257}\"', 9, '1988-01-30 21:06:08', '1979-01-04 07:05:11');
INSERT INTO `media` (`id`, `user_id`, `filename`, `size`, `metadata`, `media_type_id`, `created_at`, `updated_at`) VALUES (42, 54, 'recusandae', 5822, '\"{esizso72: 73918}\"', 4, '1976-06-13 05:44:11', '1994-03-21 23:15:02');
INSERT INTO `media` (`id`, `user_id`, `filename`, `size`, `metadata`, `media_type_id`, `created_at`, `updated_at`) VALUES (43, 33, 'modi', 1811, '\"{gqbeps11: 93720}\"', 2, '1974-01-28 07:42:14', '1997-08-16 11:33:47');
INSERT INTO `media` (`id`, `user_id`, `filename`, `size`, `metadata`, `media_type_id`, `created_at`, `updated_at`) VALUES (44, 97, 'enim', 3529, '\"{tkdtde32: 27861}\"', 5, '1983-10-16 18:40:29', '2003-12-27 16:20:50');
INSERT INTO `media` (`id`, `user_id`, `filename`, `size`, `metadata`, `media_type_id`, `created_at`, `updated_at`) VALUES (45, 54, 'quibusdam', 3086, '\"{scbiav28: 07019}\"', 5, '1983-03-19 02:20:17', '2007-11-20 12:10:08');
INSERT INTO `media` (`id`, `user_id`, `filename`, `size`, `metadata`, `media_type_id`, `created_at`, `updated_at`) VALUES (46, 31, 'ut', 8450, '\"{cutqse91: 03258}\"', 9, '2007-10-02 08:14:51', '1993-05-28 19:34:45');
INSERT INTO `media` (`id`, `user_id`, `filename`, `size`, `metadata`, `media_type_id`, `created_at`, `updated_at`) VALUES (47, 11, 'consequatur', 5194, '\"{vhocby29: 88233}\"', 5, '1987-04-13 15:10:57', '1980-11-24 09:57:57');
INSERT INTO `media` (`id`, `user_id`, `filename`, `size`, `metadata`, `media_type_id`, `created_at`, `updated_at`) VALUES (48, 105, 'et', 6506, '\"{xmvfgg64: 42281}\"', 8, '2017-05-15 11:09:03', '1991-12-27 23:04:46');
INSERT INTO `media` (`id`, `user_id`, `filename`, `size`, `metadata`, `media_type_id`, `created_at`, `updated_at`) VALUES (49, 95, 'et', 1176, '\"{uwfnqd53: 30537}\"', 3, '2000-03-23 06:45:15', '2007-09-18 00:41:30');
INSERT INTO `media` (`id`, `user_id`, `filename`, `size`, `metadata`, `media_type_id`, `created_at`, `updated_at`) VALUES (50, 57, 'cupiditate', 6855, '\"{vgruvy61: 73837}\"', 6, '2001-02-02 06:37:13', '1971-05-02 11:34:38');
INSERT INTO `media` (`id`, `user_id`, `filename`, `size`, `metadata`, `media_type_id`, `created_at`, `updated_at`) VALUES (51, 89, 'ea', 1110, '\"{xtdpgm01: 46036}\"', 7, '1971-08-22 13:07:14', '1996-05-02 03:14:32');
INSERT INTO `media` (`id`, `user_id`, `filename`, `size`, `metadata`, `media_type_id`, `created_at`, `updated_at`) VALUES (52, 83, 'asperiores', 7624, '\"{kwxhhc20: 42555}\"', 8, '1973-11-05 20:47:02', '1974-11-27 09:46:22');
INSERT INTO `media` (`id`, `user_id`, `filename`, `size`, `metadata`, `media_type_id`, `created_at`, `updated_at`) VALUES (53, 3, 'magnam', 7144, '\"{yvnseb47: 36113}\"', 7, '1976-12-31 10:33:42', '1989-01-19 07:59:38');
INSERT INTO `media` (`id`, `user_id`, `filename`, `size`, `metadata`, `media_type_id`, `created_at`, `updated_at`) VALUES (54, 27, 'blanditiis', 3286, '\"{hmgois01: 76252}\"', 5, '2002-03-06 22:50:12', '2003-12-05 04:47:30');
INSERT INTO `media` (`id`, `user_id`, `filename`, `size`, `metadata`, `media_type_id`, `created_at`, `updated_at`) VALUES (55, 77, 'dolorem', 6800, '\"{szibnf93: 37946}\"', 1, '1970-12-10 07:38:20', '2018-04-05 03:23:47');
INSERT INTO `media` (`id`, `user_id`, `filename`, `size`, `metadata`, `media_type_id`, `created_at`, `updated_at`) VALUES (56, 27, 'et', 7664, '\"{ctrccm07: 85782}\"', 1, '1996-07-08 16:26:20', '1979-07-18 03:13:50');
INSERT INTO `media` (`id`, `user_id`, `filename`, `size`, `metadata`, `media_type_id`, `created_at`, `updated_at`) VALUES (57, 79, 'veritatis', 649, '\"{tkmqap15: 47390}\"', 7, '1985-02-10 16:22:16', '1981-05-07 02:55:21');
INSERT INTO `media` (`id`, `user_id`, `filename`, `size`, `metadata`, `media_type_id`, `created_at`, `updated_at`) VALUES (58, 22, 'voluptatibus', 2488, '\"{tzciml98: 14636}\"', 3, '1978-07-06 12:26:07', '1983-07-24 07:49:38');


#
# TABLE STRUCTURE FOR: media_types
#

DROP TABLE IF EXISTS `media_types`;

CREATE TABLE `media_types` (
  `id` int(10) unsigned NOT NULL AUTO_INCREMENT COMMENT 'Идентификатор строки',
  `name` varchar(255) COLLATE utf8_unicode_ci NOT NULL COMMENT 'Название типа',
  `created_at` datetime DEFAULT current_timestamp() COMMENT 'Время создания строки',
  `updated_at` datetime DEFAULT current_timestamp() ON UPDATE current_timestamp() COMMENT 'Время обновления строки',
  PRIMARY KEY (`id`),
  UNIQUE KEY `name` (`name`)
) ENGINE=InnoDB AUTO_INCREMENT=11 DEFAULT CHARSET=utf8 COLLATE=utf8_unicode_ci COMMENT='Типы медиафайлов';

INSERT INTO `media_types` (`id`, `name`, `created_at`, `updated_at`) VALUES (1, 'skm', '1984-03-20 09:54:59', '1975-10-11 20:52:09');
INSERT INTO `media_types` (`id`, `name`, `created_at`, `updated_at`) VALUES (2, 'dd2', '1997-07-03 02:27:48', '1971-06-06 21:51:09');
INSERT INTO `media_types` (`id`, `name`, `created_at`, `updated_at`) VALUES (3, 'webm', '1983-07-25 20:55:02', '1998-08-18 15:57:15');
INSERT INTO `media_types` (`id`, `name`, `created_at`, `updated_at`) VALUES (4, 'mk3d', '2018-04-21 12:14:33', '1989-07-31 03:42:34');
INSERT INTO `media_types` (`id`, `name`, `created_at`, `updated_at`) VALUES (5, 'f77', '1989-04-21 15:50:08', '2015-03-17 18:12:16');
INSERT INTO `media_types` (`id`, `name`, `created_at`, `updated_at`) VALUES (6, 'deb', '2007-06-19 18:07:20', '1976-01-06 05:29:13');
INSERT INTO `media_types` (`id`, `name`, `created_at`, `updated_at`) VALUES (7, 'xlsm', '2005-10-25 14:10:14', '1993-11-01 04:24:09');
INSERT INTO `media_types` (`id`, `name`, `created_at`, `updated_at`) VALUES (8, 'class', '1974-01-31 06:02:08', '2002-08-07 10:17:54');
INSERT INTO `media_types` (`id`, `name`, `created_at`, `updated_at`) VALUES (9, 'kpt', '1994-09-13 02:58:38', '1994-10-13 20:17:37');
INSERT INTO `media_types` (`id`, `name`, `created_at`, `updated_at`) VALUES (10, 'pic', '2014-04-06 18:00:25', '1971-11-09 06:10:39');


#
# TABLE STRUCTURE FOR: messages
#

DROP TABLE IF EXISTS `messages`;

CREATE TABLE `messages` (
  `id` int(10) unsigned NOT NULL AUTO_INCREMENT COMMENT 'Идентификатор строки',
  `from_user_id` int(10) unsigned NOT NULL COMMENT 'Ссылка на отправителя сообщения',
  `to_user_id` int(10) unsigned NOT NULL COMMENT 'Ссылка на получателя сообщения',
  `body` text COLLATE utf8_unicode_ci NOT NULL COMMENT 'Текст сообщения',
  `is_important` tinyint(1) DEFAULT NULL COMMENT 'Признак важности',
  `is_delivered` tinyint(1) DEFAULT NULL COMMENT 'Признак доставки',
  `created_at` datetime DEFAULT current_timestamp() COMMENT 'Время создания строки',
  `updated_at` datetime DEFAULT current_timestamp() ON UPDATE current_timestamp() COMMENT 'Время обновления строки',
  PRIMARY KEY (`id`)
) ENGINE=InnoDB AUTO_INCREMENT=501 DEFAULT CHARSET=utf8 COLLATE=utf8_unicode_ci COMMENT='Сообщения';

INSERT INTO `messages` (`id`, `from_user_id`, `to_user_id`, `body`, `is_important`, `is_delivered`, `created_at`, `updated_at`) VALUES (1, 97, 91, 'Ut nisi non et similique. Facilis consequatur quia inventore voluptas vero. Aut impedit quidem veniam totam autem. Distinctio minus et commodi earum. Quaerat totam inventore quam laborum voluptatem velit.', 0, 1, '1991-08-26 03:41:03', '2013-09-05 04:57:41');
INSERT INTO `messages` (`id`, `from_user_id`, `to_user_id`, `body`, `is_important`, `is_delivered`, `created_at`, `updated_at`) VALUES (2, 96, 109, 'Tempora quae temporibus consequatur similique dolore. Est distinctio dignissimos amet quia molestias dolorum. Libero ipsa quidem distinctio qui.', 0, 1, '1996-06-03 02:29:28', '1980-07-27 03:27:43');
INSERT INTO `messages` (`id`, `from_user_id`, `to_user_id`, `body`, `is_important`, `is_delivered`, `created_at`, `updated_at`) VALUES (3, 73, 39, 'Et tenetur quaerat quia. Voluptates iure tempora qui non. Facilis exercitationem omnis qui non enim aperiam in.', 1, 1, '2001-03-01 03:21:18', '1985-03-22 10:37:36');
INSERT INTO `messages` (`id`, `from_user_id`, `to_user_id`, `body`, `is_important`, `is_delivered`, `created_at`, `updated_at`) VALUES (4, 59, 45, 'Qui officiis pariatur dolores sunt iure. Laudantium beatae perspiciatis beatae ad. Sunt nam velit eum. Similique voluptates dolor qui quisquam itaque architecto et.', 0, 1, '2003-08-21 19:31:07', '2018-12-08 08:11:11');
INSERT INTO `messages` (`id`, `from_user_id`, `to_user_id`, `body`, `is_important`, `is_delivered`, `created_at`, `updated_at`) VALUES (5, 71, 32, 'Rem ex autem voluptatem ut non rerum id. Architecto at hic soluta blanditiis nulla.', 1, 0, '1981-04-29 15:36:15', '1976-01-29 15:15:58');
INSERT INTO `messages` (`id`, `from_user_id`, `to_user_id`, `body`, `is_important`, `is_delivered`, `created_at`, `updated_at`) VALUES (6, 19, 53, 'Omnis enim fugiat voluptatem repellat unde alias. Voluptas repudiandae voluptates iusto consequatur nesciunt. Vel earum sed consequatur fugit ad fugit quae. Modi aut voluptas cumque.', 0, 0, '1973-09-28 18:39:31', '1984-07-15 23:41:52');
INSERT INTO `messages` (`id`, `from_user_id`, `to_user_id`, `body`, `is_important`, `is_delivered`, `created_at`, `updated_at`) VALUES (7, 90, 50, 'Perferendis in dolor voluptatem quia sequi repudiandae. Provident voluptatem temporibus eius sequi totam voluptas. Ipsa rerum qui quos autem unde ullam impedit. Porro a error eos in accusamus aliquam iste. Id iure laborum quisquam sint delectus deserunt recusandae accusantium.', 0, 1, '1988-02-09 22:17:08', '2010-02-25 19:04:54');
INSERT INTO `messages` (`id`, `from_user_id`, `to_user_id`, `body`, `is_important`, `is_delivered`, `created_at`, `updated_at`) VALUES (8, 61, 47, 'Ipsa rem dolor necessitatibus rerum fuga reiciendis voluptatibus. Et maiores accusantium quas dignissimos qui inventore. Voluptatem id impedit dicta corporis excepturi veritatis quae. Ut nemo eius provident.', 0, 1, '2004-09-03 12:28:54', '2020-04-18 02:41:44');
INSERT INTO `messages` (`id`, `from_user_id`, `to_user_id`, `body`, `is_important`, `is_delivered`, `created_at`, `updated_at`) VALUES (9, 50, 107, 'Ea est non ducimus rem nesciunt rerum voluptas amet. Ut asperiores sint mollitia minus dolorem. Voluptate harum doloribus deserunt commodi nulla et et. Vel tenetur ad dolores tempora alias.', 1, 0, '1985-12-14 21:14:34', '1985-01-06 15:18:24');
INSERT INTO `messages` (`id`, `from_user_id`, `to_user_id`, `body`, `is_important`, `is_delivered`, `created_at`, `updated_at`) VALUES (10, 109, 72, 'Et occaecati fugiat dignissimos sint deleniti. Fugit voluptatibus dolor quasi velit aut dolores mollitia. Magni illo pariatur odio iusto molestiae ducimus voluptatibus. Dolore amet commodi eligendi quaerat. Itaque praesentium cumque vel sint ut et ratione quia.', 1, 0, '2005-10-04 07:05:38', '1979-03-23 12:03:41');
INSERT INTO `messages` (`id`, `from_user_id`, `to_user_id`, `body`, `is_important`, `is_delivered`, `created_at`, `updated_at`) VALUES (11, 14, 100, 'Repellendus aut voluptas repudiandae impedit. Aut dignissimos suscipit placeat iure. Ad temporibus voluptatibus ut unde incidunt. Rerum tempora quod cupiditate et.', 0, 1, '2003-03-26 23:49:40', '1976-12-24 04:30:33');
INSERT INTO `messages` (`id`, `from_user_id`, `to_user_id`, `body`, `is_important`, `is_delivered`, `created_at`, `updated_at`) VALUES (12, 62, 59, 'Dolor excepturi esse quasi enim laboriosam voluptatem qui. Quaerat pariatur quod quisquam deserunt numquam. Voluptatem sed sed et eos consequatur.', 1, 0, '1972-08-10 06:26:24', '1992-01-21 00:40:32');
INSERT INTO `messages` (`id`, `from_user_id`, `to_user_id`, `body`, `is_important`, `is_delivered`, `created_at`, `updated_at`) VALUES (13, 17, 60, 'Ut quia repudiandae repellat qui adipisci molestiae consequatur. Eum eum modi inventore aut impedit dolores. Voluptatibus vel est eaque in et sint sapiente.', 0, 1, '1999-07-17 22:25:00', '1977-04-09 18:52:28');
INSERT INTO `messages` (`id`, `from_user_id`, `to_user_id`, `body`, `is_important`, `is_delivered`, `created_at`, `updated_at`) VALUES (14, 67, 33, 'Corrupti similique provident deserunt. Modi quidem nesciunt voluptas voluptatem possimus.', 1, 0, '2002-08-11 10:27:01', '2018-12-20 07:43:13');
INSERT INTO `messages` (`id`, `from_user_id`, `to_user_id`, `body`, `is_important`, `is_delivered`, `created_at`, `updated_at`) VALUES (15, 7, 28, 'Et alias quia et odio. Odit delectus ut fuga molestiae reprehenderit voluptas. Eaque sunt perferendis sit.', 1, 1, '2000-09-21 01:15:40', '1973-12-09 12:30:57');
INSERT INTO `messages` (`id`, `from_user_id`, `to_user_id`, `body`, `is_important`, `is_delivered`, `created_at`, `updated_at`) VALUES (16, 52, 23, 'Doloribus corrupti ut eos. Saepe velit ut voluptatibus accusamus. Illo autem ullam nihil.', 1, 1, '2011-07-07 18:40:26', '2006-09-14 09:11:12');
INSERT INTO `messages` (`id`, `from_user_id`, `to_user_id`, `body`, `is_important`, `is_delivered`, `created_at`, `updated_at`) VALUES (17, 94, 48, 'Non error odio repudiandae quaerat. Qui alias veniam maiores eum. Deleniti quidem omnis animi ipsa laudantium sed. Aperiam odit perferendis unde eligendi cumque.', 1, 0, '1988-12-01 22:37:01', '2019-12-17 04:05:36');
INSERT INTO `messages` (`id`, `from_user_id`, `to_user_id`, `body`, `is_important`, `is_delivered`, `created_at`, `updated_at`) VALUES (18, 98, 44, 'Impedit libero rerum blanditiis. Perferendis voluptatum ut et maxime. Ab in repellendus ipsum dolorem molestias alias. Consequatur laborum adipisci eaque magnam voluptatibus et.', 1, 1, '1982-02-09 22:31:28', '1994-05-23 09:15:36');
INSERT INTO `messages` (`id`, `from_user_id`, `to_user_id`, `body`, `is_important`, `is_delivered`, `created_at`, `updated_at`) VALUES (19, 25, 20, 'Est sequi ratione eaque reiciendis consequatur dolor non non. Et ullam debitis sequi dignissimos est vel veniam nihil. In aliquid veniam sit sunt et. Et et nihil voluptas itaque odit quam quia recusandae.', 1, 1, '1970-08-01 00:39:39', '1996-07-10 16:51:31');
INSERT INTO `messages` (`id`, `from_user_id`, `to_user_id`, `body`, `is_important`, `is_delivered`, `created_at`, `updated_at`) VALUES (20, 103, 66, 'Vero quia aut voluptas nihil voluptatem consequatur. Beatae tenetur voluptas aut reiciendis voluptas magnam. Ut sint nam nihil adipisci recusandae atque.', 1, 0, '2001-03-08 21:46:08', '1978-07-12 16:40:35');
INSERT INTO `messages` (`id`, `from_user_id`, `to_user_id`, `body`, `is_important`, `is_delivered`, `created_at`, `updated_at`) VALUES (21, 26, 104, 'Quasi incidunt fugiat enim repudiandae tempore. Et nisi commodi ipsa laborum. Modi pariatur itaque doloremque mollitia culpa quidem et. Ut quibusdam sint nostrum aut temporibus odit facere. Omnis maxime ducimus dolorem qui ducimus qui.', 1, 0, '2012-06-08 16:57:24', '2015-04-07 03:48:14');
INSERT INTO `messages` (`id`, `from_user_id`, `to_user_id`, `body`, `is_important`, `is_delivered`, `created_at`, `updated_at`) VALUES (22, 20, 20, 'Aut maiores eius quos nihil qui. Cupiditate sunt ut aliquid qui cupiditate numquam. Molestiae omnis unde incidunt aut ad ex.', 1, 1, '1990-12-31 00:37:13', '1970-01-10 02:00:29');
INSERT INTO `messages` (`id`, `from_user_id`, `to_user_id`, `body`, `is_important`, `is_delivered`, `created_at`, `updated_at`) VALUES (23, 53, 72, 'Neque non ex distinctio sunt assumenda explicabo mollitia. Ut expedita ipsa velit hic laborum. Quis aut nostrum modi est porro ab culpa. Consequuntur minus iure et porro ullam id.', 0, 0, '2010-02-03 21:11:31', '1999-11-20 07:24:24');
INSERT INTO `messages` (`id`, `from_user_id`, `to_user_id`, `body`, `is_important`, `is_delivered`, `created_at`, `updated_at`) VALUES (24, 75, 61, 'Officia possimus praesentium sit accusamus quibusdam laudantium error magnam. Modi enim ex tenetur recusandae excepturi neque ea.', 0, 0, '1991-07-14 22:04:00', '1982-05-11 08:14:00');
INSERT INTO `messages` (`id`, `from_user_id`, `to_user_id`, `body`, `is_important`, `is_delivered`, `created_at`, `updated_at`) VALUES (25, 20, 8, 'Sit fugiat et nulla voluptate minima et mollitia. Aliquam eum quasi aut dolores est modi. Et provident aut a nostrum dolorum voluptatem facere. Facere magni et iste perspiciatis iste.', 1, 1, '1987-11-14 18:54:19', '1994-03-31 04:14:59');
INSERT INTO `messages` (`id`, `from_user_id`, `to_user_id`, `body`, `is_important`, `is_delivered`, `created_at`, `updated_at`) VALUES (26, 5, 30, 'Laudantium maxime eveniet distinctio. Dolorem nostrum sint et non excepturi dolor illum. Dicta nulla consequuntur expedita ducimus sed. Tenetur eum sequi quo quidem et vero.', 1, 1, '2008-09-09 02:13:44', '1998-06-22 22:55:14');
INSERT INTO `messages` (`id`, `from_user_id`, `to_user_id`, `body`, `is_important`, `is_delivered`, `created_at`, `updated_at`) VALUES (27, 97, 87, 'Esse sint voluptatem laborum enim temporibus ad. Quos voluptatem illo voluptas optio delectus modi consectetur.', 1, 0, '1993-11-23 02:30:37', '1975-12-20 02:23:40');
INSERT INTO `messages` (`id`, `from_user_id`, `to_user_id`, `body`, `is_important`, `is_delivered`, `created_at`, `updated_at`) VALUES (28, 85, 39, 'Alias ullam a fugiat id provident. Quasi quia ut debitis consequatur. Quasi omnis eum perspiciatis. Reiciendis et ut officiis ea optio veritatis.', 1, 0, '1989-09-30 06:21:52', '2004-06-01 15:55:42');
INSERT INTO `messages` (`id`, `from_user_id`, `to_user_id`, `body`, `is_important`, `is_delivered`, `created_at`, `updated_at`) VALUES (29, 2, 1, 'Quia ullam nulla aut velit voluptas possimus quis. Esse natus quia accusamus ea expedita occaecati vero et. Voluptates facilis excepturi deserunt. Laboriosam ipsa officiis eveniet et iusto reiciendis et. Et ipsam quisquam voluptas libero.', 1, 1, '1986-06-19 22:04:55', '2015-06-01 18:41:13');
INSERT INTO `messages` (`id`, `from_user_id`, `to_user_id`, `body`, `is_important`, `is_delivered`, `created_at`, `updated_at`) VALUES (30, 94, 58, 'Commodi et dolorem iusto distinctio mollitia unde voluptatem debitis. Vero qui omnis quam facere consectetur similique sint. Aliquam veritatis accusantium ut nobis minima est.', 0, 1, '2007-11-28 19:08:42', '2002-07-13 15:59:41');
INSERT INTO `messages` (`id`, `from_user_id`, `to_user_id`, `body`, `is_important`, `is_delivered`, `created_at`, `updated_at`) VALUES (31, 70, 107, 'Suscipit eos inventore consequatur qui et. Aliquid dolor doloremque consequatur cumque quia laboriosam numquam. Non suscipit et ratione alias saepe.', 0, 0, '1987-09-19 19:01:07', '1998-09-17 16:54:35');
INSERT INTO `messages` (`id`, `from_user_id`, `to_user_id`, `body`, `is_important`, `is_delivered`, `created_at`, `updated_at`) VALUES (32, 32, 103, 'Enim corporis aut rerum vel. Iste sequi rerum odit alias. Consequatur quo porro necessitatibus harum nobis corrupti.', 0, 1, '1994-05-14 11:04:03', '1996-04-05 05:40:19');
INSERT INTO `messages` (`id`, `from_user_id`, `to_user_id`, `body`, `is_important`, `is_delivered`, `created_at`, `updated_at`) VALUES (33, 5, 85, 'Voluptatibus omnis dicta molestias commodi quia laborum. Nam asperiores quos ut eos. Perspiciatis odio asperiores dolor et sint perferendis similique. Id ut officiis quis tempore quam.', 0, 1, '2012-04-18 22:11:42', '2014-03-01 03:25:31');
INSERT INTO `messages` (`id`, `from_user_id`, `to_user_id`, `body`, `is_important`, `is_delivered`, `created_at`, `updated_at`) VALUES (34, 69, 100, 'Quia et ipsam non tenetur pariatur distinctio quia sapiente. Facilis aut id ab nulla dolor. Et voluptatem voluptatibus deleniti natus. Adipisci illo occaecati et corporis fugiat omnis.', 1, 0, '1977-09-02 04:27:43', '2019-09-13 10:22:14');
INSERT INTO `messages` (`id`, `from_user_id`, `to_user_id`, `body`, `is_important`, `is_delivered`, `created_at`, `updated_at`) VALUES (35, 41, 18, 'Similique numquam ut omnis sunt neque explicabo. Eum voluptatibus quasi occaecati magnam temporibus nostrum consequatur. Non sit explicabo totam. Voluptatum porro quia qui et quaerat. Quam eligendi provident ipsum qui sunt.', 0, 1, '2002-08-22 03:39:45', '1972-06-15 05:21:50');
INSERT INTO `messages` (`id`, `from_user_id`, `to_user_id`, `body`, `is_important`, `is_delivered`, `created_at`, `updated_at`) VALUES (36, 62, 41, 'Temporibus omnis ad est perspiciatis. Laudantium quibusdam ea ut aut officiis non. Sit earum nihil quia omnis voluptas consectetur itaque.', 1, 1, '1984-10-28 00:01:20', '2003-03-14 22:11:03');
INSERT INTO `messages` (`id`, `from_user_id`, `to_user_id`, `body`, `is_important`, `is_delivered`, `created_at`, `updated_at`) VALUES (37, 14, 44, 'Delectus aspernatur debitis hic dolorem. Magnam hic eum aut dignissimos ipsam dolores. Voluptatem in animi aut beatae commodi voluptas.', 0, 1, '1979-11-07 20:14:54', '1983-07-26 19:02:41');
INSERT INTO `messages` (`id`, `from_user_id`, `to_user_id`, `body`, `is_important`, `is_delivered`, `created_at`, `updated_at`) VALUES (38, 48, 82, 'Eos eum iusto asperiores nisi eos. Asperiores saepe quia ab non. Corrupti dolorem ratione exercitationem blanditiis non maxime.', 1, 1, '2012-12-31 14:56:53', '1993-10-26 01:32:37');
INSERT INTO `messages` (`id`, `from_user_id`, `to_user_id`, `body`, `is_important`, `is_delivered`, `created_at`, `updated_at`) VALUES (39, 39, 53, 'Eum ipsum illum totam rem. Delectus aspernatur aut aut dolores quis quo est illum. Et quibusdam aliquid aut nemo molestiae ut.', 0, 0, '2000-01-05 05:42:27', '1978-11-18 12:22:51');
INSERT INTO `messages` (`id`, `from_user_id`, `to_user_id`, `body`, `is_important`, `is_delivered`, `created_at`, `updated_at`) VALUES (40, 82, 87, 'Velit dolore ut voluptatem nihil ab. Et ipsum ut perspiciatis similique possimus quis vel. Non sed assumenda nobis expedita ut ipsum et. Suscipit eius iste adipisci unde.', 0, 0, '1970-11-16 22:40:46', '2010-09-10 16:03:04');
INSERT INTO `messages` (`id`, `from_user_id`, `to_user_id`, `body`, `is_important`, `is_delivered`, `created_at`, `updated_at`) VALUES (41, 60, 8, 'Recusandae maiores quae nulla quasi provident. Doloremque animi assumenda explicabo eum est quia nesciunt. Esse cumque commodi corporis hic non eius. Tenetur dolor in voluptatibus blanditiis aut dolorem.', 0, 0, '1977-06-20 13:48:59', '1975-08-03 20:52:56');
INSERT INTO `messages` (`id`, `from_user_id`, `to_user_id`, `body`, `is_important`, `is_delivered`, `created_at`, `updated_at`) VALUES (42, 34, 25, 'Delectus perferendis iure ullam ducimus optio voluptatem. Sit id aut pariatur minus commodi nesciunt totam. Tempore consequatur sit eaque enim debitis odit ad. In sint illo non molestiae.', 1, 1, '1979-09-10 09:55:59', '1996-05-04 20:11:42');
INSERT INTO `messages` (`id`, `from_user_id`, `to_user_id`, `body`, `is_important`, `is_delivered`, `created_at`, `updated_at`) VALUES (43, 52, 5, 'Ipsa officiis sit debitis voluptas. Commodi alias nesciunt est alias laudantium delectus.', 0, 1, '2006-06-03 13:43:37', '1990-11-15 12:36:21');
INSERT INTO `messages` (`id`, `from_user_id`, `to_user_id`, `body`, `is_important`, `is_delivered`, `created_at`, `updated_at`) VALUES (44, 13, 79, 'Ea neque sed minus quis et. Et sint dolorum ipsum est assumenda consequuntur et. Laudantium autem quia animi dolores consectetur doloremque. Unde deleniti eveniet cum non.', 0, 1, '1995-02-04 21:34:41', '1980-11-28 16:30:16');
INSERT INTO `messages` (`id`, `from_user_id`, `to_user_id`, `body`, `is_important`, `is_delivered`, `created_at`, `updated_at`) VALUES (45, 63, 48, 'Sed nihil rerum optio omnis eveniet corrupti ipsum. Eos occaecati ipsam ut eligendi non et.', 0, 0, '2001-07-13 22:30:15', '1972-05-04 10:05:43');
INSERT INTO `messages` (`id`, `from_user_id`, `to_user_id`, `body`, `is_important`, `is_delivered`, `created_at`, `updated_at`) VALUES (46, 51, 68, 'Adipisci dolore sit ex qui. Rerum ipsum neque voluptatum a molestiae dolorum eos. Molestias dicta qui perferendis qui sint iusto expedita. Dolore deserunt quia in.', 0, 1, '1975-02-17 21:50:48', '1997-03-04 22:46:26');
INSERT INTO `messages` (`id`, `from_user_id`, `to_user_id`, `body`, `is_important`, `is_delivered`, `created_at`, `updated_at`) VALUES (47, 102, 28, 'In vero quaerat sit aperiam repudiandae. Cumque aliquid et iste ut magnam velit nostrum. Et error eum sed ratione dolores quia doloribus aut. Ea corporis quam ut perferendis a quae ut.', 0, 1, '1991-05-30 01:30:54', '1997-01-23 09:01:28');
INSERT INTO `messages` (`id`, `from_user_id`, `to_user_id`, `body`, `is_important`, `is_delivered`, `created_at`, `updated_at`) VALUES (48, 24, 74, 'Animi soluta quasi numquam sit culpa iure itaque. Ut nemo recusandae nemo deserunt dolor et. Ea est aliquam cupiditate.', 1, 1, '1975-04-05 22:55:36', '1987-05-02 15:31:46');
INSERT INTO `messages` (`id`, `from_user_id`, `to_user_id`, `body`, `is_important`, `is_delivered`, `created_at`, `updated_at`) VALUES (49, 27, 84, 'Quo et dolorum eaque. Architecto explicabo est cum tempore. Dolores et incidunt saepe maxime et omnis quam et. Sed iusto eos aperiam iure aut rem sequi. Eius excepturi exercitationem nisi et labore sed voluptatem.', 1, 0, '2000-05-23 03:49:34', '1970-03-28 00:33:24');
INSERT INTO `messages` (`id`, `from_user_id`, `to_user_id`, `body`, `is_important`, `is_delivered`, `created_at`, `updated_at`) VALUES (50, 77, 103, 'Itaque corporis quae facere quod distinctio totam quaerat aperiam. Consequatur fugit iure libero et. Ut facere tenetur aut qui sed. Voluptatem repellendus dolorem illo omnis incidunt et atque repellat. Doloribus animi voluptatum provident officia nesciunt impedit quo.', 1, 1, '1996-06-03 02:02:17', '2016-02-09 07:43:03');
INSERT INTO `messages` (`id`, `from_user_id`, `to_user_id`, `body`, `is_important`, `is_delivered`, `created_at`, `updated_at`) VALUES (51, 98, 90, 'Totam quas sit commodi expedita. Repudiandae temporibus non qui et. Est quia quod soluta in explicabo velit.', 1, 0, '2005-04-22 06:47:28', '1996-10-14 20:35:13');
INSERT INTO `messages` (`id`, `from_user_id`, `to_user_id`, `body`, `is_important`, `is_delivered`, `created_at`, `updated_at`) VALUES (52, 86, 39, 'Suscipit ut doloremque labore similique. Sequi distinctio et nulla ut atque. Recusandae pariatur quia laboriosam et. Ex autem et voluptatem excepturi et aut.', 1, 0, '2005-02-19 11:06:40', '1985-07-25 10:27:10');
INSERT INTO `messages` (`id`, `from_user_id`, `to_user_id`, `body`, `is_important`, `is_delivered`, `created_at`, `updated_at`) VALUES (53, 93, 16, 'Odio nulla voluptas sunt neque sit. Laborum nisi optio corporis ut repudiandae sunt dolore ea. Ut voluptatibus excepturi sit facere. Qui asperiores enim qui nemo sed aut et.', 1, 0, '1989-10-13 18:59:36', '2011-02-22 04:13:46');
INSERT INTO `messages` (`id`, `from_user_id`, `to_user_id`, `body`, `is_important`, `is_delivered`, `created_at`, `updated_at`) VALUES (54, 20, 53, 'Rerum fugiat repellendus aut magnam quos. Occaecati dolorem enim qui rem eaque esse velit est. Earum error omnis ea ullam. Alias delectus pariatur quidem sint. Quis saepe dolores quis odit dicta et.', 1, 1, '1984-08-17 13:46:56', '1998-07-27 21:31:06');
INSERT INTO `messages` (`id`, `from_user_id`, `to_user_id`, `body`, `is_important`, `is_delivered`, `created_at`, `updated_at`) VALUES (55, 31, 22, 'Accusamus aut illo asperiores fugiat quia fugiat repellat. Pariatur reprehenderit est sint sequi sit. Quia in quia minima reprehenderit. Dignissimos non aspernatur modi repudiandae rerum excepturi minus.', 1, 0, '1986-09-26 21:44:23', '2012-05-22 17:29:26');
INSERT INTO `messages` (`id`, `from_user_id`, `to_user_id`, `body`, `is_important`, `is_delivered`, `created_at`, `updated_at`) VALUES (56, 21, 76, 'Vero ab quo ducimus possimus voluptatem. Magni assumenda fugiat quae dolor. Quisquam omnis ipsam odit veniam perspiciatis cumque. Velit recusandae corporis et.', 0, 0, '1999-09-26 01:11:39', '1995-09-03 18:55:05');
INSERT INTO `messages` (`id`, `from_user_id`, `to_user_id`, `body`, `is_important`, `is_delivered`, `created_at`, `updated_at`) VALUES (57, 50, 39, 'Omnis autem soluta animi iure. Sit molestias suscipit voluptates unde. Aut nostrum totam quae accusamus sed.', 1, 1, '1971-01-04 18:21:40', '2012-12-08 01:27:22');
INSERT INTO `messages` (`id`, `from_user_id`, `to_user_id`, `body`, `is_important`, `is_delivered`, `created_at`, `updated_at`) VALUES (58, 102, 60, 'Magni aperiam eaque temporibus saepe molestiae nihil dolorem. Ea maxime iste soluta velit non. Hic tenetur veniam dignissimos et qui sed. Exercitationem aut voluptatem maiores similique.', 1, 0, '2012-10-22 06:36:48', '1989-04-24 19:30:17');
INSERT INTO `messages` (`id`, `from_user_id`, `to_user_id`, `body`, `is_important`, `is_delivered`, `created_at`, `updated_at`) VALUES (59, 101, 99, 'Eligendi sint aut labore occaecati animi consequatur dignissimos praesentium. Libero dicta dolor rerum qui ab. Facilis corporis id qui est omnis vitae esse ipsam.', 1, 1, '2005-05-03 09:09:06', '2008-03-05 06:03:33');
INSERT INTO `messages` (`id`, `from_user_id`, `to_user_id`, `body`, `is_important`, `is_delivered`, `created_at`, `updated_at`) VALUES (60, 37, 94, 'Perspiciatis fugiat ullam voluptatem. Iusto voluptatem blanditiis labore numquam quas. Ducimus quis animi a temporibus ipsam eum.', 1, 1, '2019-11-19 14:57:12', '1983-11-18 03:21:27');
INSERT INTO `messages` (`id`, `from_user_id`, `to_user_id`, `body`, `is_important`, `is_delivered`, `created_at`, `updated_at`) VALUES (61, 24, 51, 'Occaecati earum repellendus ullam quos dolor. Illo ratione vel et in aspernatur itaque delectus. Est dolor ut corrupti. Velit facere ratione iure aliquam. Dolores sunt unde tempora aut nisi.', 1, 0, '2006-05-23 11:50:47', '1974-07-30 23:06:09');
INSERT INTO `messages` (`id`, `from_user_id`, `to_user_id`, `body`, `is_important`, `is_delivered`, `created_at`, `updated_at`) VALUES (62, 69, 17, 'Praesentium quia voluptatem est reiciendis adipisci similique ea. Sunt delectus ex excepturi quia libero. Sequi iste inventore enim odio. Et voluptates quo dolorem.', 1, 1, '2005-03-01 20:26:36', '2012-12-09 15:43:11');
INSERT INTO `messages` (`id`, `from_user_id`, `to_user_id`, `body`, `is_important`, `is_delivered`, `created_at`, `updated_at`) VALUES (63, 95, 55, 'Molestiae ipsum et exercitationem ad asperiores. Et dolore nesciunt magnam voluptates sit porro. Dolorem nam maiores possimus natus debitis facilis. Totam at quasi qui est sed.', 1, 1, '2018-03-19 07:42:27', '2008-04-23 02:05:42');
INSERT INTO `messages` (`id`, `from_user_id`, `to_user_id`, `body`, `is_important`, `is_delivered`, `created_at`, `updated_at`) VALUES (64, 76, 9, 'Iste ipsam magnam et dolorem in et in. Est dignissimos qui nesciunt quae architecto rem nemo. Adipisci dicta qui enim natus.', 0, 1, '1997-10-06 09:36:00', '2007-01-15 09:08:13');
INSERT INTO `messages` (`id`, `from_user_id`, `to_user_id`, `body`, `is_important`, `is_delivered`, `created_at`, `updated_at`) VALUES (65, 8, 56, 'Hic architecto et est sequi. Praesentium in aliquid laudantium asperiores qui voluptatibus. Excepturi asperiores porro nisi voluptatibus voluptatem omnis aliquam. Quasi eligendi dolores non et. Consequatur et in doloremque molestiae asperiores consequatur iusto.', 1, 1, '1990-10-12 08:14:33', '2011-10-22 03:50:49');
INSERT INTO `messages` (`id`, `from_user_id`, `to_user_id`, `body`, `is_important`, `is_delivered`, `created_at`, `updated_at`) VALUES (66, 66, 23, 'Autem quas eveniet qui tempora iste. Incidunt sed mollitia illo quasi.', 1, 1, '1998-04-30 03:30:44', '1999-03-31 07:18:16');
INSERT INTO `messages` (`id`, `from_user_id`, `to_user_id`, `body`, `is_important`, `is_delivered`, `created_at`, `updated_at`) VALUES (67, 65, 49, 'Autem deserunt eaque labore consequatur est eos quis. Molestiae quia et facilis nulla eligendi officiis minus. Asperiores hic sit perspiciatis.', 0, 1, '1990-06-06 19:28:59', '1994-01-30 08:08:05');
INSERT INTO `messages` (`id`, `from_user_id`, `to_user_id`, `body`, `is_important`, `is_delivered`, `created_at`, `updated_at`) VALUES (68, 62, 16, 'Veniam omnis ut voluptatem fugiat saepe consequatur labore corporis. Totam possimus eveniet in molestiae et adipisci qui aperiam. Omnis dignissimos necessitatibus iusto culpa. Esse voluptates eos minus excepturi ea explicabo ut. Earum aut aut ea qui molestiae mollitia.', 0, 1, '1974-09-06 14:53:44', '1987-09-27 09:09:18');
INSERT INTO `messages` (`id`, `from_user_id`, `to_user_id`, `body`, `is_important`, `is_delivered`, `created_at`, `updated_at`) VALUES (69, 81, 22, 'Provident non qui aperiam omnis. Modi ipsa id est. Et numquam eos repellat itaque aut aut consectetur. Praesentium veniam rerum perferendis est.', 1, 1, '1987-12-06 09:48:25', '1991-07-10 12:16:16');
INSERT INTO `messages` (`id`, `from_user_id`, `to_user_id`, `body`, `is_important`, `is_delivered`, `created_at`, `updated_at`) VALUES (70, 33, 104, 'Cumque quia fuga officia sed nemo optio aliquam. Commodi labore qui qui recusandae nesciunt aut aspernatur. Nulla nam facilis est non.', 1, 1, '2016-04-09 08:33:39', '1976-10-13 10:07:14');
INSERT INTO `messages` (`id`, `from_user_id`, `to_user_id`, `body`, `is_important`, `is_delivered`, `created_at`, `updated_at`) VALUES (71, 56, 6, 'Asperiores tempora esse veritatis sit commodi id cumque. Qui animi omnis nulla voluptatem. Accusamus rerum quod laudantium architecto.', 0, 0, '1988-11-13 08:00:58', '1971-12-28 00:31:35');
INSERT INTO `messages` (`id`, `from_user_id`, `to_user_id`, `body`, `is_important`, `is_delivered`, `created_at`, `updated_at`) VALUES (72, 33, 63, 'Animi voluptatibus quo qui et adipisci pariatur. Temporibus minus sit accusantium recusandae.', 1, 1, '1977-09-24 07:57:05', '1997-10-08 05:29:42');
INSERT INTO `messages` (`id`, `from_user_id`, `to_user_id`, `body`, `is_important`, `is_delivered`, `created_at`, `updated_at`) VALUES (73, 38, 87, 'Est voluptas et fugit debitis dolor hic magni. Iste reiciendis laboriosam consequatur dolor. Blanditiis eaque molestiae aut quam tempore laudantium explicabo. Perferendis ad aliquam quae deserunt veritatis porro aliquam natus.', 1, 1, '2002-03-18 06:03:09', '1977-01-23 12:17:02');
INSERT INTO `messages` (`id`, `from_user_id`, `to_user_id`, `body`, `is_important`, `is_delivered`, `created_at`, `updated_at`) VALUES (74, 60, 26, 'Delectus est illum eos laudantium. Reprehenderit possimus adipisci aut perferendis impedit illum veritatis. Pariatur minima maxime id porro ut quaerat.', 0, 0, '1991-08-27 13:06:46', '1981-05-25 23:41:01');
INSERT INTO `messages` (`id`, `from_user_id`, `to_user_id`, `body`, `is_important`, `is_delivered`, `created_at`, `updated_at`) VALUES (75, 9, 59, 'Doloremque est eveniet alias eveniet ullam dolores. Nostrum natus nostrum harum dolorem rerum. Qui repellat dolorum et a voluptatem repudiandae.', 0, 1, '1986-02-20 03:19:52', '2015-07-29 07:03:17');
INSERT INTO `messages` (`id`, `from_user_id`, `to_user_id`, `body`, `is_important`, `is_delivered`, `created_at`, `updated_at`) VALUES (76, 24, 58, 'Itaque officiis voluptas voluptas. Rem et iure explicabo inventore. Quam voluptate aliquam enim aperiam magnam quo deleniti ut. Maiores magni odit dolorem ex odio officiis.', 1, 0, '2019-10-11 10:52:59', '1985-10-30 12:59:19');
INSERT INTO `messages` (`id`, `from_user_id`, `to_user_id`, `body`, `is_important`, `is_delivered`, `created_at`, `updated_at`) VALUES (77, 26, 28, 'Ratione autem ut ut quia quo non atque. Perferendis a eligendi consequatur qui in et sed dolorem. Natus ex quisquam repudiandae optio. Repellat amet deserunt consequatur architecto nam. Dolor et quae dolor et rem.', 0, 1, '1973-08-22 17:52:20', '1971-10-12 03:17:15');
INSERT INTO `messages` (`id`, `from_user_id`, `to_user_id`, `body`, `is_important`, `is_delivered`, `created_at`, `updated_at`) VALUES (78, 50, 26, 'Minima maxime iste debitis sint. Nesciunt dolorum saepe veniam sit vitae voluptas facere quisquam. Dolorum itaque tenetur voluptas aut labore dolores. Minus animi beatae nihil est.', 1, 1, '1999-12-29 16:33:43', '2001-07-22 19:46:15');
INSERT INTO `messages` (`id`, `from_user_id`, `to_user_id`, `body`, `is_important`, `is_delivered`, `created_at`, `updated_at`) VALUES (79, 58, 94, 'Dolorem libero aut non et. Enim unde commodi porro consequatur architecto eum et facere. Sint ipsum earum labore et quis. Ut consequuntur ipsum asperiores eveniet quaerat.', 0, 1, '2010-10-31 18:09:25', '1974-09-20 09:55:41');
INSERT INTO `messages` (`id`, `from_user_id`, `to_user_id`, `body`, `is_important`, `is_delivered`, `created_at`, `updated_at`) VALUES (80, 78, 109, 'Error deleniti sed sed voluptatibus est. Tempora repellat dolorem iure omnis ut. Unde qui enim necessitatibus optio eius et perferendis. Ea tempora quia tempora nihil est quam impedit.', 0, 0, '1992-07-24 03:13:51', '1993-09-30 14:14:58');
INSERT INTO `messages` (`id`, `from_user_id`, `to_user_id`, `body`, `is_important`, `is_delivered`, `created_at`, `updated_at`) VALUES (81, 107, 8, 'Sint fuga sapiente et provident. Natus eum ut autem ad enim aliquam. Qui perspiciatis repellendus accusantium possimus non perspiciatis sint. Ut illo blanditiis reiciendis deserunt qui qui vitae.', 0, 0, '2019-09-12 17:09:52', '1975-06-04 06:50:03');
INSERT INTO `messages` (`id`, `from_user_id`, `to_user_id`, `body`, `is_important`, `is_delivered`, `created_at`, `updated_at`) VALUES (82, 13, 73, 'Eius neque dolore rerum saepe fugiat est. Aut qui voluptatum qui omnis. Consectetur in quis quos et alias assumenda natus voluptas.', 1, 0, '2014-07-31 06:13:51', '1995-04-16 12:38:31');
INSERT INTO `messages` (`id`, `from_user_id`, `to_user_id`, `body`, `is_important`, `is_delivered`, `created_at`, `updated_at`) VALUES (83, 60, 29, 'Laboriosam delectus et et non neque qui. Quod quia qui aut soluta quasi. Optio dignissimos aut et aliquid rem tenetur ipsam. Vero nemo voluptas magnam ducimus soluta eos et. Velit occaecati reprehenderit necessitatibus corrupti dolores quibusdam.', 1, 0, '1973-04-12 21:17:41', '2014-12-30 05:24:55');
INSERT INTO `messages` (`id`, `from_user_id`, `to_user_id`, `body`, `is_important`, `is_delivered`, `created_at`, `updated_at`) VALUES (84, 89, 106, 'Ea id vel maxime modi aut. Quis doloremque ut ducimus id. Quia delectus incidunt unde sit omnis fuga cumque. Aut qui eos qui vero.', 0, 1, '2001-05-04 04:29:34', '1977-10-19 03:00:54');
INSERT INTO `messages` (`id`, `from_user_id`, `to_user_id`, `body`, `is_important`, `is_delivered`, `created_at`, `updated_at`) VALUES (85, 108, 90, 'Ut enim enim autem ut similique nemo. Nihil repellendus officia doloremque et laudantium voluptates. Accusantium odit qui ut illo. Et officia tempora quia sint excepturi laborum tempora.', 1, 0, '1985-02-07 14:40:18', '1998-04-13 18:32:17');
INSERT INTO `messages` (`id`, `from_user_id`, `to_user_id`, `body`, `is_important`, `is_delivered`, `created_at`, `updated_at`) VALUES (86, 43, 66, 'Rem sed eos eos soluta. Nihil numquam iste sint vero. Maxime reiciendis architecto voluptas.', 1, 0, '1988-01-16 13:25:04', '1990-05-02 10:17:49');
INSERT INTO `messages` (`id`, `from_user_id`, `to_user_id`, `body`, `is_important`, `is_delivered`, `created_at`, `updated_at`) VALUES (87, 59, 91, 'Est modi aliquam ratione aspernatur tempora occaecati dolores. Reiciendis quibusdam fugit consequatur error exercitationem ducimus doloribus. Quae dolorem ut dolor quis pariatur. Quae maxime repellendus velit neque itaque autem.', 1, 1, '1978-03-25 20:59:01', '1973-03-11 23:48:22');
INSERT INTO `messages` (`id`, `from_user_id`, `to_user_id`, `body`, `is_important`, `is_delivered`, `created_at`, `updated_at`) VALUES (88, 99, 58, 'Aut et nam at qui quod sunt. Quis tempora consequatur qui est. Corrupti unde corrupti ratione voluptate dolor deleniti.', 0, 0, '2000-03-19 02:08:59', '1986-11-21 07:08:40');
INSERT INTO `messages` (`id`, `from_user_id`, `to_user_id`, `body`, `is_important`, `is_delivered`, `created_at`, `updated_at`) VALUES (89, 4, 29, 'Unde autem harum aut enim. Modi totam ut temporibus accusantium sint non ut atque. Autem corporis cumque est quidem eum reiciendis. Quia et qui exercitationem architecto vel officiis voluptatem.', 0, 0, '2015-09-21 10:21:49', '1984-09-17 00:03:40');
INSERT INTO `messages` (`id`, `from_user_id`, `to_user_id`, `body`, `is_important`, `is_delivered`, `created_at`, `updated_at`) VALUES (90, 93, 107, 'Distinctio fugit corrupti harum quae qui dolorem voluptatibus. Nesciunt voluptas quis alias iste quia ab reiciendis. Qui id accusamus molestiae esse.', 0, 1, '2013-08-21 18:22:34', '1995-12-30 17:32:59');
INSERT INTO `messages` (`id`, `from_user_id`, `to_user_id`, `body`, `is_important`, `is_delivered`, `created_at`, `updated_at`) VALUES (91, 88, 90, 'Beatae quia iste sint placeat deserunt quia rerum. Nemo doloribus aut nostrum enim quis sint. Aperiam aliquam ea qui beatae. Rerum repudiandae voluptas quam rerum ut ex.', 0, 1, '2018-09-06 08:48:30', '1978-10-30 11:40:59');
INSERT INTO `messages` (`id`, `from_user_id`, `to_user_id`, `body`, `is_important`, `is_delivered`, `created_at`, `updated_at`) VALUES (92, 33, 111, 'Ea consectetur repudiandae beatae dolor numquam debitis. Nesciunt laudantium molestiae odit accusantium modi. Et nesciunt atque quis distinctio numquam sed. Eos praesentium aliquid aut suscipit ratione consequatur.', 1, 0, '2007-06-20 16:48:29', '1992-05-13 08:52:07');
INSERT INTO `messages` (`id`, `from_user_id`, `to_user_id`, `body`, `is_important`, `is_delivered`, `created_at`, `updated_at`) VALUES (93, 21, 76, 'Vel iure suscipit exercitationem natus eius culpa. Id voluptate qui tempore culpa hic.', 0, 0, '2001-03-26 07:41:56', '2005-01-25 23:21:54');
INSERT INTO `messages` (`id`, `from_user_id`, `to_user_id`, `body`, `is_important`, `is_delivered`, `created_at`, `updated_at`) VALUES (94, 12, 14, 'Atque temporibus at dolorem ea autem iure accusantium. Natus rerum at fugit eaque. Et ex reiciendis quia consequatur numquam et officia. Quae distinctio qui vitae impedit est.', 1, 1, '2009-09-15 20:55:05', '1989-09-20 21:34:39');
INSERT INTO `messages` (`id`, `from_user_id`, `to_user_id`, `body`, `is_important`, `is_delivered`, `created_at`, `updated_at`) VALUES (95, 77, 60, 'Soluta veritatis qui id ex. Fugiat dolore voluptatibus facere et aliquam magni nobis. Numquam ut totam omnis eligendi quam. Repellat ut ex consequatur et.', 0, 0, '1977-01-20 01:27:41', '1984-01-20 05:06:42');
INSERT INTO `messages` (`id`, `from_user_id`, `to_user_id`, `body`, `is_important`, `is_delivered`, `created_at`, `updated_at`) VALUES (96, 10, 85, 'Ad eum animi voluptas voluptas et assumenda. Ut nesciunt sapiente sunt veniam perferendis voluptas consectetur. Possimus dolor dignissimos quaerat voluptas voluptate id ut.', 1, 0, '1972-04-22 06:39:58', '2020-01-27 14:44:59');
INSERT INTO `messages` (`id`, `from_user_id`, `to_user_id`, `body`, `is_important`, `is_delivered`, `created_at`, `updated_at`) VALUES (97, 79, 104, 'Et velit possimus rerum quibusdam alias non. Architecto blanditiis quidem optio autem nisi eos minima. Et quia enim quia reiciendis.', 1, 1, '2011-07-25 16:03:35', '2013-04-13 16:37:50');
INSERT INTO `messages` (`id`, `from_user_id`, `to_user_id`, `body`, `is_important`, `is_delivered`, `created_at`, `updated_at`) VALUES (98, 21, 57, 'Est culpa quia explicabo consequuntur voluptatem. Dolorem recusandae saepe quisquam. Facere a veritatis aut eaque modi.', 1, 1, '2003-04-22 16:59:56', '2010-04-29 02:36:59');
INSERT INTO `messages` (`id`, `from_user_id`, `to_user_id`, `body`, `is_important`, `is_delivered`, `created_at`, `updated_at`) VALUES (99, 101, 90, 'Est cum quidem qui delectus. Et saepe in iste. Velit rerum sequi adipisci omnis aliquam aut rem.', 1, 1, '1989-04-05 17:45:39', '2009-08-20 13:46:50');
INSERT INTO `messages` (`id`, `from_user_id`, `to_user_id`, `body`, `is_important`, `is_delivered`, `created_at`, `updated_at`) VALUES (100, 36, 75, 'Amet alias at odit et nostrum distinctio similique. Aliquid beatae fugit repudiandae. Perferendis et error quaerat labore.', 1, 1, '1997-11-09 22:01:48', '1995-07-19 12:28:37');
INSERT INTO `messages` (`id`, `from_user_id`, `to_user_id`, `body`, `is_important`, `is_delivered`, `created_at`, `updated_at`) VALUES (101, 110, 4, 'Molestiae explicabo aut rem nihil voluptatum. Enim iste quod animi hic molestiae magni. Delectus quasi error a autem. Culpa omnis et quisquam blanditiis nulla animi necessitatibus.', 1, 0, '1976-08-20 06:30:16', '1995-02-21 15:01:44');
INSERT INTO `messages` (`id`, `from_user_id`, `to_user_id`, `body`, `is_important`, `is_delivered`, `created_at`, `updated_at`) VALUES (102, 87, 16, 'Voluptatem ab beatae ab deleniti sequi sed et. Earum eum recusandae nobis eos molestias optio necessitatibus. Explicabo quia voluptatem aut sit assumenda atque.', 1, 0, '2017-03-20 20:00:09', '2015-02-09 11:49:13');
INSERT INTO `messages` (`id`, `from_user_id`, `to_user_id`, `body`, `is_important`, `is_delivered`, `created_at`, `updated_at`) VALUES (103, 70, 36, 'Minima aut qui fugiat velit error vel. Nemo magni sequi libero porro.', 1, 0, '2006-02-02 10:56:16', '1995-09-04 18:30:46');
INSERT INTO `messages` (`id`, `from_user_id`, `to_user_id`, `body`, `is_important`, `is_delivered`, `created_at`, `updated_at`) VALUES (104, 41, 14, 'Illum omnis consectetur rerum qui possimus ut. Distinctio neque sit sunt placeat dolorem et. Velit voluptas in adipisci autem sed.', 0, 1, '2017-04-12 17:35:35', '2008-02-14 06:52:43');
INSERT INTO `messages` (`id`, `from_user_id`, `to_user_id`, `body`, `is_important`, `is_delivered`, `created_at`, `updated_at`) VALUES (105, 51, 31, 'Ad quis eos in tempore inventore. Voluptatibus dolorum quisquam amet velit. Necessitatibus quas sit cum.', 0, 0, '2000-01-07 12:51:20', '2012-01-09 03:49:16');
INSERT INTO `messages` (`id`, `from_user_id`, `to_user_id`, `body`, `is_important`, `is_delivered`, `created_at`, `updated_at`) VALUES (106, 49, 87, 'Libero omnis dignissimos tempora beatae natus ea dolores. Dolorem aliquid modi veniam natus quam. Quisquam ratione qui soluta velit laudantium quae sed. Tempore excepturi ea laborum minus voluptatem nihil aperiam.', 0, 0, '2004-10-12 07:45:31', '2003-08-28 13:44:34');
INSERT INTO `messages` (`id`, `from_user_id`, `to_user_id`, `body`, `is_important`, `is_delivered`, `created_at`, `updated_at`) VALUES (107, 57, 91, 'Quis animi et ut excepturi architecto aliquid et. Occaecati est et magnam libero. Enim quod asperiores aut aperiam. Modi earum necessitatibus sit omnis sit.', 0, 1, '2001-06-26 05:34:17', '1979-06-22 08:19:00');
INSERT INTO `messages` (`id`, `from_user_id`, `to_user_id`, `body`, `is_important`, `is_delivered`, `created_at`, `updated_at`) VALUES (108, 77, 107, 'Sunt fugit qui et sit nobis. Ut pariatur voluptas quis et nulla dolorem dolor. Quam sit sit pariatur dolor pariatur ea.', 0, 1, '2000-12-07 23:58:42', '2010-12-01 12:18:52');
INSERT INTO `messages` (`id`, `from_user_id`, `to_user_id`, `body`, `is_important`, `is_delivered`, `created_at`, `updated_at`) VALUES (109, 31, 20, 'Ea rerum quasi nihil consequatur numquam id. Itaque eveniet veniam veniam amet libero. Reiciendis accusamus et animi dolor quia voluptates consequatur.', 0, 1, '1991-03-27 11:27:36', '2001-12-21 14:00:04');
INSERT INTO `messages` (`id`, `from_user_id`, `to_user_id`, `body`, `is_important`, `is_delivered`, `created_at`, `updated_at`) VALUES (110, 81, 23, 'Ullam et dolorum tempora saepe accusamus. Et voluptatem non labore provident optio tenetur. Est repellendus repellat voluptatem. Ea excepturi quia quam voluptate aut officiis ipsum.', 0, 1, '1973-07-23 21:46:52', '1998-09-16 00:15:06');
INSERT INTO `messages` (`id`, `from_user_id`, `to_user_id`, `body`, `is_important`, `is_delivered`, `created_at`, `updated_at`) VALUES (111, 110, 81, 'Quis quia autem recusandae aliquid. Tenetur minima reprehenderit quasi sed numquam consequatur. Qui saepe distinctio tempore excepturi fuga excepturi et. Consequatur vel qui cupiditate beatae ea placeat dolorum.', 1, 1, '1985-06-15 00:19:26', '1988-12-18 05:18:08');
INSERT INTO `messages` (`id`, `from_user_id`, `to_user_id`, `body`, `is_important`, `is_delivered`, `created_at`, `updated_at`) VALUES (112, 73, 66, 'Dolores quo numquam ut dolor et. Culpa rerum ut veritatis recusandae sunt cumque tenetur. Ut inventore eveniet cumque tenetur asperiores eius accusantium.', 0, 0, '1971-01-04 21:40:46', '2003-10-27 07:27:53');
INSERT INTO `messages` (`id`, `from_user_id`, `to_user_id`, `body`, `is_important`, `is_delivered`, `created_at`, `updated_at`) VALUES (113, 1, 35, 'Ut suscipit quidem corporis est. Voluptas sint tempora iste aliquid ipsum eaque. Perferendis perferendis excepturi expedita dolorem reiciendis beatae.', 1, 1, '1987-09-10 11:19:48', '1989-02-21 08:42:31');
INSERT INTO `messages` (`id`, `from_user_id`, `to_user_id`, `body`, `is_important`, `is_delivered`, `created_at`, `updated_at`) VALUES (114, 100, 12, 'Voluptas corporis voluptatem doloribus facere. Delectus similique non mollitia ad optio eveniet mollitia. Consequuntur temporibus asperiores et nobis est tenetur impedit. Recusandae qui qui distinctio eaque.', 0, 0, '2004-01-01 11:14:11', '1974-10-28 06:43:50');
INSERT INTO `messages` (`id`, `from_user_id`, `to_user_id`, `body`, `is_important`, `is_delivered`, `created_at`, `updated_at`) VALUES (115, 38, 41, 'Nisi sed maiores eum enim quibusdam. Officiis fuga non dolores ut. Dolores ea incidunt incidunt non ut. Voluptatem quis et a ipsam facere reprehenderit.', 1, 1, '1973-10-09 13:55:19', '1974-12-25 21:45:43');
INSERT INTO `messages` (`id`, `from_user_id`, `to_user_id`, `body`, `is_important`, `is_delivered`, `created_at`, `updated_at`) VALUES (116, 99, 10, 'Ut quia natus ducimus veritatis maiores. Doloribus autem natus odio placeat quia facilis. Laborum voluptas omnis culpa ut soluta expedita. Dolores in omnis eum. Qui enim sit qui aliquid sed nesciunt.', 1, 0, '2008-02-11 19:18:43', '2012-08-28 13:25:58');
INSERT INTO `messages` (`id`, `from_user_id`, `to_user_id`, `body`, `is_important`, `is_delivered`, `created_at`, `updated_at`) VALUES (117, 9, 67, 'Cum dolor et esse velit. Aut amet repellendus et sunt iusto et. Sit ea dolore recusandae fuga ut voluptates. Qui et voluptas possimus.', 0, 0, '1971-09-20 21:40:31', '1971-02-03 14:28:27');
INSERT INTO `messages` (`id`, `from_user_id`, `to_user_id`, `body`, `is_important`, `is_delivered`, `created_at`, `updated_at`) VALUES (118, 63, 99, 'Rerum aspernatur reprehenderit commodi qui suscipit eaque. Fuga quia quo dolor est dolorum unde dolorem repellat. Nihil eos sunt magnam officiis in amet voluptatum. Facere laborum laboriosam numquam sapiente aut.', 0, 0, '1996-10-08 18:04:53', '1988-08-14 07:19:46');
INSERT INTO `messages` (`id`, `from_user_id`, `to_user_id`, `body`, `is_important`, `is_delivered`, `created_at`, `updated_at`) VALUES (119, 56, 32, 'Est cum est ipsam recusandae rerum. Quibusdam et est et quo modi incidunt illum. Vel qui quae qui exercitationem nesciunt itaque. Nobis et et rem omnis quia.', 1, 0, '2019-12-01 00:54:19', '2020-01-23 10:38:57');
INSERT INTO `messages` (`id`, `from_user_id`, `to_user_id`, `body`, `is_important`, `is_delivered`, `created_at`, `updated_at`) VALUES (120, 68, 28, 'Laborum aut impedit excepturi dolor quo. Cupiditate corrupti facilis minus consequatur sed asperiores iste. Inventore dolor animi id. Dolorem exercitationem quia aut sunt maiores.', 0, 1, '1999-11-03 06:57:29', '2004-12-13 12:02:16');
INSERT INTO `messages` (`id`, `from_user_id`, `to_user_id`, `body`, `is_important`, `is_delivered`, `created_at`, `updated_at`) VALUES (121, 17, 25, 'Quam rem sint at consequatur neque eaque. Vitae omnis aut aperiam voluptas. Sequi odio aut aut soluta nesciunt blanditiis beatae.', 1, 1, '1987-08-21 16:57:37', '2014-11-25 11:21:43');
INSERT INTO `messages` (`id`, `from_user_id`, `to_user_id`, `body`, `is_important`, `is_delivered`, `created_at`, `updated_at`) VALUES (122, 50, 42, 'Doloremque porro recusandae maxime recusandae. In officia enim deserunt odit et molestias. Nulla reiciendis aut qui.', 0, 1, '2003-01-12 01:37:47', '1976-11-06 00:50:57');
INSERT INTO `messages` (`id`, `from_user_id`, `to_user_id`, `body`, `is_important`, `is_delivered`, `created_at`, `updated_at`) VALUES (123, 79, 81, 'Consequatur qui consectetur blanditiis at. Enim autem nihil voluptas amet. Omnis cupiditate veniam minus dicta non reiciendis veritatis aut.', 0, 1, '1976-02-05 15:34:28', '1997-09-07 15:15:43');
INSERT INTO `messages` (`id`, `from_user_id`, `to_user_id`, `body`, `is_important`, `is_delivered`, `created_at`, `updated_at`) VALUES (124, 51, 51, 'Maxime aperiam dignissimos aspernatur quos accusantium. Alias aut eum aliquam perspiciatis velit aut recusandae.', 0, 1, '1994-05-14 00:38:46', '1971-01-12 17:54:53');
INSERT INTO `messages` (`id`, `from_user_id`, `to_user_id`, `body`, `is_important`, `is_delivered`, `created_at`, `updated_at`) VALUES (125, 41, 77, 'Architecto recusandae velit est perspiciatis facere. Sed eligendi assumenda veritatis consequatur porro ipsa velit fugit. Harum nulla architecto repellendus dolor suscipit. Repellendus nulla sint aliquam odit repellendus est error.', 1, 1, '2020-01-05 09:32:51', '2003-03-04 16:58:31');
INSERT INTO `messages` (`id`, `from_user_id`, `to_user_id`, `body`, `is_important`, `is_delivered`, `created_at`, `updated_at`) VALUES (126, 91, 76, 'Aliquid ad doloribus culpa ab sapiente ullam. Quia perferendis consequatur quasi culpa. Ut laudantium quo amet quia ut. Non sit reiciendis deleniti repellendus id dolorum dolores.', 0, 1, '1977-02-03 20:33:35', '1985-04-08 02:43:50');
INSERT INTO `messages` (`id`, `from_user_id`, `to_user_id`, `body`, `is_important`, `is_delivered`, `created_at`, `updated_at`) VALUES (127, 33, 78, 'Necessitatibus odio vel provident iusto molestiae veniam rem. Aliquam veniam nemo voluptas autem totam. Soluta sint quaerat rerum voluptates perspiciatis qui tempora praesentium.', 1, 0, '1973-12-25 18:03:28', '1985-08-17 08:39:51');
INSERT INTO `messages` (`id`, `from_user_id`, `to_user_id`, `body`, `is_important`, `is_delivered`, `created_at`, `updated_at`) VALUES (128, 104, 104, 'Distinctio repudiandae quia est est sapiente et. Omnis qui aspernatur beatae et explicabo dignissimos. Asperiores aperiam sint veniam ratione commodi odit.', 1, 0, '1970-10-11 01:06:50', '1972-06-25 22:50:51');
INSERT INTO `messages` (`id`, `from_user_id`, `to_user_id`, `body`, `is_important`, `is_delivered`, `created_at`, `updated_at`) VALUES (129, 82, 77, 'Rerum voluptatem tenetur cupiditate consequatur temporibus. Et porro error occaecati voluptas. Dicta ut et maxime beatae dignissimos.', 0, 1, '1973-09-17 02:55:31', '2002-08-28 06:42:43');
INSERT INTO `messages` (`id`, `from_user_id`, `to_user_id`, `body`, `is_important`, `is_delivered`, `created_at`, `updated_at`) VALUES (130, 98, 22, 'Laudantium rerum ipsum blanditiis incidunt voluptatem. Libero necessitatibus repellendus vel mollitia doloremque. Ab voluptatem est quia accusantium sed perspiciatis. Sit illum nesciunt a non enim.', 1, 1, '2000-01-28 22:46:29', '1989-06-04 21:36:00');
INSERT INTO `messages` (`id`, `from_user_id`, `to_user_id`, `body`, `is_important`, `is_delivered`, `created_at`, `updated_at`) VALUES (131, 82, 31, 'Numquam amet veritatis autem dignissimos cum ut. Qui consequatur ad et et molestias saepe. Culpa culpa delectus et velit. Maiores officiis quia facere dolor voluptatem natus.', 1, 1, '2005-04-04 11:32:21', '1994-10-09 09:34:40');
INSERT INTO `messages` (`id`, `from_user_id`, `to_user_id`, `body`, `is_important`, `is_delivered`, `created_at`, `updated_at`) VALUES (132, 37, 105, 'Quis sequi debitis voluptates. Laboriosam consequatur nisi consectetur consequatur. Vero nesciunt ut officiis dolorem labore.', 1, 1, '1975-05-11 21:38:04', '1972-08-04 04:11:00');
INSERT INTO `messages` (`id`, `from_user_id`, `to_user_id`, `body`, `is_important`, `is_delivered`, `created_at`, `updated_at`) VALUES (133, 91, 14, 'Enim non alias inventore dolores aut. Atque repudiandae debitis maxime perferendis optio impedit pariatur. Et sed omnis atque velit voluptas aut ut.', 1, 0, '2000-03-01 20:33:17', '1979-10-01 09:39:38');
INSERT INTO `messages` (`id`, `from_user_id`, `to_user_id`, `body`, `is_important`, `is_delivered`, `created_at`, `updated_at`) VALUES (134, 67, 53, 'Autem quo perferendis voluptatibus eaque qui consequuntur. Hic possimus officiis inventore fugiat.', 0, 0, '1992-06-11 09:50:41', '1990-10-12 06:57:19');
INSERT INTO `messages` (`id`, `from_user_id`, `to_user_id`, `body`, `is_important`, `is_delivered`, `created_at`, `updated_at`) VALUES (135, 96, 3, 'Amet iure ex earum enim necessitatibus minus. Tenetur commodi hic molestiae veritatis vero facilis illum quia. Corporis aut ut ut enim.', 1, 0, '2009-08-10 12:24:04', '2007-06-16 22:09:58');
INSERT INTO `messages` (`id`, `from_user_id`, `to_user_id`, `body`, `is_important`, `is_delivered`, `created_at`, `updated_at`) VALUES (136, 36, 9, 'Id voluptatem ut est nihil dolorum consequatur dolor molestiae. Impedit possimus necessitatibus distinctio dicta vel voluptate. Laborum quibusdam autem consequatur pariatur.', 1, 1, '1972-12-09 03:14:15', '1986-01-28 15:19:48');
INSERT INTO `messages` (`id`, `from_user_id`, `to_user_id`, `body`, `is_important`, `is_delivered`, `created_at`, `updated_at`) VALUES (137, 12, 55, 'Dolorum nobis id qui adipisci maiores sequi in. Rerum qui et non sit dolorem dolorum. Sunt repellat ut aut.', 1, 0, '2014-04-07 09:49:00', '1999-11-05 19:48:09');
INSERT INTO `messages` (`id`, `from_user_id`, `to_user_id`, `body`, `is_important`, `is_delivered`, `created_at`, `updated_at`) VALUES (138, 57, 10, 'Quo commodi officiis earum voluptas ratione odio quisquam. Suscipit suscipit aliquid maiores ratione animi mollitia. Sit ut perferendis doloribus ab molestias similique tempora. Et natus voluptatem in et libero distinctio aut.', 0, 0, '1976-12-16 03:20:01', '1970-10-05 05:22:27');
INSERT INTO `messages` (`id`, `from_user_id`, `to_user_id`, `body`, `is_important`, `is_delivered`, `created_at`, `updated_at`) VALUES (139, 79, 82, 'Molestiae nobis quaerat autem nisi at. Occaecati corporis vel voluptas. Labore nobis sit nulla eos minus minima minima.', 0, 0, '2000-09-09 11:14:18', '1981-01-08 18:18:30');
INSERT INTO `messages` (`id`, `from_user_id`, `to_user_id`, `body`, `is_important`, `is_delivered`, `created_at`, `updated_at`) VALUES (140, 101, 26, 'Excepturi voluptatem sit minus non accusantium eveniet. Omnis aut enim velit ut soluta possimus. Sint similique eius possimus. Inventore quia neque assumenda qui quia.', 1, 0, '2011-07-16 18:58:04', '1987-02-26 17:40:06');
INSERT INTO `messages` (`id`, `from_user_id`, `to_user_id`, `body`, `is_important`, `is_delivered`, `created_at`, `updated_at`) VALUES (141, 89, 92, 'Aut et dolorum quo tempora neque explicabo. Quisquam cumque quia et est aspernatur ut laboriosam. Rem nihil placeat accusamus asperiores consequatur minus ut deleniti.', 0, 0, '1983-08-27 10:41:36', '1999-10-14 19:36:29');
INSERT INTO `messages` (`id`, `from_user_id`, `to_user_id`, `body`, `is_important`, `is_delivered`, `created_at`, `updated_at`) VALUES (142, 33, 84, 'Consectetur dicta sunt asperiores. Dignissimos consequatur velit ipsam et distinctio deleniti animi magni. Alias aut repudiandae quia voluptas et.', 0, 1, '1996-09-17 22:47:42', '2007-08-14 19:24:20');
INSERT INTO `messages` (`id`, `from_user_id`, `to_user_id`, `body`, `is_important`, `is_delivered`, `created_at`, `updated_at`) VALUES (143, 3, 80, 'Magnam voluptas eum nobis voluptas ut. Veniam aut ipsam eum nesciunt et molestiae sit. Minima aspernatur libero est est amet. Quia tempora architecto autem et.', 1, 0, '1973-09-07 18:41:56', '1976-08-11 08:54:46');
INSERT INTO `messages` (`id`, `from_user_id`, `to_user_id`, `body`, `is_important`, `is_delivered`, `created_at`, `updated_at`) VALUES (144, 38, 95, 'Dolor et aut consequatur dignissimos dicta. Aliquam totam quo distinctio odio quos repellendus dolore error.', 1, 1, '2015-12-08 07:26:35', '2000-06-05 01:28:55');
INSERT INTO `messages` (`id`, `from_user_id`, `to_user_id`, `body`, `is_important`, `is_delivered`, `created_at`, `updated_at`) VALUES (145, 63, 67, 'Quibusdam amet officiis quia enim enim omnis accusamus. Quisquam esse quod eum similique nihil sequi. Impedit beatae autem et vel et et nam.', 0, 1, '1971-07-02 07:53:16', '2011-04-01 06:42:37');
INSERT INTO `messages` (`id`, `from_user_id`, `to_user_id`, `body`, `is_important`, `is_delivered`, `created_at`, `updated_at`) VALUES (146, 13, 15, 'Reprehenderit molestiae consequatur perferendis quia iusto. Iure tempore ut maiores optio. Nesciunt ut cum voluptatem qui vel animi. Voluptas voluptatem est et itaque.', 0, 1, '1974-11-04 23:08:25', '1997-12-09 21:28:09');
INSERT INTO `messages` (`id`, `from_user_id`, `to_user_id`, `body`, `is_important`, `is_delivered`, `created_at`, `updated_at`) VALUES (147, 4, 82, 'Dolor est numquam nobis aut numquam debitis iusto. Praesentium aperiam ut sed. Sint expedita eligendi quasi nostrum et et. Optio dolore et asperiores repellendus corrupti.', 1, 1, '2001-09-08 23:10:32', '2019-02-09 16:29:31');
INSERT INTO `messages` (`id`, `from_user_id`, `to_user_id`, `body`, `is_important`, `is_delivered`, `created_at`, `updated_at`) VALUES (148, 84, 75, 'Animi consequatur deserunt ab. Consequatur et quis iusto in. Nisi sunt accusamus illo quisquam.', 1, 1, '1976-12-06 17:47:27', '1977-12-03 23:34:35');
INSERT INTO `messages` (`id`, `from_user_id`, `to_user_id`, `body`, `is_important`, `is_delivered`, `created_at`, `updated_at`) VALUES (149, 28, 103, 'Aut inventore a nemo quibusdam. Qui autem recusandae ducimus facere. Corrupti et quisquam id labore iure aut.', 1, 1, '1974-09-15 18:20:07', '2002-09-06 17:51:09');
INSERT INTO `messages` (`id`, `from_user_id`, `to_user_id`, `body`, `is_important`, `is_delivered`, `created_at`, `updated_at`) VALUES (150, 82, 105, 'Quo ratione itaque consectetur eos quis. Aut rerum ex est voluptatibus.', 0, 1, '1998-02-22 00:46:38', '2013-08-03 06:34:40');
INSERT INTO `messages` (`id`, `from_user_id`, `to_user_id`, `body`, `is_important`, `is_delivered`, `created_at`, `updated_at`) VALUES (151, 53, 40, 'Rerum voluptas omnis perspiciatis voluptas quaerat alias voluptatem. Rerum omnis qui omnis consequuntur. Id voluptates dolorem incidunt eum qui odit.', 1, 1, '2010-06-17 00:51:09', '1977-05-19 03:03:51');
INSERT INTO `messages` (`id`, `from_user_id`, `to_user_id`, `body`, `is_important`, `is_delivered`, `created_at`, `updated_at`) VALUES (152, 84, 57, 'Ut impedit autem qui excepturi mollitia. Natus aut ut numquam possimus. Autem quasi ex est ex blanditiis omnis occaecati. Qui in omnis voluptatem voluptatem.', 0, 1, '1987-07-17 21:50:51', '2001-10-01 19:10:46');
INSERT INTO `messages` (`id`, `from_user_id`, `to_user_id`, `body`, `is_important`, `is_delivered`, `created_at`, `updated_at`) VALUES (153, 60, 12, 'Qui autem atque asperiores saepe voluptate modi. Praesentium fugiat impedit nesciunt reiciendis. Cum maiores laborum voluptatibus dolorem eius nihil incidunt.', 0, 0, '2011-06-05 02:37:21', '2002-07-08 09:17:43');
INSERT INTO `messages` (`id`, `from_user_id`, `to_user_id`, `body`, `is_important`, `is_delivered`, `created_at`, `updated_at`) VALUES (154, 100, 40, 'Esse quia eligendi dolorum quo. Voluptas sint omnis aut. Est exercitationem ipsam nesciunt non dolores. Saepe nostrum necessitatibus voluptatem asperiores rerum quis.', 1, 0, '2015-07-04 01:28:02', '2020-03-11 23:37:39');
INSERT INTO `messages` (`id`, `from_user_id`, `to_user_id`, `body`, `is_important`, `is_delivered`, `created_at`, `updated_at`) VALUES (155, 25, 87, 'Rerum id cum rem tempora. Ex id rerum corrupti consequuntur similique. Aut consectetur quaerat possimus et dolor rerum consequatur. Consequatur amet tenetur velit enim inventore.', 0, 1, '1980-10-20 09:28:15', '1988-01-27 19:59:20');
INSERT INTO `messages` (`id`, `from_user_id`, `to_user_id`, `body`, `is_important`, `is_delivered`, `created_at`, `updated_at`) VALUES (156, 6, 90, 'Voluptas necessitatibus est tenetur architecto reiciendis eaque ea. Autem quidem deleniti a error alias. Nihil est aperiam animi.', 0, 0, '2008-06-08 21:13:19', '1998-04-22 10:34:20');
INSERT INTO `messages` (`id`, `from_user_id`, `to_user_id`, `body`, `is_important`, `is_delivered`, `created_at`, `updated_at`) VALUES (157, 93, 36, 'Quidem aut qui optio a saepe aut. Et omnis quibusdam velit similique. Atque consequuntur blanditiis et nobis qui.', 1, 0, '1994-12-13 04:26:49', '1972-01-25 03:10:08');
INSERT INTO `messages` (`id`, `from_user_id`, `to_user_id`, `body`, `is_important`, `is_delivered`, `created_at`, `updated_at`) VALUES (158, 46, 52, 'Voluptatem totam assumenda voluptatum consequuntur omnis voluptas. Adipisci aut incidunt pariatur eos soluta dolor. Eum deserunt at porro accusamus perferendis culpa laboriosam.', 1, 1, '2012-10-09 06:27:48', '1978-12-27 08:49:43');
INSERT INTO `messages` (`id`, `from_user_id`, `to_user_id`, `body`, `is_important`, `is_delivered`, `created_at`, `updated_at`) VALUES (159, 72, 111, 'Autem numquam eveniet et ipsum alias voluptas. Molestias iusto vero aperiam repellat. Eum quibusdam non nihil in.', 1, 1, '2004-05-24 23:21:22', '2020-07-07 11:19:15');
INSERT INTO `messages` (`id`, `from_user_id`, `to_user_id`, `body`, `is_important`, `is_delivered`, `created_at`, `updated_at`) VALUES (160, 56, 44, 'Commodi ut recusandae nam perferendis sunt rem eaque. Illum vero voluptatibus et odit. Iure et commodi distinctio dolor quasi sapiente. Eligendi et aut corporis iste et perspiciatis quam.', 1, 1, '1975-08-23 04:35:05', '1980-05-22 17:17:52');
INSERT INTO `messages` (`id`, `from_user_id`, `to_user_id`, `body`, `is_important`, `is_delivered`, `created_at`, `updated_at`) VALUES (161, 106, 88, 'Facere eos iure voluptas earum maxime aut porro. Error harum quis quo voluptatibus. Enim consequatur est consectetur repudiandae voluptatem ipsum. Est ipsa impedit ducimus et impedit.', 1, 1, '1994-01-22 20:39:40', '1981-03-24 18:15:09');
INSERT INTO `messages` (`id`, `from_user_id`, `to_user_id`, `body`, `is_important`, `is_delivered`, `created_at`, `updated_at`) VALUES (162, 103, 45, 'Tenetur est repellat beatae consequuntur. Numquam assumenda itaque minus magnam est odio praesentium. Sint veniam rem necessitatibus ut aperiam voluptatem. Voluptatibus consectetur illo eius incidunt et aut et quisquam. Voluptatem consequuntur necessitatibus necessitatibus cum molestiae deleniti veritatis.', 1, 1, '2015-02-08 04:01:52', '1971-06-11 17:52:16');
INSERT INTO `messages` (`id`, `from_user_id`, `to_user_id`, `body`, `is_important`, `is_delivered`, `created_at`, `updated_at`) VALUES (163, 82, 13, 'Iure architecto laudantium omnis cumque quo laudantium ea. Et ut blanditiis libero vel animi tempore beatae harum. Fuga ea similique tempore omnis molestias dolor. Dolorem fugit a quod rerum voluptate vel. Repellat omnis ipsum rem magnam dolores asperiores perspiciatis.', 0, 1, '2013-06-25 15:58:08', '2015-03-05 07:02:13');
INSERT INTO `messages` (`id`, `from_user_id`, `to_user_id`, `body`, `is_important`, `is_delivered`, `created_at`, `updated_at`) VALUES (164, 77, 20, 'Hic necessitatibus sed cupiditate odio voluptatem accusamus est blanditiis. Ut voluptas nihil laudantium quia est. Tenetur consequatur qui quia consequatur expedita laudantium pariatur.', 1, 1, '1973-12-24 11:33:19', '2008-10-17 11:08:30');
INSERT INTO `messages` (`id`, `from_user_id`, `to_user_id`, `body`, `is_important`, `is_delivered`, `created_at`, `updated_at`) VALUES (165, 103, 89, 'Similique ullam voluptas quia omnis et velit voluptas. Cumque placeat facere vel ducimus nihil et.', 1, 1, '2003-08-31 20:37:10', '2004-09-04 15:47:19');
INSERT INTO `messages` (`id`, `from_user_id`, `to_user_id`, `body`, `is_important`, `is_delivered`, `created_at`, `updated_at`) VALUES (166, 88, 26, 'Necessitatibus cupiditate possimus sunt. Dolorem quibusdam ut nostrum dolor tempora quia. Exercitationem veniam eum mollitia est.', 0, 0, '1997-03-02 05:00:06', '1993-07-05 02:57:26');
INSERT INTO `messages` (`id`, `from_user_id`, `to_user_id`, `body`, `is_important`, `is_delivered`, `created_at`, `updated_at`) VALUES (167, 14, 59, 'Porro laborum ducimus expedita nihil corporis. Odit magnam non officiis tenetur labore.', 0, 1, '2017-11-18 19:37:43', '1983-09-05 14:03:57');
INSERT INTO `messages` (`id`, `from_user_id`, `to_user_id`, `body`, `is_important`, `is_delivered`, `created_at`, `updated_at`) VALUES (168, 47, 26, 'Corporis est qui ratione ut recusandae. Pariatur maiores deleniti cum reiciendis quia aut laudantium. Nulla dolorum illo incidunt hic. Alias non voluptatibus libero recusandae recusandae eum vero. Harum quibusdam quaerat nobis rerum porro.', 1, 1, '1972-11-22 23:23:55', '1974-01-28 11:12:27');
INSERT INTO `messages` (`id`, `from_user_id`, `to_user_id`, `body`, `is_important`, `is_delivered`, `created_at`, `updated_at`) VALUES (169, 15, 41, 'Quisquam culpa eaque omnis aliquid laudantium. Est ut tenetur molestiae sit quia molestiae. Illo provident deleniti aut veniam culpa qui. Asperiores architecto dolorum nostrum quidem.', 1, 1, '2010-07-04 19:08:30', '1996-07-05 04:12:29');
INSERT INTO `messages` (`id`, `from_user_id`, `to_user_id`, `body`, `is_important`, `is_delivered`, `created_at`, `updated_at`) VALUES (170, 106, 78, 'Quia rerum quis natus non sunt iste atque. Voluptatum magnam enim voluptatem nobis impedit. Id tempore aut molestiae officia facilis sed. Aperiam commodi dolor quas nesciunt delectus ut maxime.', 0, 0, '2007-08-28 09:46:42', '1990-11-13 22:30:53');
INSERT INTO `messages` (`id`, `from_user_id`, `to_user_id`, `body`, `is_important`, `is_delivered`, `created_at`, `updated_at`) VALUES (171, 61, 47, 'Ducimus nostrum blanditiis autem inventore quaerat dolores. Cum blanditiis in debitis. Dolores mollitia fugit velit voluptas qui earum. Rem ut blanditiis expedita veritatis.', 0, 1, '1988-08-06 10:57:50', '1987-03-12 14:54:16');
INSERT INTO `messages` (`id`, `from_user_id`, `to_user_id`, `body`, `is_important`, `is_delivered`, `created_at`, `updated_at`) VALUES (172, 109, 10, 'Adipisci non similique quam magni facilis ipsam. Et eligendi et sed et. Dolores voluptate distinctio id recusandae itaque. Praesentium similique voluptatem et qui aut.', 1, 1, '2010-11-22 00:09:57', '1994-05-10 16:18:48');
INSERT INTO `messages` (`id`, `from_user_id`, `to_user_id`, `body`, `is_important`, `is_delivered`, `created_at`, `updated_at`) VALUES (173, 49, 16, 'Laudantium perferendis architecto delectus aut perspiciatis unde. Perferendis quisquam tenetur qui quas quod totam fugiat sint. Cupiditate sit neque deserunt asperiores earum dolores accusamus.', 1, 0, '1972-02-25 18:35:56', '2005-02-28 13:52:52');
INSERT INTO `messages` (`id`, `from_user_id`, `to_user_id`, `body`, `is_important`, `is_delivered`, `created_at`, `updated_at`) VALUES (174, 107, 108, 'Et sit sed ullam et cupiditate veniam. Porro iste illo autem distinctio. Et aut sunt dolor voluptatem.', 0, 0, '1975-09-10 18:16:22', '2019-05-13 21:15:04');
INSERT INTO `messages` (`id`, `from_user_id`, `to_user_id`, `body`, `is_important`, `is_delivered`, `created_at`, `updated_at`) VALUES (175, 34, 65, 'Ipsum est quibusdam facilis porro. Cupiditate et nobis est sint consectetur ipsa. Sunt ipsum consequatur repellat nulla. Exercitationem sapiente eos quo aut fuga ipsa accusantium. Exercitationem vel voluptates corrupti qui ratione.', 0, 0, '2010-03-01 07:20:21', '2012-03-05 03:49:25');
INSERT INTO `messages` (`id`, `from_user_id`, `to_user_id`, `body`, `is_important`, `is_delivered`, `created_at`, `updated_at`) VALUES (176, 62, 9, 'Odit cumque quia ducimus corrupti. Deserunt repellat commodi dicta quaerat. Consequatur sed aut assumenda. Architecto est corporis eos quae asperiores.', 0, 0, '1985-01-23 18:22:44', '2005-01-29 02:27:47');
INSERT INTO `messages` (`id`, `from_user_id`, `to_user_id`, `body`, `is_important`, `is_delivered`, `created_at`, `updated_at`) VALUES (177, 32, 63, 'Itaque quibusdam accusamus facilis ut id veritatis. Temporibus ratione fugiat nemo et. Soluta enim deleniti sit voluptatibus et in. Voluptatibus temporibus eveniet veniam explicabo quas.', 1, 1, '2016-05-09 14:26:07', '1983-11-17 13:44:48');
INSERT INTO `messages` (`id`, `from_user_id`, `to_user_id`, `body`, `is_important`, `is_delivered`, `created_at`, `updated_at`) VALUES (178, 3, 16, 'Adipisci consequatur dolores est cumque placeat. Qui repellendus reprehenderit ut odio sint aliquid aut. Exercitationem vel vero quisquam occaecati culpa dolore. Quisquam ducimus sit rerum quos.', 1, 0, '1998-10-14 06:06:42', '1975-07-29 04:46:56');
INSERT INTO `messages` (`id`, `from_user_id`, `to_user_id`, `body`, `is_important`, `is_delivered`, `created_at`, `updated_at`) VALUES (179, 15, 27, 'Rem illum quia consectetur. Nulla totam sint et temporibus quia et. Inventore consequatur est voluptatem odio velit ea. Et reprehenderit ratione quo ipsum. Quia et velit beatae nisi et eos.', 1, 0, '2016-07-01 17:29:43', '2011-12-03 12:08:32');
INSERT INTO `messages` (`id`, `from_user_id`, `to_user_id`, `body`, `is_important`, `is_delivered`, `created_at`, `updated_at`) VALUES (180, 16, 62, 'Laudantium aut ratione aliquam. Consequatur aut eius labore ipsa aut est magni id.', 1, 0, '2002-12-07 15:51:49', '2010-05-07 08:23:19');
INSERT INTO `messages` (`id`, `from_user_id`, `to_user_id`, `body`, `is_important`, `is_delivered`, `created_at`, `updated_at`) VALUES (181, 73, 88, 'Voluptatum repudiandae architecto officia sit. Commodi eveniet dolores enim assumenda voluptas enim. Nobis occaecati soluta ratione pariatur sit sit. Incidunt illo ut et et qui necessitatibus. Aut dolor dicta ut molestiae voluptas cupiditate illum labore.', 1, 1, '2016-09-06 09:54:09', '1992-06-14 00:44:08');
INSERT INTO `messages` (`id`, `from_user_id`, `to_user_id`, `body`, `is_important`, `is_delivered`, `created_at`, `updated_at`) VALUES (182, 102, 80, 'Soluta sit qui nesciunt dolores nam. Unde et temporibus delectus non repellendus. Et dolor et ipsum consequatur.', 0, 0, '2009-04-14 23:31:55', '1987-02-04 05:18:47');
INSERT INTO `messages` (`id`, `from_user_id`, `to_user_id`, `body`, `is_important`, `is_delivered`, `created_at`, `updated_at`) VALUES (183, 66, 16, 'Molestiae dolorem itaque ad repellendus cumque laboriosam. Expedita qui sit molestiae temporibus harum qui. Placeat iste est ad dolor. Error voluptatem nulla pariatur vitae. Maxime debitis nemo sunt reiciendis hic ipsum veritatis.', 1, 0, '1988-04-01 11:26:00', '2015-12-06 22:04:26');
INSERT INTO `messages` (`id`, `from_user_id`, `to_user_id`, `body`, `is_important`, `is_delivered`, `created_at`, `updated_at`) VALUES (184, 41, 15, 'Eius voluptas aspernatur aut. Libero eum dolorem nisi. Quaerat laborum aliquam illo labore alias. Inventore rem in rerum ullam. Eos totam praesentium distinctio ea suscipit.', 1, 1, '1988-11-12 13:16:12', '1992-10-15 22:10:41');
INSERT INTO `messages` (`id`, `from_user_id`, `to_user_id`, `body`, `is_important`, `is_delivered`, `created_at`, `updated_at`) VALUES (185, 96, 23, 'Eaque id hic quia deserunt eius dolore corporis maiores. Illum voluptatem ducimus pariatur rem perspiciatis exercitationem. Explicabo dolor unde eligendi temporibus repellat corrupti mollitia. Rerum blanditiis sunt et enim est et occaecati.', 1, 1, '2000-12-15 15:18:37', '1994-07-11 15:51:58');
INSERT INTO `messages` (`id`, `from_user_id`, `to_user_id`, `body`, `is_important`, `is_delivered`, `created_at`, `updated_at`) VALUES (186, 61, 34, 'Doloribus provident consectetur tenetur et rem. Quisquam porro enim saepe deserunt tempore quo illum maxime. Alias officia voluptatem sit.', 1, 1, '1972-07-23 10:00:02', '2011-08-08 03:44:10');
INSERT INTO `messages` (`id`, `from_user_id`, `to_user_id`, `body`, `is_important`, `is_delivered`, `created_at`, `updated_at`) VALUES (187, 9, 72, 'Labore est voluptatem soluta aut. Alias voluptate nisi eaque deleniti. Possimus quasi neque dolor qui quia velit. Repellat ratione qui expedita placeat dolorum rerum.', 0, 0, '1995-01-08 06:43:36', '2008-03-11 20:42:35');
INSERT INTO `messages` (`id`, `from_user_id`, `to_user_id`, `body`, `is_important`, `is_delivered`, `created_at`, `updated_at`) VALUES (188, 17, 55, 'Velit tenetur cum enim et iusto. Quo ullam aliquid dolores eius quo omnis. Enim totam corrupti amet est repellat est repellendus.', 0, 1, '1971-07-20 14:53:59', '1986-10-28 18:41:24');
INSERT INTO `messages` (`id`, `from_user_id`, `to_user_id`, `body`, `is_important`, `is_delivered`, `created_at`, `updated_at`) VALUES (189, 56, 55, 'Molestiae accusantium dicta aut optio. Sit veritatis provident quasi vel. Velit dolore eligendi adipisci tempora commodi iusto voluptatem doloremque.', 1, 0, '2002-05-21 12:04:05', '2006-07-29 05:07:04');
INSERT INTO `messages` (`id`, `from_user_id`, `to_user_id`, `body`, `is_important`, `is_delivered`, `created_at`, `updated_at`) VALUES (190, 35, 81, 'Quibusdam assumenda dicta ea. Est nisi nisi non dolorum.', 1, 1, '1983-02-16 20:53:45', '2011-07-13 06:36:24');
INSERT INTO `messages` (`id`, `from_user_id`, `to_user_id`, `body`, `is_important`, `is_delivered`, `created_at`, `updated_at`) VALUES (191, 38, 4, 'Rerum quibusdam qui quaerat delectus. Vel est omnis natus accusamus velit nihil alias. Totam excepturi a enim eos iusto. Sit provident dignissimos maiores. Nam odio omnis sit sit earum.', 1, 1, '1996-03-31 02:46:51', '1977-03-27 02:32:30');
INSERT INTO `messages` (`id`, `from_user_id`, `to_user_id`, `body`, `is_important`, `is_delivered`, `created_at`, `updated_at`) VALUES (192, 25, 95, 'Consequatur omnis repellat quas et atque. Aliquid exercitationem vel fugiat et aut. Est quidem voluptates est. Sunt magni aut corporis voluptatem eaque labore magnam sed.', 0, 0, '1979-11-02 10:38:24', '1975-12-13 11:32:23');
INSERT INTO `messages` (`id`, `from_user_id`, `to_user_id`, `body`, `is_important`, `is_delivered`, `created_at`, `updated_at`) VALUES (193, 54, 31, 'Esse est magnam eos vero quis itaque. Nisi placeat iure recusandae. Quam consequuntur labore magni similique laudantium numquam.', 0, 0, '1990-06-17 12:22:48', '1982-07-21 03:28:55');
INSERT INTO `messages` (`id`, `from_user_id`, `to_user_id`, `body`, `is_important`, `is_delivered`, `created_at`, `updated_at`) VALUES (194, 88, 102, 'Nulla vero quia quisquam molestiae dolorem. Sint suscipit facere qui accusantium repudiandae voluptatem ut.', 1, 1, '1998-07-10 15:25:33', '2011-07-03 23:16:18');
INSERT INTO `messages` (`id`, `from_user_id`, `to_user_id`, `body`, `is_important`, `is_delivered`, `created_at`, `updated_at`) VALUES (195, 33, 110, 'Sequi cupiditate officiis accusamus asperiores iste commodi. Expedita non facilis mollitia magnam iure perspiciatis.', 0, 0, '1973-11-12 17:19:48', '2006-12-22 21:32:50');
INSERT INTO `messages` (`id`, `from_user_id`, `to_user_id`, `body`, `is_important`, `is_delivered`, `created_at`, `updated_at`) VALUES (196, 110, 21, 'Ut et quia eius provident atque. Dolorem quod suscipit sunt maxime id. Voluptatibus et est quod aperiam.', 1, 1, '2003-01-10 09:56:57', '1999-05-06 09:25:15');
INSERT INTO `messages` (`id`, `from_user_id`, `to_user_id`, `body`, `is_important`, `is_delivered`, `created_at`, `updated_at`) VALUES (197, 29, 7, 'Aut incidunt aut minus nam corporis. Quia voluptatem exercitationem qui molestias ex ut. Sint magnam quis vel.', 0, 0, '2006-01-04 02:58:18', '1988-05-09 03:53:50');
INSERT INTO `messages` (`id`, `from_user_id`, `to_user_id`, `body`, `is_important`, `is_delivered`, `created_at`, `updated_at`) VALUES (198, 22, 1, 'Similique iure quibusdam minima pariatur. Accusantium aperiam sint ut quos earum. Dolorem exercitationem alias doloribus fugit et odit inventore nihil. Facilis asperiores non ab qui. Aut dolore porro velit.', 0, 0, '2006-06-10 01:07:02', '2003-12-01 23:47:35');
INSERT INTO `messages` (`id`, `from_user_id`, `to_user_id`, `body`, `is_important`, `is_delivered`, `created_at`, `updated_at`) VALUES (199, 93, 76, 'Sit iste voluptate eligendi quia excepturi rerum. Autem est tempora ex consequatur. Debitis reiciendis ut enim molestiae aut velit. Sunt eligendi officiis qui voluptas corrupti.', 1, 0, '2007-08-07 08:05:42', '2019-07-25 09:11:07');
INSERT INTO `messages` (`id`, `from_user_id`, `to_user_id`, `body`, `is_important`, `is_delivered`, `created_at`, `updated_at`) VALUES (200, 3, 14, 'Autem dicta magni ut. Sunt ipsa quaerat deleniti officia excepturi enim repellat.', 1, 1, '2003-11-26 05:25:26', '1990-11-10 12:28:35');
INSERT INTO `messages` (`id`, `from_user_id`, `to_user_id`, `body`, `is_important`, `is_delivered`, `created_at`, `updated_at`) VALUES (201, 61, 45, 'Et recusandae corporis aliquam dignissimos ducimus sit velit. Labore est rem optio rerum suscipit explicabo autem.', 1, 1, '2013-10-27 12:27:48', '1995-10-08 07:14:57');
INSERT INTO `messages` (`id`, `from_user_id`, `to_user_id`, `body`, `is_important`, `is_delivered`, `created_at`, `updated_at`) VALUES (202, 94, 110, 'Possimus ut adipisci autem atque omnis ipsa. Eos et atque autem reprehenderit. Libero voluptas ratione enim incidunt non. Aut sint consequatur minus tenetur illo culpa.', 0, 1, '2011-12-07 13:24:47', '2020-07-09 21:15:38');
INSERT INTO `messages` (`id`, `from_user_id`, `to_user_id`, `body`, `is_important`, `is_delivered`, `created_at`, `updated_at`) VALUES (203, 73, 26, 'Nihil qui magni blanditiis sed repellat. Ut sit pariatur deleniti. Sit repellendus qui aperiam minima quia doloremque. Officia odit repellat et ea.', 0, 0, '1992-02-07 10:01:30', '2011-12-29 04:37:00');
INSERT INTO `messages` (`id`, `from_user_id`, `to_user_id`, `body`, `is_important`, `is_delivered`, `created_at`, `updated_at`) VALUES (204, 29, 71, 'Accusantium explicabo qui autem accusantium. Ut culpa necessitatibus perspiciatis eos. Laboriosam aut et fuga corporis nemo eos sit enim. Exercitationem alias rerum quis sequi placeat culpa nesciunt eos.', 1, 1, '2002-02-10 08:29:58', '2018-09-12 06:34:48');
INSERT INTO `messages` (`id`, `from_user_id`, `to_user_id`, `body`, `is_important`, `is_delivered`, `created_at`, `updated_at`) VALUES (205, 30, 68, 'Quo doloribus ex sint aut sint rerum earum. Sed non dolorem recusandae ullam. Itaque dolor ut ad modi tempora.', 0, 1, '1998-12-24 18:45:30', '1991-11-19 09:49:30');
INSERT INTO `messages` (`id`, `from_user_id`, `to_user_id`, `body`, `is_important`, `is_delivered`, `created_at`, `updated_at`) VALUES (206, 108, 37, 'Fugiat est laboriosam beatae delectus. Corporis nam voluptatum vero aliquid velit tenetur. Ad et sed in perspiciatis nihil sit explicabo et. Perferendis voluptas veritatis molestias distinctio.', 0, 0, '1980-08-28 15:16:30', '1998-08-08 02:47:38');
INSERT INTO `messages` (`id`, `from_user_id`, `to_user_id`, `body`, `is_important`, `is_delivered`, `created_at`, `updated_at`) VALUES (207, 83, 101, 'Architecto doloremque assumenda sint consequatur. Nihil iure recusandae qui explicabo praesentium. Qui voluptatem fugiat magni occaecati ea deserunt. Quia non iusto aut eos.', 0, 1, '2006-06-04 12:34:17', '1991-05-16 17:29:38');
INSERT INTO `messages` (`id`, `from_user_id`, `to_user_id`, `body`, `is_important`, `is_delivered`, `created_at`, `updated_at`) VALUES (208, 63, 13, 'Quod vel ut ut. Numquam magni aut voluptates maiores ipsum. Id sint excepturi rerum tenetur veniam omnis et. Et qui vel dignissimos fugiat minima consequatur ut.', 0, 1, '2002-03-04 15:12:20', '2016-08-13 23:03:06');
INSERT INTO `messages` (`id`, `from_user_id`, `to_user_id`, `body`, `is_important`, `is_delivered`, `created_at`, `updated_at`) VALUES (209, 73, 90, 'Consectetur sit incidunt facilis et sit doloribus soluta. Vitae autem rerum saepe. Ratione in harum dolores qui delectus accusamus qui iure. Quidem sed harum voluptate error.', 0, 0, '2003-06-14 08:59:41', '1976-01-03 10:27:46');
INSERT INTO `messages` (`id`, `from_user_id`, `to_user_id`, `body`, `is_important`, `is_delivered`, `created_at`, `updated_at`) VALUES (210, 87, 55, 'Ad necessitatibus distinctio numquam quia dignissimos itaque non. Ex deserunt laboriosam delectus placeat nulla mollitia voluptas omnis. Ullam necessitatibus sequi ducimus commodi consequuntur voluptatem. Eum recusandae sed laborum voluptatem.', 0, 0, '2008-10-03 23:11:23', '1983-12-16 14:04:04');
INSERT INTO `messages` (`id`, `from_user_id`, `to_user_id`, `body`, `is_important`, `is_delivered`, `created_at`, `updated_at`) VALUES (211, 86, 56, 'Et iste minima ut voluptatem. Nihil facilis minus nihil praesentium sed incidunt libero. Animi qui ut nostrum. Quo totam doloribus omnis ad nemo.', 0, 0, '1982-12-10 19:02:17', '2015-02-10 01:16:58');
INSERT INTO `messages` (`id`, `from_user_id`, `to_user_id`, `body`, `is_important`, `is_delivered`, `created_at`, `updated_at`) VALUES (212, 81, 96, 'Et et facere in minus officiis ipsam. Totam in sed aut adipisci molestiae odit corrupti. Aut soluta sunt qui debitis exercitationem labore nisi.', 0, 0, '1977-06-12 23:06:52', '1973-03-04 03:47:16');
INSERT INTO `messages` (`id`, `from_user_id`, `to_user_id`, `body`, `is_important`, `is_delivered`, `created_at`, `updated_at`) VALUES (213, 100, 59, 'Tempora veritatis et ullam est. Veniam harum cum ipsa cum. Ipsum sed quia delectus laudantium alias itaque. Consequatur et aut magnam nihil.', 0, 0, '2011-01-23 03:00:38', '1982-05-07 13:13:29');
INSERT INTO `messages` (`id`, `from_user_id`, `to_user_id`, `body`, `is_important`, `is_delivered`, `created_at`, `updated_at`) VALUES (214, 13, 6, 'Rem sit odio nisi ab non eum aperiam. Voluptatem fugiat autem deserunt ipsam accusamus. Ut incidunt quam reiciendis dignissimos distinctio inventore.', 0, 0, '1986-06-06 04:57:55', '1985-09-12 15:34:07');
INSERT INTO `messages` (`id`, `from_user_id`, `to_user_id`, `body`, `is_important`, `is_delivered`, `created_at`, `updated_at`) VALUES (215, 19, 19, 'Fugit molestiae unde velit. Similique beatae voluptas placeat in quis placeat. Quos numquam ipsa sit quibusdam voluptas.', 0, 1, '1988-07-25 02:44:32', '1983-08-30 01:08:55');
INSERT INTO `messages` (`id`, `from_user_id`, `to_user_id`, `body`, `is_important`, `is_delivered`, `created_at`, `updated_at`) VALUES (216, 12, 33, 'Cumque dolorem a corporis repellat reiciendis quibusdam. Molestias delectus laudantium eum enim dicta eum omnis. Harum eum consectetur qui veniam itaque dolor saepe. Maxime et et praesentium laborum at.', 1, 1, '1997-04-18 12:58:25', '1976-06-10 09:43:41');
INSERT INTO `messages` (`id`, `from_user_id`, `to_user_id`, `body`, `is_important`, `is_delivered`, `created_at`, `updated_at`) VALUES (217, 22, 9, 'Eveniet nemo vel consequatur saepe impedit omnis. Itaque voluptatem nulla labore quisquam architecto dolor.', 1, 1, '2015-07-18 06:35:54', '2016-03-29 12:47:00');
INSERT INTO `messages` (`id`, `from_user_id`, `to_user_id`, `body`, `is_important`, `is_delivered`, `created_at`, `updated_at`) VALUES (218, 22, 64, 'Laudantium possimus reiciendis assumenda rerum expedita cum adipisci. Animi perferendis aut sed ipsa exercitationem et. Laboriosam non vel eius nemo velit dolorem. Ut natus et aut et suscipit quas ut.', 0, 1, '1993-02-08 13:33:59', '1984-04-02 07:55:39');
INSERT INTO `messages` (`id`, `from_user_id`, `to_user_id`, `body`, `is_important`, `is_delivered`, `created_at`, `updated_at`) VALUES (219, 67, 59, 'Porro in consequatur optio mollitia nostrum. Aut est dolores rem iste quo et delectus. Alias incidunt perferendis voluptate alias sint eos. Quia nostrum occaecati dolores id est earum.', 1, 0, '2006-11-19 12:25:01', '1983-09-22 17:48:44');
INSERT INTO `messages` (`id`, `from_user_id`, `to_user_id`, `body`, `is_important`, `is_delivered`, `created_at`, `updated_at`) VALUES (220, 41, 83, 'Odio quia facere nihil nobis ducimus voluptatibus sapiente. Nobis qui velit dolorum. Illum aut inventore aut officiis eligendi id.', 0, 0, '1977-01-23 12:57:35', '2007-01-22 12:09:32');
INSERT INTO `messages` (`id`, `from_user_id`, `to_user_id`, `body`, `is_important`, `is_delivered`, `created_at`, `updated_at`) VALUES (221, 12, 104, 'Soluta rerum sint itaque aut vero. Labore id qui accusamus sit possimus. Praesentium reiciendis quae similique modi. Repudiandae adipisci sit debitis dicta eum quo.', 0, 1, '2013-06-23 05:34:00', '1979-09-14 19:00:17');
INSERT INTO `messages` (`id`, `from_user_id`, `to_user_id`, `body`, `is_important`, `is_delivered`, `created_at`, `updated_at`) VALUES (222, 39, 78, 'Quas inventore quis expedita voluptatibus dolorem inventore. Voluptas unde praesentium totam repudiandae laborum animi minus iusto. Ullam doloribus tempora odit fugiat ipsa quis sapiente odit. Illum molestiae beatae corporis non magni nesciunt ut.', 1, 0, '1972-05-25 16:41:49', '1995-09-02 23:30:38');
INSERT INTO `messages` (`id`, `from_user_id`, `to_user_id`, `body`, `is_important`, `is_delivered`, `created_at`, `updated_at`) VALUES (223, 34, 14, 'Quia qui unde earum ea molestiae aut facere. Iure eos eum non. Quae quis et ut nesciunt recusandae nulla.', 0, 0, '1981-04-01 13:34:45', '2012-06-06 14:13:54');
INSERT INTO `messages` (`id`, `from_user_id`, `to_user_id`, `body`, `is_important`, `is_delivered`, `created_at`, `updated_at`) VALUES (224, 67, 27, 'Optio quisquam qui corrupti mollitia consequuntur. Maxime vel blanditiis eius non culpa sapiente temporibus. Dicta voluptatibus occaecati et eaque.', 0, 1, '1982-09-24 15:37:46', '1992-07-06 16:17:57');
INSERT INTO `messages` (`id`, `from_user_id`, `to_user_id`, `body`, `is_important`, `is_delivered`, `created_at`, `updated_at`) VALUES (225, 34, 59, 'Quo ipsa quo sed laborum harum. Ad facere eaque et nulla alias. Consequatur laboriosam et totam aut. Commodi sed cupiditate aliquam velit.', 0, 0, '1970-07-16 01:25:34', '1984-12-21 03:18:29');
INSERT INTO `messages` (`id`, `from_user_id`, `to_user_id`, `body`, `is_important`, `is_delivered`, `created_at`, `updated_at`) VALUES (226, 64, 103, 'Voluptatum et at aliquid incidunt praesentium. Quisquam ab assumenda quisquam ea enim tempora.', 0, 0, '1978-10-02 14:37:14', '2004-02-01 07:06:47');
INSERT INTO `messages` (`id`, `from_user_id`, `to_user_id`, `body`, `is_important`, `is_delivered`, `created_at`, `updated_at`) VALUES (227, 73, 73, 'Explicabo esse mollitia facilis eum eos. Aut magni ea aut ratione incidunt ea. Nesciunt modi iure unde ipsa placeat.', 0, 0, '2014-07-04 03:42:14', '1974-06-17 07:14:29');
INSERT INTO `messages` (`id`, `from_user_id`, `to_user_id`, `body`, `is_important`, `is_delivered`, `created_at`, `updated_at`) VALUES (228, 87, 41, 'Earum voluptates nisi consequatur unde sequi et omnis. Illo architecto facere architecto voluptatum placeat.', 1, 1, '2020-06-17 00:00:29', '1982-07-22 05:39:47');
INSERT INTO `messages` (`id`, `from_user_id`, `to_user_id`, `body`, `is_important`, `is_delivered`, `created_at`, `updated_at`) VALUES (229, 22, 23, 'Est voluptatibus nulla a. Quo saepe rerum sit aut quas aliquam ullam. Nesciunt voluptas reiciendis consequatur enim. Libero id inventore veniam iusto voluptas earum accusantium a.', 1, 0, '1971-02-23 02:52:20', '2011-06-14 06:58:36');
INSERT INTO `messages` (`id`, `from_user_id`, `to_user_id`, `body`, `is_important`, `is_delivered`, `created_at`, `updated_at`) VALUES (230, 48, 58, 'Corporis officiis nemo vero totam. Aut totam voluptatem reprehenderit est accusantium. Officia repudiandae dolor aspernatur dolorum placeat dolores.', 0, 0, '1998-01-20 03:43:30', '1971-04-14 09:55:02');
INSERT INTO `messages` (`id`, `from_user_id`, `to_user_id`, `body`, `is_important`, `is_delivered`, `created_at`, `updated_at`) VALUES (231, 54, 63, 'Dolor quis quo recusandae sit. Similique accusantium deleniti vero omnis sed enim. Minus voluptatum nisi voluptatem recusandae quasi. Sit qui ut iste animi.', 1, 1, '1987-08-27 03:39:23', '1988-08-22 15:56:57');
INSERT INTO `messages` (`id`, `from_user_id`, `to_user_id`, `body`, `is_important`, `is_delivered`, `created_at`, `updated_at`) VALUES (232, 100, 41, 'In reprehenderit autem voluptates id reiciendis aut. Quidem ratione qui est blanditiis delectus. Aut voluptas temporibus vero consequatur eveniet perferendis delectus.', 0, 0, '1992-02-18 17:26:15', '1983-06-15 21:05:12');
INSERT INTO `messages` (`id`, `from_user_id`, `to_user_id`, `body`, `is_important`, `is_delivered`, `created_at`, `updated_at`) VALUES (233, 106, 21, 'Aut veritatis vero a quo soluta vitae maxime. Unde aut ea laudantium sed. Laborum odit et inventore aut adipisci ipsam provident distinctio. Aliquam veritatis reiciendis ut.', 1, 1, '1974-11-12 00:26:25', '2008-08-29 21:47:04');
INSERT INTO `messages` (`id`, `from_user_id`, `to_user_id`, `body`, `is_important`, `is_delivered`, `created_at`, `updated_at`) VALUES (234, 96, 73, 'Repellat dolores necessitatibus cupiditate accusantium. Eligendi accusamus alias sapiente aut quae facere exercitationem. Qui vero ut beatae in delectus id non.', 1, 0, '1998-08-06 21:16:08', '2008-02-11 15:22:37');
INSERT INTO `messages` (`id`, `from_user_id`, `to_user_id`, `body`, `is_important`, `is_delivered`, `created_at`, `updated_at`) VALUES (235, 100, 34, 'Iusto modi praesentium est hic optio. Et mollitia voluptatem mollitia corporis. Est exercitationem mollitia facere beatae suscipit asperiores. Quos repellendus quos corporis qui sint soluta voluptas. Omnis ipsa accusamus enim enim iure iusto.', 0, 1, '1975-12-13 04:57:10', '2016-01-26 04:47:05');
INSERT INTO `messages` (`id`, `from_user_id`, `to_user_id`, `body`, `is_important`, `is_delivered`, `created_at`, `updated_at`) VALUES (236, 56, 96, 'Ut possimus sed sequi in alias quae a ut. Quo veritatis et eum fugit qui nihil. Et quaerat accusantium ut quia.', 0, 0, '1970-09-29 18:16:25', '1999-08-03 11:19:40');
INSERT INTO `messages` (`id`, `from_user_id`, `to_user_id`, `body`, `is_important`, `is_delivered`, `created_at`, `updated_at`) VALUES (237, 67, 2, 'Ad voluptas veniam iusto et ratione maxime quisquam. Ut fuga et sit quibusdam aut corporis et. Aspernatur harum omnis nesciunt et sint sit in. Esse consequatur accusamus facere cum.', 0, 1, '1987-07-18 14:30:40', '1974-08-26 21:53:17');
INSERT INTO `messages` (`id`, `from_user_id`, `to_user_id`, `body`, `is_important`, `is_delivered`, `created_at`, `updated_at`) VALUES (238, 110, 66, 'Dicta consequuntur consectetur molestiae aut dolor est sit aspernatur. Laboriosam laboriosam delectus aut. Dolore quia soluta quis similique sit.', 1, 0, '1986-03-31 07:37:58', '2013-01-25 04:24:17');
INSERT INTO `messages` (`id`, `from_user_id`, `to_user_id`, `body`, `is_important`, `is_delivered`, `created_at`, `updated_at`) VALUES (239, 86, 47, 'Atque et et autem sint assumenda qui est. Quae enim mollitia et sunt expedita. Ex quisquam numquam harum rem fugit quia excepturi et.', 0, 1, '1981-10-11 12:26:43', '1974-10-12 10:55:01');
INSERT INTO `messages` (`id`, `from_user_id`, `to_user_id`, `body`, `is_important`, `is_delivered`, `created_at`, `updated_at`) VALUES (240, 10, 100, 'Consequatur hic totam laboriosam molestiae omnis aut. Vel voluptatem in facere quam qui modi deleniti sit. Cumque aliquid doloremque autem ea numquam porro.', 1, 1, '1998-10-26 07:11:23', '1981-04-21 01:30:13');
INSERT INTO `messages` (`id`, `from_user_id`, `to_user_id`, `body`, `is_important`, `is_delivered`, `created_at`, `updated_at`) VALUES (241, 47, 12, 'Mollitia non consequuntur veniam et aut. Aliquid et ut placeat animi. Veritatis corporis quas eligendi et optio aut et. Enim qui adipisci alias quaerat qui similique.', 1, 0, '1995-11-30 11:19:52', '1987-04-28 00:24:23');
INSERT INTO `messages` (`id`, `from_user_id`, `to_user_id`, `body`, `is_important`, `is_delivered`, `created_at`, `updated_at`) VALUES (242, 79, 42, 'Mollitia eveniet quaerat optio nihil cumque. Alias ut unde est blanditiis facere. In quia non atque ut dolore consequatur ipsa. Sint ut nobis ex mollitia rem non.', 0, 1, '2010-03-04 16:19:35', '2018-02-23 07:29:19');
INSERT INTO `messages` (`id`, `from_user_id`, `to_user_id`, `body`, `is_important`, `is_delivered`, `created_at`, `updated_at`) VALUES (243, 2, 79, 'Eaque earum ipsum ea aperiam iure sapiente maxime. Eligendi dolorem iure at est iure neque. Repellat cupiditate odit tempore quos. Aliquam et rerum enim ipsa voluptates qui.', 1, 0, '2017-04-25 21:20:35', '1973-12-12 21:46:57');
INSERT INTO `messages` (`id`, `from_user_id`, `to_user_id`, `body`, `is_important`, `is_delivered`, `created_at`, `updated_at`) VALUES (244, 111, 72, 'Est labore libero consequatur explicabo saepe ea nostrum. Sunt voluptatem pariatur velit corporis commodi velit. Ipsa aspernatur occaecati eos quia laborum facere deserunt. Laudantium aut ut veniam.', 1, 1, '1997-07-08 03:54:15', '2002-06-19 20:13:40');
INSERT INTO `messages` (`id`, `from_user_id`, `to_user_id`, `body`, `is_important`, `is_delivered`, `created_at`, `updated_at`) VALUES (245, 95, 26, 'Quis qui enim similique cumque dolor cupiditate dolor. Rem facere hic iste facere iusto. Adipisci atque omnis est recusandae ex voluptas. Veniam non nostrum dolore animi ducimus labore a.', 0, 1, '1995-05-02 02:16:37', '2007-01-13 14:37:33');
INSERT INTO `messages` (`id`, `from_user_id`, `to_user_id`, `body`, `is_important`, `is_delivered`, `created_at`, `updated_at`) VALUES (246, 1, 84, 'Itaque quae dolorum dolores omnis quo. Dignissimos modi et pariatur omnis. Et blanditiis aut error sunt beatae.', 0, 0, '2010-11-22 11:25:43', '1996-01-04 02:42:21');
INSERT INTO `messages` (`id`, `from_user_id`, `to_user_id`, `body`, `is_important`, `is_delivered`, `created_at`, `updated_at`) VALUES (247, 84, 24, 'Perspiciatis iusto sapiente est dolore. Libero voluptas deleniti ut blanditiis quia et beatae. Repudiandae numquam quo sapiente inventore aspernatur distinctio.', 0, 1, '1974-03-13 15:34:27', '1992-05-29 05:27:56');
INSERT INTO `messages` (`id`, `from_user_id`, `to_user_id`, `body`, `is_important`, `is_delivered`, `created_at`, `updated_at`) VALUES (248, 14, 106, 'Accusantium dolorem porro ut. Qui totam repudiandae mollitia dolorem eveniet eos tenetur.', 1, 1, '2013-04-27 14:43:54', '1988-06-14 17:21:02');
INSERT INTO `messages` (`id`, `from_user_id`, `to_user_id`, `body`, `is_important`, `is_delivered`, `created_at`, `updated_at`) VALUES (249, 82, 2, 'Nobis est molestias repellat possimus repellat. Asperiores et aut ut possimus quo vitae. Iste minus sequi labore porro ratione possimus ipsam.', 1, 1, '1979-07-21 18:51:14', '1991-08-14 14:02:32');
INSERT INTO `messages` (`id`, `from_user_id`, `to_user_id`, `body`, `is_important`, `is_delivered`, `created_at`, `updated_at`) VALUES (250, 60, 28, 'Fuga officia ad a pariatur. Esse quia et sapiente cumque et cumque. Aut et sequi voluptatem non sunt rerum.', 1, 1, '2012-10-04 11:05:40', '2000-12-12 19:37:42');
INSERT INTO `messages` (`id`, `from_user_id`, `to_user_id`, `body`, `is_important`, `is_delivered`, `created_at`, `updated_at`) VALUES (251, 70, 33, 'Quisquam eum error optio repellat. Enim expedita tenetur velit autem expedita. Necessitatibus facilis quaerat sit est dolorum. Nostrum perferendis et ut est.', 1, 1, '2009-06-20 16:06:00', '1971-10-06 21:02:28');
INSERT INTO `messages` (`id`, `from_user_id`, `to_user_id`, `body`, `is_important`, `is_delivered`, `created_at`, `updated_at`) VALUES (252, 61, 104, 'Odit similique exercitationem hic. Quas autem quo id nihil consequatur. Omnis libero dolorem iste magnam aut aut maxime. Eos non est culpa non sunt culpa assumenda ut.', 0, 0, '1997-04-01 06:54:09', '1983-09-18 04:55:45');
INSERT INTO `messages` (`id`, `from_user_id`, `to_user_id`, `body`, `is_important`, `is_delivered`, `created_at`, `updated_at`) VALUES (253, 50, 67, 'Maiores ut possimus excepturi esse a. Vel laudantium nisi fugit. Autem hic et repudiandae numquam dolorem a. Non reprehenderit quidem nesciunt in non sed tempora.', 0, 0, '1984-06-13 01:34:32', '2011-01-23 23:41:51');
INSERT INTO `messages` (`id`, `from_user_id`, `to_user_id`, `body`, `is_important`, `is_delivered`, `created_at`, `updated_at`) VALUES (254, 21, 102, 'Est nobis excepturi quibusdam magnam dolor quos cum. Enim quis similique harum distinctio nihil et recusandae. Et similique debitis et illum.', 1, 0, '2007-12-28 22:41:17', '1998-07-25 04:41:13');
INSERT INTO `messages` (`id`, `from_user_id`, `to_user_id`, `body`, `is_important`, `is_delivered`, `created_at`, `updated_at`) VALUES (255, 5, 48, 'Fugiat neque molestias non adipisci dolor maxime dolorem. Voluptate qui debitis ipsa occaecati non repellat. Quis ut vitae itaque et placeat sunt eos minus. Ratione impedit ea magnam voluptas adipisci.', 0, 1, '1977-05-24 13:44:02', '2015-03-09 17:42:30');
INSERT INTO `messages` (`id`, `from_user_id`, `to_user_id`, `body`, `is_important`, `is_delivered`, `created_at`, `updated_at`) VALUES (256, 109, 57, 'Quia praesentium voluptates sunt quam nihil magnam neque voluptatem. Et sint et aut fuga provident dicta voluptatem. Ab sunt eum quo enim est. Qui perspiciatis quo placeat dolorem non qui.', 0, 0, '1980-10-22 09:07:29', '2000-06-04 21:39:50');
INSERT INTO `messages` (`id`, `from_user_id`, `to_user_id`, `body`, `is_important`, `is_delivered`, `created_at`, `updated_at`) VALUES (257, 93, 105, 'Provident dolorem ducimus dolorem et. Id iste assumenda sequi neque numquam accusantium occaecati omnis. Qui animi dolor in et voluptatum.', 1, 0, '1980-09-27 15:29:30', '2007-04-12 18:51:30');
INSERT INTO `messages` (`id`, `from_user_id`, `to_user_id`, `body`, `is_important`, `is_delivered`, `created_at`, `updated_at`) VALUES (258, 52, 52, 'Eum maiores quia eum id laudantium et nam. Sed et labore tempora consequuntur quos laborum sit. Quam dolorem dolor expedita. Libero consequuntur reprehenderit animi id pariatur aspernatur voluptatem.', 1, 1, '2009-07-31 17:02:27', '1993-11-14 16:36:43');
INSERT INTO `messages` (`id`, `from_user_id`, `to_user_id`, `body`, `is_important`, `is_delivered`, `created_at`, `updated_at`) VALUES (259, 102, 27, 'Omnis ratione asperiores et. Aspernatur animi voluptas architecto dolores iure eum. Error libero iste quae atque quia possimus.', 1, 1, '1979-12-25 17:12:51', '1978-03-30 01:51:16');
INSERT INTO `messages` (`id`, `from_user_id`, `to_user_id`, `body`, `is_important`, `is_delivered`, `created_at`, `updated_at`) VALUES (260, 91, 9, 'Impedit et numquam rerum sint ab qui quia laudantium. Voluptatem voluptatem ut placeat nisi sunt. In consectetur est asperiores soluta ut.', 0, 1, '1992-03-05 04:28:44', '1977-10-24 04:44:05');
INSERT INTO `messages` (`id`, `from_user_id`, `to_user_id`, `body`, `is_important`, `is_delivered`, `created_at`, `updated_at`) VALUES (261, 39, 39, 'Molestias tempora ducimus officiis repudiandae sapiente iusto sed. Unde quas magni dolor.', 1, 1, '2005-06-29 10:08:08', '1987-10-07 04:41:21');
INSERT INTO `messages` (`id`, `from_user_id`, `to_user_id`, `body`, `is_important`, `is_delivered`, `created_at`, `updated_at`) VALUES (262, 20, 96, 'Quae nostrum qui nemo totam tenetur. Aut omnis numquam beatae quia et qui harum est. Molestiae non eaque accusamus ea dignissimos. Perferendis molestiae dolorem eveniet nemo.', 1, 0, '1993-06-11 00:26:48', '1995-09-17 14:39:06');
INSERT INTO `messages` (`id`, `from_user_id`, `to_user_id`, `body`, `is_important`, `is_delivered`, `created_at`, `updated_at`) VALUES (263, 68, 32, 'Amet aspernatur recusandae aut magni blanditiis temporibus nihil qui. Dicta odio aut soluta et et. Ea sed quia soluta rerum sunt ab saepe. Iste quod voluptas temporibus nesciunt officiis et nihil quia.', 0, 0, '2011-01-22 17:06:57', '2018-12-09 13:37:02');
INSERT INTO `messages` (`id`, `from_user_id`, `to_user_id`, `body`, `is_important`, `is_delivered`, `created_at`, `updated_at`) VALUES (264, 28, 50, 'Molestias et sed culpa consequatur dolorem quae quidem. Accusantium sequi voluptas doloremque omnis atque molestiae totam. Ut exercitationem fugit animi qui debitis velit. Placeat nisi a quidem sapiente voluptas.', 0, 0, '1996-11-03 14:58:55', '1987-11-11 19:13:59');
INSERT INTO `messages` (`id`, `from_user_id`, `to_user_id`, `body`, `is_important`, `is_delivered`, `created_at`, `updated_at`) VALUES (265, 76, 82, 'Perferendis nam at veniam doloremque earum. Odit veritatis maxime molestiae labore alias qui. Mollitia nisi quia distinctio id. Voluptas molestias quae quia earum incidunt.', 1, 0, '2007-01-09 21:22:26', '1981-08-08 19:27:46');
INSERT INTO `messages` (`id`, `from_user_id`, `to_user_id`, `body`, `is_important`, `is_delivered`, `created_at`, `updated_at`) VALUES (266, 17, 68, 'Fugit dolor delectus iusto rerum iure quis beatae. Labore provident aut nemo magnam aut eveniet laboriosam. Et quo similique ducimus. Autem ratione consequatur iusto temporibus et laboriosam aut.', 0, 0, '1982-02-12 21:31:14', '1971-04-21 14:27:39');
INSERT INTO `messages` (`id`, `from_user_id`, `to_user_id`, `body`, `is_important`, `is_delivered`, `created_at`, `updated_at`) VALUES (267, 91, 5, 'Eum consectetur beatae non vero voluptatum officia earum ducimus. Beatae laboriosam consequuntur voluptate pariatur maxime. Ut velit officia natus ab molestias.', 1, 1, '1982-07-01 15:50:08', '1991-10-16 07:00:09');
INSERT INTO `messages` (`id`, `from_user_id`, `to_user_id`, `body`, `is_important`, `is_delivered`, `created_at`, `updated_at`) VALUES (268, 86, 61, 'Aperiam at eos eos est fugiat minima repellendus. Laudantium animi necessitatibus explicabo officia non doloribus. Assumenda rerum quia omnis minima non possimus dignissimos ut.', 0, 0, '1987-02-17 18:46:06', '2005-11-07 03:47:57');
INSERT INTO `messages` (`id`, `from_user_id`, `to_user_id`, `body`, `is_important`, `is_delivered`, `created_at`, `updated_at`) VALUES (269, 89, 78, 'Vel natus inventore non dignissimos et consequatur quisquam. Ea cupiditate tenetur expedita commodi. Incidunt qui dicta ut aliquid quia consequatur. Consequatur dignissimos commodi esse ut pariatur.', 0, 0, '1972-02-17 20:54:49', '1989-11-27 03:23:52');
INSERT INTO `messages` (`id`, `from_user_id`, `to_user_id`, `body`, `is_important`, `is_delivered`, `created_at`, `updated_at`) VALUES (270, 94, 27, 'Fuga quia pariatur et quia eveniet cum. Dolor praesentium sint quia sit incidunt.', 0, 0, '2015-01-08 00:53:06', '1976-04-10 19:53:00');
INSERT INTO `messages` (`id`, `from_user_id`, `to_user_id`, `body`, `is_important`, `is_delivered`, `created_at`, `updated_at`) VALUES (271, 85, 103, 'Consequatur deserunt ut consequatur. Et ducimus vero aliquid et voluptas nesciunt. Quos esse adipisci quis delectus et facilis alias. Est magnam deserunt eaque quo et optio optio. Aliquam hic officiis nulla dolores commodi sit eum.', 1, 1, '2019-07-18 14:24:41', '1981-12-09 17:08:34');
INSERT INTO `messages` (`id`, `from_user_id`, `to_user_id`, `body`, `is_important`, `is_delivered`, `created_at`, `updated_at`) VALUES (272, 41, 98, 'Tempora aut in quis dolorum. Sapiente quisquam odit suscipit cum officiis iure cum sed. Fugiat repellendus et est enim numquam. Magni enim nobis voluptatem quas.', 0, 1, '2015-09-18 05:42:04', '2000-09-06 17:44:51');
INSERT INTO `messages` (`id`, `from_user_id`, `to_user_id`, `body`, `is_important`, `is_delivered`, `created_at`, `updated_at`) VALUES (273, 105, 2, 'Natus rem vero et minus. Natus magni et distinctio sequi. Non inventore quod sed libero at. Quo qui eveniet pariatur nostrum suscipit.', 0, 0, '1984-10-15 06:46:01', '1987-05-27 06:07:53');
INSERT INTO `messages` (`id`, `from_user_id`, `to_user_id`, `body`, `is_important`, `is_delivered`, `created_at`, `updated_at`) VALUES (274, 61, 49, 'Et qui quod quod soluta quidem nostrum. Modi quidem mollitia non a occaecati.', 1, 1, '1985-06-15 03:16:59', '1991-09-28 21:59:36');
INSERT INTO `messages` (`id`, `from_user_id`, `to_user_id`, `body`, `is_important`, `is_delivered`, `created_at`, `updated_at`) VALUES (275, 35, 36, 'Eveniet repellendus qui quis qui quisquam. Sed ipsa totam enim libero consequatur vel reiciendis. Tenetur voluptatum et qui culpa. Ullam accusamus sit dolorem voluptate alias numquam.', 0, 0, '2010-07-28 12:22:18', '1974-03-05 15:08:11');
INSERT INTO `messages` (`id`, `from_user_id`, `to_user_id`, `body`, `is_important`, `is_delivered`, `created_at`, `updated_at`) VALUES (276, 72, 66, 'Assumenda odio reiciendis facere nobis dolor quis voluptas. Quae reiciendis ut iusto officia porro et consequuntur sint. Voluptatem facilis voluptatum neque earum.', 0, 0, '1993-07-22 03:57:30', '1981-03-05 20:37:52');
INSERT INTO `messages` (`id`, `from_user_id`, `to_user_id`, `body`, `is_important`, `is_delivered`, `created_at`, `updated_at`) VALUES (277, 6, 44, 'Sed mollitia quaerat nemo dolorum. Qui velit maiores qui quis. Porro earum doloremque dignissimos dolores impedit libero quia laborum. Explicabo et quis consequatur saepe. Quo vel quia nisi ipsa similique.', 0, 0, '1983-04-04 07:08:57', '1988-01-03 12:12:59');
INSERT INTO `messages` (`id`, `from_user_id`, `to_user_id`, `body`, `is_important`, `is_delivered`, `created_at`, `updated_at`) VALUES (278, 68, 53, 'Quod sapiente id non vel veniam. Esse illum reiciendis accusantium dignissimos facere illo laboriosam sit. Maiores aliquid non culpa ipsum.', 1, 0, '1985-04-04 17:27:21', '1992-09-25 16:42:43');
INSERT INTO `messages` (`id`, `from_user_id`, `to_user_id`, `body`, `is_important`, `is_delivered`, `created_at`, `updated_at`) VALUES (279, 82, 37, 'Accusantium aliquam blanditiis rerum laborum libero aut sequi. Doloremque iste sed rerum amet modi fugit. Vel beatae dolorem magni est alias.', 0, 1, '1971-02-22 05:21:43', '1972-07-25 15:02:40');
INSERT INTO `messages` (`id`, `from_user_id`, `to_user_id`, `body`, `is_important`, `is_delivered`, `created_at`, `updated_at`) VALUES (280, 17, 83, 'Magni id sunt et autem tenetur sapiente consequuntur. Sed quisquam natus autem aspernatur qui dolores. Voluptate earum provident veniam commodi. Eaque ad labore deserunt dolor corrupti.', 0, 1, '2018-06-07 13:10:12', '2008-08-31 03:54:24');
INSERT INTO `messages` (`id`, `from_user_id`, `to_user_id`, `body`, `is_important`, `is_delivered`, `created_at`, `updated_at`) VALUES (281, 105, 36, 'Voluptates quas vel sapiente est. Adipisci corporis placeat voluptatibus unde officiis. Eveniet magnam sapiente qui voluptas natus ad totam. Aliquam dolorem sit vero officiis ratione id odio.', 0, 1, '1998-08-05 03:18:35', '2017-12-22 08:58:38');
INSERT INTO `messages` (`id`, `from_user_id`, `to_user_id`, `body`, `is_important`, `is_delivered`, `created_at`, `updated_at`) VALUES (282, 62, 25, 'Sint laudantium aliquid quis fugit et nobis. Eius eum eum sed est modi quisquam ut id. Et sunt ipsam dolores quaerat. Aut ut pariatur facere est.', 0, 0, '2010-10-01 08:13:08', '1976-10-23 06:15:45');
INSERT INTO `messages` (`id`, `from_user_id`, `to_user_id`, `body`, `is_important`, `is_delivered`, `created_at`, `updated_at`) VALUES (283, 66, 69, 'Occaecati alias sint omnis voluptate dolore aliquam. Totam consequuntur aut velit magnam vitae assumenda rerum. Consequuntur et aspernatur sed dolor adipisci id excepturi eos.', 0, 1, '1985-05-27 05:53:40', '1978-12-11 16:56:25');
INSERT INTO `messages` (`id`, `from_user_id`, `to_user_id`, `body`, `is_important`, `is_delivered`, `created_at`, `updated_at`) VALUES (284, 48, 41, 'Sit possimus architecto blanditiis est odit labore quibusdam. Nam quo rerum non. Nemo qui ipsa alias et voluptas ut et nam.', 1, 1, '2014-10-12 06:14:38', '1971-01-25 18:42:09');
INSERT INTO `messages` (`id`, `from_user_id`, `to_user_id`, `body`, `is_important`, `is_delivered`, `created_at`, `updated_at`) VALUES (285, 52, 61, 'Mollitia placeat quis magnam. Quis consequatur dolorum molestiae. Eum ad aut eum et sit.', 1, 1, '1994-10-29 03:09:02', '2001-07-28 23:10:37');
INSERT INTO `messages` (`id`, `from_user_id`, `to_user_id`, `body`, `is_important`, `is_delivered`, `created_at`, `updated_at`) VALUES (286, 84, 42, 'Temporibus culpa voluptatum aut illum omnis consequuntur. Sed qui voluptatem tenetur ex. Excepturi harum excepturi repudiandae consequatur est doloribus.', 1, 0, '1976-03-19 09:26:29', '1996-11-15 22:39:55');
INSERT INTO `messages` (`id`, `from_user_id`, `to_user_id`, `body`, `is_important`, `is_delivered`, `created_at`, `updated_at`) VALUES (287, 32, 29, 'Animi non sapiente non sint quis qui aut doloremque. Laudantium necessitatibus et culpa quia suscipit voluptatibus molestiae. Deserunt et ducimus quidem dicta consequatur dolor.', 1, 1, '1983-07-03 03:25:09', '2008-04-07 01:54:26');
INSERT INTO `messages` (`id`, `from_user_id`, `to_user_id`, `body`, `is_important`, `is_delivered`, `created_at`, `updated_at`) VALUES (288, 41, 34, 'Error doloribus voluptas quidem eum veniam quae omnis. Tenetur nemo ipsum illo vero vel omnis id. Quia aspernatur sed totam dolorum. Inventore consequatur sunt natus numquam at.', 0, 0, '2009-10-09 06:44:43', '1995-09-05 22:52:52');
INSERT INTO `messages` (`id`, `from_user_id`, `to_user_id`, `body`, `is_important`, `is_delivered`, `created_at`, `updated_at`) VALUES (289, 80, 61, 'Occaecati saepe est explicabo est magnam fugiat cum. Molestiae ut repellendus cumque nemo sunt aliquid aut. Consequatur reprehenderit animi fugit dolore similique.', 1, 0, '1978-07-21 15:46:10', '1998-09-15 19:52:54');
INSERT INTO `messages` (`id`, `from_user_id`, `to_user_id`, `body`, `is_important`, `is_delivered`, `created_at`, `updated_at`) VALUES (290, 90, 12, 'Autem quisquam consequuntur unde reprehenderit. Praesentium doloribus expedita dolorem ut voluptas nihil.', 0, 0, '2001-11-26 00:16:30', '1973-10-08 06:29:15');
INSERT INTO `messages` (`id`, `from_user_id`, `to_user_id`, `body`, `is_important`, `is_delivered`, `created_at`, `updated_at`) VALUES (291, 65, 54, 'Eveniet et officiis veritatis rerum voluptatem. Voluptatem qui repudiandae non aliquid qui quia id. Non iste praesentium ut id dignissimos fugit. Qui nobis harum asperiores.', 0, 0, '2005-09-15 20:28:50', '2017-09-06 21:23:07');
INSERT INTO `messages` (`id`, `from_user_id`, `to_user_id`, `body`, `is_important`, `is_delivered`, `created_at`, `updated_at`) VALUES (292, 19, 97, 'Est recusandae corporis dignissimos delectus nam aut recusandae sit. Exercitationem minus nihil dolore et est quis dolores. Aut et recusandae dicta vero. Autem qui optio tempora cupiditate laboriosam veniam omnis.', 1, 1, '2019-01-29 18:17:41', '2011-06-21 20:59:56');
INSERT INTO `messages` (`id`, `from_user_id`, `to_user_id`, `body`, `is_important`, `is_delivered`, `created_at`, `updated_at`) VALUES (293, 56, 67, 'Suscipit iure aut soluta voluptatum quia dolorem. Et optio recusandae libero voluptates sed aut necessitatibus. Porro facere eveniet architecto illum quibusdam. Corrupti aut atque quidem nulla cumque et.', 1, 1, '1985-09-28 08:37:42', '1976-08-11 20:35:10');
INSERT INTO `messages` (`id`, `from_user_id`, `to_user_id`, `body`, `is_important`, `is_delivered`, `created_at`, `updated_at`) VALUES (294, 97, 56, 'Voluptatem quam sint aut illo odit cumque. Soluta qui quia voluptates voluptates pariatur delectus. Molestiae et necessitatibus voluptatem voluptatem eveniet voluptatem. Et consequatur totam in eligendi et et.', 1, 1, '1990-06-15 21:17:29', '1994-02-09 03:16:03');
INSERT INTO `messages` (`id`, `from_user_id`, `to_user_id`, `body`, `is_important`, `is_delivered`, `created_at`, `updated_at`) VALUES (295, 96, 40, 'Earum dolor animi mollitia. Ipsum sint culpa omnis quo. Alias omnis atque temporibus.', 1, 1, '1971-01-29 02:31:51', '1986-03-19 23:06:57');
INSERT INTO `messages` (`id`, `from_user_id`, `to_user_id`, `body`, `is_important`, `is_delivered`, `created_at`, `updated_at`) VALUES (296, 17, 66, 'Beatae repellendus sapiente animi minus repudiandae cum possimus. Nihil consequatur repellendus tempore fugiat vitae aut deleniti quibusdam. Voluptas consequatur rem et perferendis neque sunt odit. Soluta aut inventore rerum voluptas et corporis sint.', 0, 1, '2020-04-15 14:30:07', '2019-04-07 09:56:13');
INSERT INTO `messages` (`id`, `from_user_id`, `to_user_id`, `body`, `is_important`, `is_delivered`, `created_at`, `updated_at`) VALUES (297, 9, 98, 'Ullam temporibus suscipit alias perspiciatis mollitia fugiat. Dolorem maiores non magni blanditiis tempore ex ea. Est exercitationem sequi ipsum. Accusamus veniam hic veritatis labore vero in maiores. Accusantium ea excepturi animi dicta quia.', 1, 0, '1980-07-25 13:25:14', '1970-10-02 03:23:54');
INSERT INTO `messages` (`id`, `from_user_id`, `to_user_id`, `body`, `is_important`, `is_delivered`, `created_at`, `updated_at`) VALUES (298, 37, 51, 'Consequatur saepe nemo quis molestias dignissimos et. Dolorum quos excepturi perferendis in ullam ut deserunt.', 0, 1, '1978-10-06 16:52:06', '1982-02-23 22:19:18');
INSERT INTO `messages` (`id`, `from_user_id`, `to_user_id`, `body`, `is_important`, `is_delivered`, `created_at`, `updated_at`) VALUES (299, 83, 69, 'Molestiae quis enim voluptatibus. A dolorem autem aut qui sed molestiae. Delectus ea consectetur vero perferendis sunt.', 1, 1, '2007-04-16 19:48:31', '1983-12-03 01:05:45');
INSERT INTO `messages` (`id`, `from_user_id`, `to_user_id`, `body`, `is_important`, `is_delivered`, `created_at`, `updated_at`) VALUES (300, 53, 55, 'Ut eos temporibus sed beatae. Eaque et sint fuga deleniti et asperiores numquam.', 1, 0, '2008-09-10 05:48:33', '1985-02-16 15:11:28');
INSERT INTO `messages` (`id`, `from_user_id`, `to_user_id`, `body`, `is_important`, `is_delivered`, `created_at`, `updated_at`) VALUES (301, 102, 48, 'Quam harum voluptatem rerum sunt qui molestiae ut. Ullam enim est dolorem sapiente dolorem repellendus ut. Ullam voluptate eum quia molestiae optio.', 1, 1, '1998-06-18 17:44:42', '2004-12-29 13:46:12');
INSERT INTO `messages` (`id`, `from_user_id`, `to_user_id`, `body`, `is_important`, `is_delivered`, `created_at`, `updated_at`) VALUES (302, 102, 52, 'Repudiandae ab exercitationem pariatur harum. Eaque consequatur eaque cupiditate molestiae. Explicabo ut enim deserunt labore dolore consequatur beatae. Qui iste distinctio ea nostrum quaerat ipsam minima.', 0, 0, '2016-08-05 20:40:25', '1970-04-10 21:27:50');
INSERT INTO `messages` (`id`, `from_user_id`, `to_user_id`, `body`, `is_important`, `is_delivered`, `created_at`, `updated_at`) VALUES (303, 67, 75, 'Iste ut officia molestiae id tempore. Odio laboriosam porro ullam consequatur. Aut rerum facilis est nemo sint aut. Quia non fugiat nihil labore iusto quis officiis.', 0, 1, '1999-08-10 12:55:48', '1986-12-20 15:12:26');
INSERT INTO `messages` (`id`, `from_user_id`, `to_user_id`, `body`, `is_important`, `is_delivered`, `created_at`, `updated_at`) VALUES (304, 85, 8, 'Fugit voluptatem excepturi eum quae. Vitae incidunt temporibus dolores omnis dolores. Harum aut blanditiis voluptatem et ipsum aliquid. Recusandae natus qui non rerum nihil.', 1, 0, '1993-12-26 03:02:02', '1997-06-17 20:51:28');
INSERT INTO `messages` (`id`, `from_user_id`, `to_user_id`, `body`, `is_important`, `is_delivered`, `created_at`, `updated_at`) VALUES (305, 36, 90, 'Provident dolor at laudantium fuga minima odit. Optio cum distinctio autem aut reiciendis sit. Adipisci qui veritatis ipsa sit ea qui molestiae.', 1, 1, '1987-03-25 14:10:47', '1974-04-18 14:05:54');
INSERT INTO `messages` (`id`, `from_user_id`, `to_user_id`, `body`, `is_important`, `is_delivered`, `created_at`, `updated_at`) VALUES (306, 22, 103, 'Iure explicabo odio corporis maxime quae dolorem saepe quis. Ullam qui dolore aliquam culpa sint. Dolorem numquam dolores praesentium quia culpa et sed. Et aut ad quaerat.', 0, 1, '2020-01-27 21:03:23', '1989-10-06 01:03:29');
INSERT INTO `messages` (`id`, `from_user_id`, `to_user_id`, `body`, `is_important`, `is_delivered`, `created_at`, `updated_at`) VALUES (307, 3, 20, 'Blanditiis tenetur quia consequatur temporibus tempore. In non aut incidunt. Omnis ut a autem. Saepe vero animi quibusdam nulla quaerat.', 0, 0, '1993-07-15 17:50:56', '1991-11-29 16:35:51');
INSERT INTO `messages` (`id`, `from_user_id`, `to_user_id`, `body`, `is_important`, `is_delivered`, `created_at`, `updated_at`) VALUES (308, 8, 22, 'Totam fugiat ut est id recusandae vero. Reprehenderit eos est quidem eligendi non perspiciatis sint. Consequatur iste officiis quae voluptas quia. Quas assumenda eum aut laborum.', 1, 0, '1976-11-03 18:07:40', '2013-05-27 03:42:07');
INSERT INTO `messages` (`id`, `from_user_id`, `to_user_id`, `body`, `is_important`, `is_delivered`, `created_at`, `updated_at`) VALUES (309, 10, 77, 'Doloribus earum rem laudantium cum in cupiditate. Numquam sed pariatur expedita totam aut sint. Qui quia incidunt velit est.', 1, 1, '1987-10-06 13:19:40', '2007-08-17 22:19:55');
INSERT INTO `messages` (`id`, `from_user_id`, `to_user_id`, `body`, `is_important`, `is_delivered`, `created_at`, `updated_at`) VALUES (310, 48, 19, 'Saepe doloribus sit odit voluptate. Nihil in non animi saepe est officia cumque. Possimus voluptas reprehenderit quia neque consequatur officia quod.', 0, 0, '1989-06-22 14:13:01', '2017-08-04 06:32:35');
INSERT INTO `messages` (`id`, `from_user_id`, `to_user_id`, `body`, `is_important`, `is_delivered`, `created_at`, `updated_at`) VALUES (311, 46, 69, 'Et dolores esse dignissimos soluta iusto perferendis corrupti. Veritatis harum est possimus quisquam id vel. Qui nihil dolores eius in et.', 0, 0, '1977-08-10 23:53:52', '1975-09-25 05:07:07');
INSERT INTO `messages` (`id`, `from_user_id`, `to_user_id`, `body`, `is_important`, `is_delivered`, `created_at`, `updated_at`) VALUES (312, 37, 54, 'Sapiente esse laborum facilis id iure omnis. Cumque voluptatem omnis provident odio. Suscipit distinctio aliquid quas perferendis. Optio non tenetur hic laboriosam.', 0, 0, '1989-08-23 21:56:00', '1982-11-22 09:29:45');
INSERT INTO `messages` (`id`, `from_user_id`, `to_user_id`, `body`, `is_important`, `is_delivered`, `created_at`, `updated_at`) VALUES (313, 28, 38, 'Iste modi voluptate ducimus explicabo. Consectetur commodi dolor itaque ut est tempore. Et dolores doloremque nisi ipsum impedit. Fuga sed alias magnam harum saepe nihil.', 0, 0, '1982-03-13 21:40:48', '1999-07-10 12:14:17');
INSERT INTO `messages` (`id`, `from_user_id`, `to_user_id`, `body`, `is_important`, `is_delivered`, `created_at`, `updated_at`) VALUES (314, 77, 106, 'Vel nihil rerum eos consequatur asperiores libero. Nulla sed saepe reprehenderit. Excepturi saepe quis ipsum voluptatem. Corporis mollitia quis est consequuntur vel ad vero.', 1, 1, '2009-06-15 04:25:09', '2015-07-18 13:41:36');
INSERT INTO `messages` (`id`, `from_user_id`, `to_user_id`, `body`, `is_important`, `is_delivered`, `created_at`, `updated_at`) VALUES (315, 47, 21, 'Quia nesciunt eum a quia repellendus eveniet reprehenderit. Voluptas repudiandae laudantium dolorem omnis sint. Quia ut qui ex praesentium. Illum sint debitis officiis at dolores iusto.', 0, 1, '1971-11-29 08:04:48', '1975-09-04 18:02:28');
INSERT INTO `messages` (`id`, `from_user_id`, `to_user_id`, `body`, `is_important`, `is_delivered`, `created_at`, `updated_at`) VALUES (316, 101, 98, 'Magnam consequatur dolorum veniam facere dolorum. Dolore aut autem soluta dolores. Amet placeat deleniti voluptatem nesciunt qui.', 1, 1, '1983-01-14 19:57:53', '1981-06-03 01:28:43');
INSERT INTO `messages` (`id`, `from_user_id`, `to_user_id`, `body`, `is_important`, `is_delivered`, `created_at`, `updated_at`) VALUES (317, 107, 10, 'Aut molestias voluptate nostrum similique. Tenetur qui consequatur sunt facere porro et voluptatum autem. Et totam quia et consequatur ut.', 1, 1, '1985-08-05 11:52:05', '1970-11-28 23:41:54');
INSERT INTO `messages` (`id`, `from_user_id`, `to_user_id`, `body`, `is_important`, `is_delivered`, `created_at`, `updated_at`) VALUES (318, 37, 77, 'Cupiditate minima quo id qui illum. Qui alias et dolor ut dolorum ratione sint quia. Aliquid sed est quo reprehenderit.', 1, 1, '1976-12-31 15:32:15', '1976-05-04 22:26:23');
INSERT INTO `messages` (`id`, `from_user_id`, `to_user_id`, `body`, `is_important`, `is_delivered`, `created_at`, `updated_at`) VALUES (319, 27, 32, 'Modi et recusandae omnis. At sint qui esse nemo. Fuga laborum dolorem ex repellat harum ducimus rem neque. Ipsam neque dolores ad animi.', 0, 0, '2011-12-12 13:40:46', '1972-12-12 15:14:28');
INSERT INTO `messages` (`id`, `from_user_id`, `to_user_id`, `body`, `is_important`, `is_delivered`, `created_at`, `updated_at`) VALUES (320, 15, 101, 'Illum fuga porro cum ut ratione non. Est dolores odio saepe odio. Possimus molestias perferendis repellat.', 1, 1, '2018-09-20 22:48:55', '2019-12-18 06:28:36');
INSERT INTO `messages` (`id`, `from_user_id`, `to_user_id`, `body`, `is_important`, `is_delivered`, `created_at`, `updated_at`) VALUES (321, 39, 5, 'Cum ea tempora ipsum vel quam occaecati omnis. Et voluptatem accusantium enim architecto. Adipisci voluptas qui doloribus hic nihil. Architecto sequi animi omnis expedita blanditiis dolor cum laboriosam.', 0, 0, '1974-01-26 02:45:11', '2018-06-15 04:45:23');
INSERT INTO `messages` (`id`, `from_user_id`, `to_user_id`, `body`, `is_important`, `is_delivered`, `created_at`, `updated_at`) VALUES (322, 32, 50, 'Et quibusdam placeat tenetur repellendus voluptatem velit. Dolor ut magnam at fugit rerum sed vel. Est ut ut voluptatem dolore.', 0, 1, '2014-07-23 23:19:31', '1989-12-21 14:37:47');
INSERT INTO `messages` (`id`, `from_user_id`, `to_user_id`, `body`, `is_important`, `is_delivered`, `created_at`, `updated_at`) VALUES (323, 24, 1, 'Accusamus ipsa ad unde blanditiis rerum. Veritatis magnam nisi odio aliquam. Laudantium voluptatibus suscipit voluptatem omnis tempora soluta animi voluptatem. Sed et eveniet fuga minus maxime rerum.', 1, 0, '2016-04-29 09:33:26', '1971-08-13 01:41:24');
INSERT INTO `messages` (`id`, `from_user_id`, `to_user_id`, `body`, `is_important`, `is_delivered`, `created_at`, `updated_at`) VALUES (324, 29, 51, 'Accusamus officiis maiores inventore odio dolorem et. Ut quo excepturi et.', 0, 0, '1973-04-01 01:36:58', '1980-10-05 14:01:48');
INSERT INTO `messages` (`id`, `from_user_id`, `to_user_id`, `body`, `is_important`, `is_delivered`, `created_at`, `updated_at`) VALUES (325, 16, 73, 'Laboriosam voluptates aspernatur dicta libero nisi dolor. Sit esse ea consequatur. Nobis dolorem et incidunt nihil iste dolores. Quia saepe facilis possimus et fuga unde quae.', 0, 1, '1980-01-22 05:46:11', '2015-09-15 11:30:59');
INSERT INTO `messages` (`id`, `from_user_id`, `to_user_id`, `body`, `is_important`, `is_delivered`, `created_at`, `updated_at`) VALUES (326, 68, 55, 'Sed perferendis voluptatem et nam. Eius suscipit ut sit numquam nam dolorum quisquam sed. Velit aut exercitationem ipsam vel repellat repellat.', 0, 0, '2009-04-09 02:28:36', '1999-07-20 17:44:41');
INSERT INTO `messages` (`id`, `from_user_id`, `to_user_id`, `body`, `is_important`, `is_delivered`, `created_at`, `updated_at`) VALUES (327, 28, 75, 'Delectus voluptatem similique modi sequi. Aut sit eum et. Enim non eos voluptatem qui nemo. Nesciunt et et ab omnis.', 1, 0, '2001-04-07 05:27:56', '1993-04-07 14:27:45');
INSERT INTO `messages` (`id`, `from_user_id`, `to_user_id`, `body`, `is_important`, `is_delivered`, `created_at`, `updated_at`) VALUES (328, 23, 72, 'In consequatur quia molestiae incidunt neque doloremque. Suscipit necessitatibus repellendus illum enim cumque. Nobis qui ut amet corporis esse omnis quia. Officiis voluptates culpa earum nostrum qui et.', 1, 0, '2005-06-16 23:29:11', '1986-04-30 15:10:36');
INSERT INTO `messages` (`id`, `from_user_id`, `to_user_id`, `body`, `is_important`, `is_delivered`, `created_at`, `updated_at`) VALUES (329, 96, 85, 'Cum voluptatem delectus magni recusandae vitae. Aut ut ut perspiciatis provident vel quod inventore. Iste porro voluptates eveniet inventore explicabo hic culpa. Hic magni debitis numquam quae et.', 0, 1, '1985-11-21 13:11:25', '1972-09-24 15:24:20');
INSERT INTO `messages` (`id`, `from_user_id`, `to_user_id`, `body`, `is_important`, `is_delivered`, `created_at`, `updated_at`) VALUES (330, 102, 9, 'Delectus error molestias aut et facere. Est illum porro ex beatae qui possimus. Error fugiat in perferendis provident. Laborum dignissimos eaque dolorem.', 0, 1, '1990-02-08 06:34:22', '1980-04-11 03:54:16');
INSERT INTO `messages` (`id`, `from_user_id`, `to_user_id`, `body`, `is_important`, `is_delivered`, `created_at`, `updated_at`) VALUES (331, 103, 74, 'Nihil optio omnis accusantium consequatur voluptatem ut adipisci et. Alias qui accusamus id odit possimus numquam tempora. Quibusdam earum odio eum dignissimos ut.', 0, 1, '1990-04-17 05:19:25', '1991-10-04 22:01:53');
INSERT INTO `messages` (`id`, `from_user_id`, `to_user_id`, `body`, `is_important`, `is_delivered`, `created_at`, `updated_at`) VALUES (332, 12, 74, 'Tenetur consectetur enim id aut nostrum optio. Magnam ex accusantium molestiae. Consequatur nostrum eos dolorem autem. Illo necessitatibus aut et mollitia.', 1, 1, '1987-06-18 08:25:09', '1990-01-15 21:44:15');
INSERT INTO `messages` (`id`, `from_user_id`, `to_user_id`, `body`, `is_important`, `is_delivered`, `created_at`, `updated_at`) VALUES (333, 67, 32, 'Maxime aspernatur dignissimos vero ut fugiat eos provident. Repellat autem corporis est et tempora. Aperiam quisquam explicabo sapiente minima. Voluptatum nihil laudantium beatae architecto sunt non.', 0, 1, '1984-12-17 10:43:34', '1978-01-02 00:41:19');
INSERT INTO `messages` (`id`, `from_user_id`, `to_user_id`, `body`, `is_important`, `is_delivered`, `created_at`, `updated_at`) VALUES (334, 50, 43, 'Quis ut magnam iure facilis natus eligendi ut. Numquam incidunt necessitatibus corrupti quasi veritatis. Perferendis porro qui alias mollitia expedita quo quas. Qui assumenda autem quibusdam et amet amet numquam.', 0, 1, '2014-09-05 03:00:51', '2019-10-06 16:30:26');
INSERT INTO `messages` (`id`, `from_user_id`, `to_user_id`, `body`, `is_important`, `is_delivered`, `created_at`, `updated_at`) VALUES (335, 82, 56, 'Qui voluptatibus qui modi quo eligendi esse sed quaerat. Rem earum autem accusantium eius. Omnis officiis tenetur non distinctio repellat reprehenderit. Numquam dicta aliquam maxime autem.', 1, 0, '2004-08-09 00:23:19', '1987-01-21 04:18:38');
INSERT INTO `messages` (`id`, `from_user_id`, `to_user_id`, `body`, `is_important`, `is_delivered`, `created_at`, `updated_at`) VALUES (336, 77, 100, 'Sunt quod et sunt provident nam aut eum. Quasi odit voluptates aut tempore est eum. Doloribus repellendus eligendi eius voluptas. Porro illo voluptatem error quaerat distinctio.', 0, 0, '2012-03-19 09:04:13', '1977-11-01 00:42:10');
INSERT INTO `messages` (`id`, `from_user_id`, `to_user_id`, `body`, `is_important`, `is_delivered`, `created_at`, `updated_at`) VALUES (337, 87, 96, 'Suscipit veniam distinctio delectus repudiandae odit. Amet doloremque cupiditate debitis nulla error porro non accusantium. Quasi rerum reprehenderit officiis quo. At mollitia et libero et. Iusto ratione in dolorem quis.', 1, 0, '2009-01-07 18:23:20', '2018-12-28 03:02:52');
INSERT INTO `messages` (`id`, `from_user_id`, `to_user_id`, `body`, `is_important`, `is_delivered`, `created_at`, `updated_at`) VALUES (338, 25, 19, 'Molestiae aut harum sit tenetur sunt velit laborum inventore. Ut omnis id consectetur aut praesentium iste. Placeat voluptatem non provident rerum.', 1, 0, '1971-08-12 23:23:14', '2000-10-10 01:35:36');
INSERT INTO `messages` (`id`, `from_user_id`, `to_user_id`, `body`, `is_important`, `is_delivered`, `created_at`, `updated_at`) VALUES (339, 95, 33, 'Nesciunt iure voluptates consequuntur sed. Ea sed impedit reprehenderit dolore ad asperiores facilis vitae. Velit dolores rem libero ipsam. Qui doloremque totam dolor similique sed facilis et.', 1, 1, '1974-07-18 14:15:36', '1977-11-29 01:07:52');
INSERT INTO `messages` (`id`, `from_user_id`, `to_user_id`, `body`, `is_important`, `is_delivered`, `created_at`, `updated_at`) VALUES (340, 72, 16, 'Ut alias blanditiis deserunt soluta pariatur repellat. At quam unde eum. Ea veniam quo minus voluptatibus sequi voluptatem. Facilis quae quia dolores voluptas et tenetur. Molestiae nihil sequi possimus maiores necessitatibus cum optio quidem.', 1, 0, '1985-03-09 17:17:37', '1988-05-18 02:56:49');
INSERT INTO `messages` (`id`, `from_user_id`, `to_user_id`, `body`, `is_important`, `is_delivered`, `created_at`, `updated_at`) VALUES (341, 43, 23, 'Sit optio alias laborum voluptas. Eos ut enim sunt autem ullam. Veritatis est quia in illo id consequatur debitis. Rerum fugit assumenda nemo enim numquam possimus ut.', 1, 0, '2005-04-21 13:03:50', '1984-10-09 15:25:12');
INSERT INTO `messages` (`id`, `from_user_id`, `to_user_id`, `body`, `is_important`, `is_delivered`, `created_at`, `updated_at`) VALUES (342, 57, 90, 'Minima qui molestiae vitae assumenda. Earum quos voluptatum qui ipsa et. Cum iusto cupiditate dignissimos recusandae similique occaecati quia. Officia sint reprehenderit numquam sit dolore.', 1, 1, '1972-03-06 04:11:09', '1996-09-02 10:50:08');
INSERT INTO `messages` (`id`, `from_user_id`, `to_user_id`, `body`, `is_important`, `is_delivered`, `created_at`, `updated_at`) VALUES (343, 77, 95, 'Nihil accusamus cumque expedita est. Saepe labore dolorem animi laborum aliquam et delectus. Placeat facilis deserunt sint unde tempore. Harum soluta est nostrum sed quas eius.', 1, 1, '1982-03-28 00:07:29', '2000-03-19 19:17:18');
INSERT INTO `messages` (`id`, `from_user_id`, `to_user_id`, `body`, `is_important`, `is_delivered`, `created_at`, `updated_at`) VALUES (344, 103, 84, 'Aliquam a blanditiis aperiam aliquam esse facilis et labore. Quis aut ut quis eligendi magni.', 1, 0, '1982-01-24 04:32:39', '1979-09-01 14:11:00');
INSERT INTO `messages` (`id`, `from_user_id`, `to_user_id`, `body`, `is_important`, `is_delivered`, `created_at`, `updated_at`) VALUES (345, 101, 32, 'Modi aut et consequatur sequi. Non sequi dolor incidunt et necessitatibus sed. Quia et quas neque quia esse excepturi atque ad. Error autem velit cum.', 0, 1, '1977-11-03 01:49:59', '2000-07-27 01:22:04');
INSERT INTO `messages` (`id`, `from_user_id`, `to_user_id`, `body`, `is_important`, `is_delivered`, `created_at`, `updated_at`) VALUES (346, 70, 15, 'Blanditiis aut aspernatur veniam totam eius sint. Facere laudantium tempora et nobis ea quis. Eaque accusamus vel non ratione voluptates rem. Soluta modi amet officia in. Iure dolor qui ullam.', 1, 0, '2009-05-21 18:05:29', '1973-04-02 09:04:09');
INSERT INTO `messages` (`id`, `from_user_id`, `to_user_id`, `body`, `is_important`, `is_delivered`, `created_at`, `updated_at`) VALUES (347, 15, 9, 'Exercitationem libero omnis voluptas similique quos placeat molestias. Est blanditiis sed nihil cum perspiciatis. Fugiat quasi ratione molestiae.', 1, 1, '1999-06-19 09:22:14', '2017-12-19 20:29:25');
INSERT INTO `messages` (`id`, `from_user_id`, `to_user_id`, `body`, `is_important`, `is_delivered`, `created_at`, `updated_at`) VALUES (348, 17, 104, 'Cumque autem provident illum laborum. Consequatur harum ea dolorem dolores sed placeat. Vel consequatur aut sint eum quo. Ipsam qui suscipit molestiae et.', 1, 1, '1973-04-28 00:20:01', '2019-05-12 19:31:36');
INSERT INTO `messages` (`id`, `from_user_id`, `to_user_id`, `body`, `is_important`, `is_delivered`, `created_at`, `updated_at`) VALUES (349, 11, 101, 'Dolores alias libero libero cumque qui minima. Incidunt cumque aut non quis. Atque eius tempore quasi saepe neque voluptate est.', 1, 0, '2019-07-18 16:15:17', '1990-08-19 13:37:48');
INSERT INTO `messages` (`id`, `from_user_id`, `to_user_id`, `body`, `is_important`, `is_delivered`, `created_at`, `updated_at`) VALUES (350, 20, 42, 'Repellat voluptatem dolore sequi est. Quia facere aliquam ut sed quia. Corrupti id velit possimus ut vero voluptas. Sit dicta ea harum enim nihil autem. Adipisci voluptas esse omnis harum.', 0, 1, '1991-05-13 00:37:36', '2006-10-10 08:43:20');
INSERT INTO `messages` (`id`, `from_user_id`, `to_user_id`, `body`, `is_important`, `is_delivered`, `created_at`, `updated_at`) VALUES (351, 84, 9, 'Ut impedit dignissimos adipisci quod eius impedit corrupti. Non nobis ab ad sint quo quod exercitationem. Est reiciendis ut voluptas. Exercitationem porro rerum facere quia et quis. Quas atque eveniet pariatur maxime fugit accusantium.', 1, 1, '1978-02-03 11:16:57', '1995-01-17 15:42:09');
INSERT INTO `messages` (`id`, `from_user_id`, `to_user_id`, `body`, `is_important`, `is_delivered`, `created_at`, `updated_at`) VALUES (352, 102, 66, 'Similique natus voluptate deserunt cumque ratione id dolore. Et qui eum porro quis reprehenderit qui. Illo commodi accusantium hic aperiam.', 1, 0, '1995-05-21 20:54:19', '1998-10-09 02:52:49');
INSERT INTO `messages` (`id`, `from_user_id`, `to_user_id`, `body`, `is_important`, `is_delivered`, `created_at`, `updated_at`) VALUES (353, 80, 35, 'Occaecati eius facere ut voluptatem magnam sed officiis eos. Quas quos exercitationem eaque.', 0, 1, '2001-01-03 12:42:07', '2008-07-13 10:52:11');
INSERT INTO `messages` (`id`, `from_user_id`, `to_user_id`, `body`, `is_important`, `is_delivered`, `created_at`, `updated_at`) VALUES (354, 86, 59, 'Sed ut ut dolorum architecto consectetur soluta. Vel architecto consequatur aut sit qui libero. Qui dignissimos iste esse ex sequi ullam beatae.', 0, 1, '1974-07-21 03:48:42', '1981-06-02 08:59:27');
INSERT INTO `messages` (`id`, `from_user_id`, `to_user_id`, `body`, `is_important`, `is_delivered`, `created_at`, `updated_at`) VALUES (355, 24, 98, 'Eos aut corporis hic nesciunt illo qui quia. Rerum magnam consequatur amet culpa harum. Debitis quod hic error impedit quia. Alias perferendis ut expedita excepturi qui.', 1, 1, '1979-08-09 04:50:31', '2002-04-02 13:45:41');
INSERT INTO `messages` (`id`, `from_user_id`, `to_user_id`, `body`, `is_important`, `is_delivered`, `created_at`, `updated_at`) VALUES (356, 2, 59, 'Aut non animi officiis sed. Quam autem eum quod occaecati ut illo ullam fugit. Qui tenetur non quaerat aut voluptas.', 0, 1, '1980-11-17 08:20:33', '1994-12-18 03:25:51');
INSERT INTO `messages` (`id`, `from_user_id`, `to_user_id`, `body`, `is_important`, `is_delivered`, `created_at`, `updated_at`) VALUES (357, 89, 72, 'Expedita sed totam laudantium maiores corporis. Quia ea repudiandae at. Voluptatem rerum est similique ut.', 0, 1, '1984-06-07 11:04:33', '2002-08-29 00:58:46');
INSERT INTO `messages` (`id`, `from_user_id`, `to_user_id`, `body`, `is_important`, `is_delivered`, `created_at`, `updated_at`) VALUES (358, 90, 46, 'Qui mollitia perferendis eum harum aspernatur dolor quia. In optio quia voluptatum non. Recusandae ullam in aut quia repellat odit excepturi. Neque excepturi porro debitis.', 1, 1, '2004-11-19 20:04:47', '2005-04-27 22:02:08');
INSERT INTO `messages` (`id`, `from_user_id`, `to_user_id`, `body`, `is_important`, `is_delivered`, `created_at`, `updated_at`) VALUES (359, 34, 105, 'Et quidem quis similique vitae ad est et. Perspiciatis dolor aut iste accusantium hic delectus est. Veritatis placeat accusantium aperiam id sed.', 0, 1, '2007-06-30 11:33:31', '2002-06-15 07:18:58');
INSERT INTO `messages` (`id`, `from_user_id`, `to_user_id`, `body`, `is_important`, `is_delivered`, `created_at`, `updated_at`) VALUES (360, 86, 41, 'Ut aut cupiditate consectetur ut alias laboriosam nemo. Distinctio labore placeat aspernatur eligendi est officiis temporibus. Nemo repellat magni et totam eos. Est cupiditate sint nobis sit quia.', 1, 0, '2003-10-14 07:21:03', '1994-09-13 02:28:17');
INSERT INTO `messages` (`id`, `from_user_id`, `to_user_id`, `body`, `is_important`, `is_delivered`, `created_at`, `updated_at`) VALUES (361, 85, 97, 'Distinctio inventore et blanditiis. Laborum adipisci iure accusamus iste maiores aut. Reiciendis quisquam eos sint nihil qui harum aut vel. Ut omnis est quisquam sint non sed.', 0, 1, '1971-05-04 07:41:03', '1989-04-20 03:15:35');
INSERT INTO `messages` (`id`, `from_user_id`, `to_user_id`, `body`, `is_important`, `is_delivered`, `created_at`, `updated_at`) VALUES (362, 25, 84, 'Quisquam non quidem et velit facilis tempore. Saepe corporis fugiat doloremque maiores in impedit accusamus. Et quis reiciendis praesentium modi.', 1, 0, '2009-01-24 22:47:23', '1971-01-05 05:49:40');
INSERT INTO `messages` (`id`, `from_user_id`, `to_user_id`, `body`, `is_important`, `is_delivered`, `created_at`, `updated_at`) VALUES (363, 106, 103, 'Quibusdam quod non vel aut. Numquam excepturi laborum dolorum voluptates voluptatem vel dolores incidunt. Est cum vel est aut molestias vel quisquam quod.', 0, 1, '1972-02-02 14:10:29', '1992-01-19 00:00:29');
INSERT INTO `messages` (`id`, `from_user_id`, `to_user_id`, `body`, `is_important`, `is_delivered`, `created_at`, `updated_at`) VALUES (364, 47, 53, 'Omnis iste rem id repellat. Quo ut esse excepturi odit. Nemo repudiandae dolor qui autem distinctio. Sunt repudiandae aut et asperiores eos cupiditate. Omnis eaque omnis assumenda.', 0, 0, '2008-10-20 15:43:43', '1970-01-27 06:31:54');
INSERT INTO `messages` (`id`, `from_user_id`, `to_user_id`, `body`, `is_important`, `is_delivered`, `created_at`, `updated_at`) VALUES (365, 10, 28, 'Laudantium dicta quis sed aut. Optio odit cumque a perspiciatis eos.', 0, 0, '1981-06-22 16:07:42', '1983-07-01 10:35:01');
INSERT INTO `messages` (`id`, `from_user_id`, `to_user_id`, `body`, `is_important`, `is_delivered`, `created_at`, `updated_at`) VALUES (366, 22, 7, 'Dolor et enim cum fugiat et. Culpa quis minima quisquam qui. Laborum nulla provident aperiam tenetur. Beatae similique eius voluptas nisi voluptatem sit.', 1, 1, '2019-05-17 13:28:36', '2018-06-26 17:56:32');
INSERT INTO `messages` (`id`, `from_user_id`, `to_user_id`, `body`, `is_important`, `is_delivered`, `created_at`, `updated_at`) VALUES (367, 26, 47, 'Sed quo voluptas iusto dolorem iste sint et. Quos eos incidunt reiciendis. Eius nobis dolores error quidem nihil aperiam.', 1, 0, '1990-06-16 03:46:52', '1996-10-14 17:19:53');
INSERT INTO `messages` (`id`, `from_user_id`, `to_user_id`, `body`, `is_important`, `is_delivered`, `created_at`, `updated_at`) VALUES (368, 24, 88, 'Occaecati corrupti qui ab fuga molestias et. Magnam soluta necessitatibus eum fugiat corrupti voluptas. Repudiandae omnis qui non repellendus doloribus hic. Veritatis illo quas ratione asperiores omnis qui quia et.', 1, 0, '2002-10-26 22:33:44', '1979-09-28 09:15:38');
INSERT INTO `messages` (`id`, `from_user_id`, `to_user_id`, `body`, `is_important`, `is_delivered`, `created_at`, `updated_at`) VALUES (369, 83, 109, 'Qui dolores perferendis blanditiis. Qui deleniti fugiat porro labore. Optio et eveniet fugit.', 1, 1, '1979-05-01 16:50:30', '1975-03-18 09:34:39');
INSERT INTO `messages` (`id`, `from_user_id`, `to_user_id`, `body`, `is_important`, `is_delivered`, `created_at`, `updated_at`) VALUES (370, 14, 102, 'Nam corporis omnis quas sed voluptate. Officia provident cum molestiae rerum et ex. Magni aut corporis temporibus accusamus ipsum tempore.', 1, 1, '1997-11-06 13:08:05', '1971-08-09 08:41:33');
INSERT INTO `messages` (`id`, `from_user_id`, `to_user_id`, `body`, `is_important`, `is_delivered`, `created_at`, `updated_at`) VALUES (371, 20, 74, 'Autem eveniet quia quasi et deleniti et. Sint nulla quam illo reiciendis. Praesentium accusamus nihil tempora totam aperiam. Ut reiciendis debitis recusandae hic suscipit a qui.', 0, 0, '2014-12-26 03:11:48', '1995-12-12 13:19:45');
INSERT INTO `messages` (`id`, `from_user_id`, `to_user_id`, `body`, `is_important`, `is_delivered`, `created_at`, `updated_at`) VALUES (372, 57, 71, 'Rem dolorem at consectetur. Voluptas tempora ut odio voluptatem exercitationem. Distinctio aut quas architecto exercitationem quam nostrum et debitis. Ipsum laborum inventore sed sed reiciendis.', 1, 0, '1979-02-13 11:23:28', '1995-08-13 16:31:48');
INSERT INTO `messages` (`id`, `from_user_id`, `to_user_id`, `body`, `is_important`, `is_delivered`, `created_at`, `updated_at`) VALUES (373, 37, 80, 'Et ut nemo laudantium necessitatibus consequatur nulla sit. Ut illum temporibus adipisci soluta ut qui voluptate. Quo perferendis qui est labore tempora. Ut temporibus nihil nemo ducimus eligendi a earum.', 0, 0, '1977-02-09 12:47:45', '2011-11-22 20:49:56');
INSERT INTO `messages` (`id`, `from_user_id`, `to_user_id`, `body`, `is_important`, `is_delivered`, `created_at`, `updated_at`) VALUES (374, 6, 30, 'Fuga aut qui aut cupiditate vel. Inventore nisi officiis architecto labore corrupti nulla. Omnis eum aut quis adipisci perspiciatis. Qui vel et soluta quam voluptatem autem mollitia.', 1, 1, '1978-09-09 07:32:27', '2006-10-01 10:02:07');
INSERT INTO `messages` (`id`, `from_user_id`, `to_user_id`, `body`, `is_important`, `is_delivered`, `created_at`, `updated_at`) VALUES (375, 65, 90, 'Dignissimos vitae nemo debitis magnam voluptatem dolorem. Dicta quia officiis id quidem. Eius sunt nihil sed expedita reprehenderit et.', 0, 0, '2007-12-10 17:15:37', '1973-12-03 13:41:17');
INSERT INTO `messages` (`id`, `from_user_id`, `to_user_id`, `body`, `is_important`, `is_delivered`, `created_at`, `updated_at`) VALUES (376, 92, 48, 'Labore quasi id cupiditate ut aspernatur. Illo eveniet nobis est delectus occaecati perspiciatis. Dignissimos inventore ducimus quaerat in.', 1, 1, '1981-01-24 17:41:51', '1998-06-01 12:26:20');
INSERT INTO `messages` (`id`, `from_user_id`, `to_user_id`, `body`, `is_important`, `is_delivered`, `created_at`, `updated_at`) VALUES (377, 80, 4, 'Facere culpa quis aliquam iusto voluptas sed dolor. Quia totam tempora repellendus maxime. Sunt sit aut vel numquam dicta. Dolorem praesentium voluptas odit consequatur aut qui.', 1, 0, '2020-03-31 11:52:20', '2004-08-10 02:30:31');
INSERT INTO `messages` (`id`, `from_user_id`, `to_user_id`, `body`, `is_important`, `is_delivered`, `created_at`, `updated_at`) VALUES (378, 45, 3, 'Fuga omnis harum sit eum beatae voluptates ab. Id aliquid est eaque quos accusamus esse impedit. Eum mollitia aliquid asperiores aut explicabo ex error. Qui magnam sunt dolorum perspiciatis. Praesentium sed quaerat velit delectus vel fuga.', 0, 1, '1999-03-12 10:56:14', '1973-11-17 10:21:30');
INSERT INTO `messages` (`id`, `from_user_id`, `to_user_id`, `body`, `is_important`, `is_delivered`, `created_at`, `updated_at`) VALUES (379, 102, 79, 'Adipisci aspernatur dignissimos et labore qui vel eum est. Suscipit et ducimus numquam qui. Neque quo aut voluptatum quidem earum incidunt temporibus provident. Praesentium similique voluptates quia.', 1, 0, '1997-01-17 23:22:26', '1993-06-05 15:41:15');
INSERT INTO `messages` (`id`, `from_user_id`, `to_user_id`, `body`, `is_important`, `is_delivered`, `created_at`, `updated_at`) VALUES (380, 87, 1, 'Saepe doloremque repellendus natus qui quibusdam occaecati. Esse sit beatae reprehenderit. Velit et veritatis eligendi dolorem.', 1, 1, '1977-04-14 10:52:04', '2008-07-26 11:40:16');
INSERT INTO `messages` (`id`, `from_user_id`, `to_user_id`, `body`, `is_important`, `is_delivered`, `created_at`, `updated_at`) VALUES (381, 78, 6, 'Quo nihil et odit consequuntur. Fugit officiis facere odio. Hic harum maxime minus voluptatibus ab ut.', 0, 0, '1999-08-03 01:57:11', '1978-04-16 15:14:29');
INSERT INTO `messages` (`id`, `from_user_id`, `to_user_id`, `body`, `is_important`, `is_delivered`, `created_at`, `updated_at`) VALUES (382, 54, 110, 'Expedita et qui sequi et. Aperiam id velit quis numquam. Vel sed saepe sed dolore.', 0, 1, '1998-03-28 22:31:04', '2013-02-09 21:11:55');
INSERT INTO `messages` (`id`, `from_user_id`, `to_user_id`, `body`, `is_important`, `is_delivered`, `created_at`, `updated_at`) VALUES (383, 10, 40, 'Impedit et maiores est dolore quia. In dolores ut culpa et. Consectetur minus consequuntur dolorem et.', 0, 1, '1992-03-14 23:51:53', '1972-07-27 12:32:04');
INSERT INTO `messages` (`id`, `from_user_id`, `to_user_id`, `body`, `is_important`, `is_delivered`, `created_at`, `updated_at`) VALUES (384, 84, 50, 'Repudiandae expedita dolorem provident officia. Iure qui tempore consequatur dolor provident.', 0, 0, '1992-06-11 08:41:32', '2001-12-09 15:57:05');
INSERT INTO `messages` (`id`, `from_user_id`, `to_user_id`, `body`, `is_important`, `is_delivered`, `created_at`, `updated_at`) VALUES (385, 107, 5, 'Provident eaque animi est et fugit. Eos hic sint quo deleniti. Voluptate quia est sed. Qui molestias eveniet et ut mollitia quis totam.', 0, 1, '2008-09-02 18:49:51', '1988-05-29 10:40:26');
INSERT INTO `messages` (`id`, `from_user_id`, `to_user_id`, `body`, `is_important`, `is_delivered`, `created_at`, `updated_at`) VALUES (386, 5, 98, 'Harum aperiam aspernatur aut voluptatibus excepturi nam nobis. Laudantium non necessitatibus aut modi. Accusamus hic hic beatae ut officia aliquid. Sed accusamus sint recusandae sunt et molestiae.', 1, 1, '2004-05-20 17:51:16', '1976-11-09 17:58:10');
INSERT INTO `messages` (`id`, `from_user_id`, `to_user_id`, `body`, `is_important`, `is_delivered`, `created_at`, `updated_at`) VALUES (387, 76, 21, 'Et eveniet iste enim non similique. Consequuntur alias dolores et repellendus dolores. Qui sunt ipsa quo iusto totam velit.', 1, 1, '1974-03-10 18:29:34', '1996-07-05 22:56:39');
INSERT INTO `messages` (`id`, `from_user_id`, `to_user_id`, `body`, `is_important`, `is_delivered`, `created_at`, `updated_at`) VALUES (388, 76, 53, 'Id molestiae hic sapiente quo eos. Et maxime quod quaerat recusandae aut quia reprehenderit. Distinctio dolorem aut voluptatem qui est magnam qui tempore. Nihil et similique illum maiores aperiam. Ipsum ratione incidunt id repudiandae incidunt.', 0, 0, '1973-03-18 18:46:27', '2005-11-02 15:21:31');
INSERT INTO `messages` (`id`, `from_user_id`, `to_user_id`, `body`, `is_important`, `is_delivered`, `created_at`, `updated_at`) VALUES (389, 79, 78, 'Eos sit incidunt dolores pariatur est. Veniam est odio accusamus. Quaerat non molestiae officia deserunt et omnis similique. Ducimus maxime dolorum dolorem quibusdam ullam ut commodi.', 1, 1, '2018-11-23 06:12:10', '1987-03-05 00:22:37');
INSERT INTO `messages` (`id`, `from_user_id`, `to_user_id`, `body`, `is_important`, `is_delivered`, `created_at`, `updated_at`) VALUES (390, 52, 86, 'Reprehenderit non et tenetur sint assumenda consequuntur aut. Est deleniti blanditiis eaque magnam. Sed dolorum quis aliquam iste aut et rerum voluptatem. Magni unde vitae unde qui suscipit ipsum.', 0, 1, '2005-04-29 10:47:02', '2003-05-30 15:46:31');
INSERT INTO `messages` (`id`, `from_user_id`, `to_user_id`, `body`, `is_important`, `is_delivered`, `created_at`, `updated_at`) VALUES (391, 111, 56, 'Doloremque ipsum totam est consequatur dolor reiciendis. Sit possimus excepturi quibusdam voluptate temporibus tempore. Et rerum beatae distinctio dolorem ut nam. Rerum et deleniti sit accusamus harum.', 1, 0, '1979-04-21 18:03:55', '2015-04-22 02:59:38');
INSERT INTO `messages` (`id`, `from_user_id`, `to_user_id`, `body`, `is_important`, `is_delivered`, `created_at`, `updated_at`) VALUES (392, 80, 84, 'Quidem laudantium eius nemo a. Quo nihil non nobis voluptas rerum nostrum. Accusamus sed magni repellendus eos qui. Sint assumenda reiciendis ipsam velit.', 1, 1, '2020-02-10 15:11:11', '1975-05-20 08:22:31');
INSERT INTO `messages` (`id`, `from_user_id`, `to_user_id`, `body`, `is_important`, `is_delivered`, `created_at`, `updated_at`) VALUES (393, 73, 10, 'Voluptatibus reprehenderit cumque dolores accusamus et debitis porro. Voluptatum veniam consequatur omnis eum culpa quibusdam debitis minus. Explicabo accusantium consequuntur quibusdam voluptatum quos vero. Dolorem quam ut eaque veritatis quibusdam molestiae dolor.', 1, 1, '2006-06-01 10:59:40', '2002-05-04 16:21:00');
INSERT INTO `messages` (`id`, `from_user_id`, `to_user_id`, `body`, `is_important`, `is_delivered`, `created_at`, `updated_at`) VALUES (394, 23, 38, 'Quae accusamus esse illo ad minima sed. Sunt explicabo omnis ut ut repudiandae est saepe. Dolor illo optio ducimus est quasi. Non iusto hic sed ad sit nihil dolorem.', 1, 0, '1998-06-02 08:52:45', '1975-08-16 11:09:10');
INSERT INTO `messages` (`id`, `from_user_id`, `to_user_id`, `body`, `is_important`, `is_delivered`, `created_at`, `updated_at`) VALUES (395, 47, 17, 'Recusandae unde ut et nam voluptas nobis et et. Dolores esse modi provident vitae deleniti nobis. Id optio occaecati non et.', 0, 1, '1984-10-30 00:58:50', '1996-05-17 11:42:39');
INSERT INTO `messages` (`id`, `from_user_id`, `to_user_id`, `body`, `is_important`, `is_delivered`, `created_at`, `updated_at`) VALUES (396, 70, 101, 'In sed doloremque et ut qui vero exercitationem. Voluptas animi sint molestiae et non voluptatum. Et accusamus hic rerum eum quia laborum quis.', 1, 0, '2007-01-20 17:10:27', '1972-12-12 00:50:05');
INSERT INTO `messages` (`id`, `from_user_id`, `to_user_id`, `body`, `is_important`, `is_delivered`, `created_at`, `updated_at`) VALUES (397, 94, 30, 'Officia assumenda accusamus id illum aut velit voluptatibus. Sequi autem distinctio dolor voluptatem omnis doloremque consequatur. Tempore reiciendis rerum impedit pariatur corrupti voluptatibus quo. Quis provident voluptates earum quia rerum enim.', 1, 1, '1983-07-13 07:32:42', '1986-04-05 05:57:21');
INSERT INTO `messages` (`id`, `from_user_id`, `to_user_id`, `body`, `is_important`, `is_delivered`, `created_at`, `updated_at`) VALUES (398, 94, 50, 'Ut atque incidunt nulla doloribus et. Facere recusandae consequatur enim quaerat suscipit est voluptatem. Iste porro neque cumque voluptatem asperiores.', 1, 0, '1976-10-23 17:42:47', '1987-06-05 07:26:12');
INSERT INTO `messages` (`id`, `from_user_id`, `to_user_id`, `body`, `is_important`, `is_delivered`, `created_at`, `updated_at`) VALUES (399, 33, 24, 'Consequatur rem animi eaque eos quo aut. Molestiae vel iusto expedita sit dolores incidunt doloremque. Inventore accusamus et quia suscipit vero iusto est unde.', 1, 0, '2013-12-29 17:12:03', '1970-08-13 02:03:11');
INSERT INTO `messages` (`id`, `from_user_id`, `to_user_id`, `body`, `is_important`, `is_delivered`, `created_at`, `updated_at`) VALUES (400, 50, 93, 'Corporis quam atque doloremque rerum id dolorem. Qui dolor ipsum nam quae sit. Omnis est qui omnis eaque aut hic.', 0, 0, '1994-06-02 17:39:39', '1986-08-11 01:06:15');
INSERT INTO `messages` (`id`, `from_user_id`, `to_user_id`, `body`, `is_important`, `is_delivered`, `created_at`, `updated_at`) VALUES (401, 64, 91, 'Eos aut culpa dolores iure vel. Asperiores doloremque deserunt voluptatem.', 0, 1, '2013-11-25 17:02:57', '1970-11-24 10:08:10');
INSERT INTO `messages` (`id`, `from_user_id`, `to_user_id`, `body`, `is_important`, `is_delivered`, `created_at`, `updated_at`) VALUES (402, 85, 108, 'Nobis id voluptatem explicabo maiores error. Et officia numquam officia culpa facere qui impedit. Sed praesentium dolores praesentium veritatis expedita. Molestiae vero provident sit a impedit eius corrupti.', 1, 0, '2010-08-05 23:07:09', '1980-10-05 16:11:59');
INSERT INTO `messages` (`id`, `from_user_id`, `to_user_id`, `body`, `is_important`, `is_delivered`, `created_at`, `updated_at`) VALUES (403, 101, 105, 'Nihil nam culpa officiis placeat qui velit. Reiciendis nam molestias minima. Recusandae porro eos assumenda itaque.', 1, 1, '1985-07-14 09:21:24', '1979-03-03 01:28:12');
INSERT INTO `messages` (`id`, `from_user_id`, `to_user_id`, `body`, `is_important`, `is_delivered`, `created_at`, `updated_at`) VALUES (404, 44, 51, 'Debitis quaerat deserunt exercitationem ad. Eius omnis laudantium reprehenderit ut consequatur aut dolores.', 0, 1, '1981-08-15 05:20:01', '1986-12-17 02:24:21');
INSERT INTO `messages` (`id`, `from_user_id`, `to_user_id`, `body`, `is_important`, `is_delivered`, `created_at`, `updated_at`) VALUES (405, 68, 92, 'Reprehenderit ea numquam provident. In facilis nemo a repudiandae. Porro dolorem dolorum distinctio placeat saepe ab praesentium possimus.', 0, 0, '2016-05-25 22:19:04', '2020-08-06 23:03:50');
INSERT INTO `messages` (`id`, `from_user_id`, `to_user_id`, `body`, `is_important`, `is_delivered`, `created_at`, `updated_at`) VALUES (406, 108, 18, 'Laudantium ut saepe corrupti voluptatem. Accusantium aut qui fuga ut. Voluptas rerum aliquid temporibus voluptatem dolor dolores est.', 0, 0, '2004-08-11 16:52:32', '1991-06-21 02:49:00');
INSERT INTO `messages` (`id`, `from_user_id`, `to_user_id`, `body`, `is_important`, `is_delivered`, `created_at`, `updated_at`) VALUES (407, 57, 14, 'Voluptatem fugiat quo perferendis. Ducimus amet dolorem sequi numquam voluptatibus facere et. Quibusdam deserunt non nemo quo placeat magnam ex. Officia rerum molestiae sint sed minima illo sed voluptas.', 1, 0, '1974-01-28 10:21:31', '2019-10-09 04:41:36');
INSERT INTO `messages` (`id`, `from_user_id`, `to_user_id`, `body`, `is_important`, `is_delivered`, `created_at`, `updated_at`) VALUES (408, 56, 75, 'Est quae explicabo praesentium magnam enim non. In ut ullam eaque consequatur. Pariatur inventore perspiciatis iure. Sapiente vero nemo accusantium qui voluptates qui et.', 1, 1, '1996-01-11 17:02:26', '1994-06-21 10:33:40');
INSERT INTO `messages` (`id`, `from_user_id`, `to_user_id`, `body`, `is_important`, `is_delivered`, `created_at`, `updated_at`) VALUES (409, 20, 111, 'Perspiciatis cumque dolorem debitis temporibus quia optio. Velit molestias eum dolore est reiciendis non. Inventore nam voluptatibus doloribus quisquam. Numquam animi repudiandae non velit tenetur.', 0, 0, '2008-10-01 10:32:13', '1999-08-19 20:31:28');
INSERT INTO `messages` (`id`, `from_user_id`, `to_user_id`, `body`, `is_important`, `is_delivered`, `created_at`, `updated_at`) VALUES (410, 12, 72, 'Minus voluptas sit aut dolorem qui. Rerum qui quas distinctio non optio harum eos ab. Quia ipsa et adipisci saepe et rerum ullam. Et enim dolor in fugit adipisci qui.', 0, 0, '1997-07-15 16:25:24', '1988-06-14 10:02:33');
INSERT INTO `messages` (`id`, `from_user_id`, `to_user_id`, `body`, `is_important`, `is_delivered`, `created_at`, `updated_at`) VALUES (411, 72, 78, 'Ut molestiae tempore odio blanditiis officia quia ut. Voluptatibus exercitationem ipsum quia quisquam cum amet sapiente. Velit omnis reprehenderit veniam doloribus eos sint. Deserunt maiores unde dolores soluta pariatur maiores totam ut.', 0, 1, '1975-09-29 07:21:11', '2011-12-25 05:37:46');
INSERT INTO `messages` (`id`, `from_user_id`, `to_user_id`, `body`, `is_important`, `is_delivered`, `created_at`, `updated_at`) VALUES (412, 9, 86, 'Aut quis blanditiis voluptates pariatur a dolore. Nihil omnis aperiam incidunt quia. Deserunt accusamus et illo est ducimus consectetur. Quo neque quam ut voluptatem iure autem beatae. Et ipsum quos autem et minima.', 0, 1, '1979-01-03 19:07:28', '2017-05-13 20:06:08');
INSERT INTO `messages` (`id`, `from_user_id`, `to_user_id`, `body`, `is_important`, `is_delivered`, `created_at`, `updated_at`) VALUES (413, 102, 83, 'Qui harum iste laboriosam et illum nemo dolorem. Vel harum unde a. Nisi nisi iure facilis quis.', 1, 1, '1996-03-08 15:14:33', '2002-05-19 02:45:36');
INSERT INTO `messages` (`id`, `from_user_id`, `to_user_id`, `body`, `is_important`, `is_delivered`, `created_at`, `updated_at`) VALUES (414, 76, 8, 'Esse odit rerum quae distinctio itaque. At dignissimos tempora ea molestiae labore.', 0, 1, '2010-10-03 14:31:48', '2017-05-02 16:48:57');
INSERT INTO `messages` (`id`, `from_user_id`, `to_user_id`, `body`, `is_important`, `is_delivered`, `created_at`, `updated_at`) VALUES (415, 90, 70, 'Ut vel vel deleniti voluptas saepe commodi. Assumenda fuga rerum consequatur atque labore. Eligendi et reprehenderit perspiciatis ut qui.', 1, 1, '2003-11-01 17:13:30', '2006-09-25 20:08:10');
INSERT INTO `messages` (`id`, `from_user_id`, `to_user_id`, `body`, `is_important`, `is_delivered`, `created_at`, `updated_at`) VALUES (416, 68, 4, 'Autem non ullam minus omnis officia magni. Tempora est excepturi sed explicabo deserunt quisquam ut ut. Impedit sint quia cumque vel. Harum non voluptatibus ducimus quis cumque.', 0, 1, '2018-07-13 01:54:49', '2001-07-23 02:12:46');
INSERT INTO `messages` (`id`, `from_user_id`, `to_user_id`, `body`, `is_important`, `is_delivered`, `created_at`, `updated_at`) VALUES (417, 21, 15, 'Debitis quia id et et ut non. Ab eveniet provident voluptatum adipisci voluptatem. Ut sunt unde quo quod explicabo nisi. Consequuntur blanditiis veniam cumque est itaque.', 1, 0, '1980-10-23 20:10:50', '1991-10-15 06:14:43');
INSERT INTO `messages` (`id`, `from_user_id`, `to_user_id`, `body`, `is_important`, `is_delivered`, `created_at`, `updated_at`) VALUES (418, 33, 58, 'Maxime tempore ipsa sed. Soluta aut incidunt odio non eveniet. Sed eum itaque dolores.', 0, 0, '2005-12-13 19:22:21', '1985-02-12 19:55:32');
INSERT INTO `messages` (`id`, `from_user_id`, `to_user_id`, `body`, `is_important`, `is_delivered`, `created_at`, `updated_at`) VALUES (419, 14, 55, 'Ducimus impedit minus nihil et. Quo quibusdam rem totam iure minima id. Quisquam suscipit molestias voluptatibus sit saepe enim pariatur.', 1, 1, '2013-09-06 02:46:42', '1981-10-25 04:20:57');
INSERT INTO `messages` (`id`, `from_user_id`, `to_user_id`, `body`, `is_important`, `is_delivered`, `created_at`, `updated_at`) VALUES (420, 82, 23, 'Et eaque cumque in ipsam qui. Dolor consequatur eius et sed est consectetur est. Distinctio quia ut sed nobis minus ea eum. Reiciendis vero voluptas aliquid dicta.', 0, 1, '1990-09-03 09:26:33', '2011-05-13 17:20:48');
INSERT INTO `messages` (`id`, `from_user_id`, `to_user_id`, `body`, `is_important`, `is_delivered`, `created_at`, `updated_at`) VALUES (421, 12, 13, 'Velit et autem sit quasi occaecati. Laudantium ut ab praesentium sint. Numquam tempore consequatur quisquam. Libero molestias ipsam facilis fuga eligendi commodi inventore occaecati.', 1, 1, '2013-07-14 03:22:38', '1980-12-11 09:55:47');
INSERT INTO `messages` (`id`, `from_user_id`, `to_user_id`, `body`, `is_important`, `is_delivered`, `created_at`, `updated_at`) VALUES (422, 82, 92, 'Voluptatem ducimus a dignissimos atque dolore corporis voluptatem. Consequatur provident aut ipsam consequatur. Sit consequatur est aut voluptatem ipsum.', 0, 1, '2009-10-16 06:27:06', '2001-12-26 01:59:35');
INSERT INTO `messages` (`id`, `from_user_id`, `to_user_id`, `body`, `is_important`, `is_delivered`, `created_at`, `updated_at`) VALUES (423, 57, 27, 'Numquam sapiente quasi itaque deleniti assumenda dolores. Corporis praesentium accusantium eveniet ipsum quis commodi mollitia commodi. Corrupti voluptatem in illum quia qui assumenda aliquid.', 1, 1, '2007-03-18 16:12:15', '2019-12-31 21:27:40');
INSERT INTO `messages` (`id`, `from_user_id`, `to_user_id`, `body`, `is_important`, `is_delivered`, `created_at`, `updated_at`) VALUES (424, 18, 28, 'Omnis iste numquam dolorum quod est laboriosam qui. Maxime expedita qui recusandae delectus dolores.', 1, 1, '2014-03-22 04:54:43', '1991-09-14 17:38:54');
INSERT INTO `messages` (`id`, `from_user_id`, `to_user_id`, `body`, `is_important`, `is_delivered`, `created_at`, `updated_at`) VALUES (425, 93, 62, 'Sequi rerum aspernatur nostrum aut sapiente praesentium velit. Temporibus repudiandae pariatur nam rem aliquam. Sunt officia voluptatum sapiente beatae totam omnis.', 0, 0, '2011-10-18 00:42:35', '2010-01-10 16:59:48');
INSERT INTO `messages` (`id`, `from_user_id`, `to_user_id`, `body`, `is_important`, `is_delivered`, `created_at`, `updated_at`) VALUES (426, 18, 58, 'Impedit fugit ratione quod architecto quis enim nam natus. Doloribus quos assumenda pariatur aut repellendus sed esse ut. Dicta impedit qui dignissimos cupiditate ea omnis. Quia quas mollitia et laboriosam. Sed eaque in rerum deleniti placeat veritatis.', 0, 1, '1977-02-03 15:21:53', '1980-05-29 22:15:56');
INSERT INTO `messages` (`id`, `from_user_id`, `to_user_id`, `body`, `is_important`, `is_delivered`, `created_at`, `updated_at`) VALUES (427, 101, 56, 'Repellendus optio voluptatibus tenetur iste quis illum est. Quae atque sed consequatur facilis expedita provident. Libero culpa sit vero dolorum qui.', 1, 0, '2007-05-16 00:17:56', '2019-08-11 20:21:58');
INSERT INTO `messages` (`id`, `from_user_id`, `to_user_id`, `body`, `is_important`, `is_delivered`, `created_at`, `updated_at`) VALUES (428, 22, 2, 'Nostrum nulla facilis sed. Eos voluptatem mollitia reprehenderit aliquid doloribus sit accusantium. Aut rem ratione nesciunt facilis occaecati.', 0, 0, '1997-02-12 01:24:57', '2004-10-23 09:45:36');
INSERT INTO `messages` (`id`, `from_user_id`, `to_user_id`, `body`, `is_important`, `is_delivered`, `created_at`, `updated_at`) VALUES (429, 101, 15, 'Quos adipisci autem veniam alias tempore ea. Numquam omnis ratione nisi voluptas.', 0, 1, '2017-08-27 20:41:22', '1983-11-19 14:27:51');
INSERT INTO `messages` (`id`, `from_user_id`, `to_user_id`, `body`, `is_important`, `is_delivered`, `created_at`, `updated_at`) VALUES (430, 29, 111, 'Ut necessitatibus unde sequi. Excepturi non aut harum tempore. Aliquid veritatis ea laboriosam aspernatur alias nihil iusto.', 0, 0, '1986-05-01 03:14:51', '1984-12-16 13:06:25');
INSERT INTO `messages` (`id`, `from_user_id`, `to_user_id`, `body`, `is_important`, `is_delivered`, `created_at`, `updated_at`) VALUES (431, 81, 107, 'Hic eveniet odit aut et incidunt est quasi magnam. Minima rerum qui qui exercitationem et nemo. Similique autem saepe eos.', 1, 0, '1979-07-28 12:18:02', '2013-11-23 16:30:41');
INSERT INTO `messages` (`id`, `from_user_id`, `to_user_id`, `body`, `is_important`, `is_delivered`, `created_at`, `updated_at`) VALUES (432, 77, 50, 'Voluptatem et facilis provident mollitia cumque placeat magni qui. Rerum necessitatibus enim quisquam. Qui velit beatae ad velit voluptatem temporibus et.', 0, 0, '1973-02-21 10:32:47', '2006-02-02 06:19:57');
INSERT INTO `messages` (`id`, `from_user_id`, `to_user_id`, `body`, `is_important`, `is_delivered`, `created_at`, `updated_at`) VALUES (433, 32, 63, 'Rem dignissimos vero odio aut reprehenderit voluptas soluta. Magni numquam non doloremque sunt. Ut possimus ut dolores consequatur atque molestiae. Nemo exercitationem eligendi repudiandae hic.', 1, 1, '1990-11-14 09:07:46', '1980-10-14 10:51:48');
INSERT INTO `messages` (`id`, `from_user_id`, `to_user_id`, `body`, `is_important`, `is_delivered`, `created_at`, `updated_at`) VALUES (434, 57, 60, 'Repellat eaque consequuntur ipsum sit. Itaque ex ullam nihil omnis similique velit. Vitae qui possimus ipsum adipisci velit voluptatem.', 1, 1, '1984-09-18 12:47:58', '1981-03-19 03:16:02');
INSERT INTO `messages` (`id`, `from_user_id`, `to_user_id`, `body`, `is_important`, `is_delivered`, `created_at`, `updated_at`) VALUES (435, 51, 14, 'Et sint qui excepturi molestiae magni maiores maiores. Et similique quaerat deleniti maxime. Quia officiis vitae voluptatem sint recusandae aut deleniti.', 1, 1, '1997-11-28 01:55:16', '1989-07-22 13:33:43');
INSERT INTO `messages` (`id`, `from_user_id`, `to_user_id`, `body`, `is_important`, `is_delivered`, `created_at`, `updated_at`) VALUES (436, 1, 101, 'Ipsam enim modi sit repudiandae sint ad. Ut quas quia nisi eligendi natus temporibus eligendi. Porro dolores commodi minima deserunt.', 0, 1, '1999-12-27 19:17:26', '1974-10-01 20:40:47');
INSERT INTO `messages` (`id`, `from_user_id`, `to_user_id`, `body`, `is_important`, `is_delivered`, `created_at`, `updated_at`) VALUES (437, 77, 66, 'Amet optio sint consequatur amet dolor minus dolores harum. Est soluta molestiae ipsam quidem. Eligendi sunt laboriosam eos consequatur enim.', 1, 1, '2006-01-08 20:14:35', '1991-05-01 06:58:03');
INSERT INTO `messages` (`id`, `from_user_id`, `to_user_id`, `body`, `is_important`, `is_delivered`, `created_at`, `updated_at`) VALUES (438, 97, 97, 'Dolores natus omnis quis asperiores nobis illum cum aut. Commodi ut illo velit dignissimos voluptatum.', 0, 1, '1994-07-10 17:53:22', '1994-08-29 15:04:22');
INSERT INTO `messages` (`id`, `from_user_id`, `to_user_id`, `body`, `is_important`, `is_delivered`, `created_at`, `updated_at`) VALUES (439, 65, 98, 'Voluptas nobis in veritatis et adipisci. Et ut porro sint a aliquam. Ipsam impedit consequatur corrupti minima. Eligendi vel exercitationem temporibus impedit vero.', 0, 1, '2003-01-13 04:57:11', '1973-12-07 14:16:27');
INSERT INTO `messages` (`id`, `from_user_id`, `to_user_id`, `body`, `is_important`, `is_delivered`, `created_at`, `updated_at`) VALUES (440, 25, 81, 'Qui et possimus ullam rerum consequatur doloribus quia iure. Nihil doloribus animi qui sed autem. Itaque est omnis qui iusto magni quibusdam iure.', 0, 0, '1992-10-04 08:41:39', '1982-01-15 05:13:54');
INSERT INTO `messages` (`id`, `from_user_id`, `to_user_id`, `body`, `is_important`, `is_delivered`, `created_at`, `updated_at`) VALUES (441, 25, 3, 'Eum eaque adipisci repellendus in. Velit occaecati harum nostrum dicta fugit. Quaerat aut sapiente debitis amet ad officia et quod.', 0, 0, '1990-01-09 23:53:54', '1976-11-06 20:30:50');
INSERT INTO `messages` (`id`, `from_user_id`, `to_user_id`, `body`, `is_important`, `is_delivered`, `created_at`, `updated_at`) VALUES (442, 42, 32, 'Quod quae ut aut totam esse. Voluptates quae quos occaecati quia. Autem nemo quam illum vero ut. Nam laborum illo est dicta.', 0, 1, '2011-01-07 00:51:53', '1974-07-06 16:53:16');
INSERT INTO `messages` (`id`, `from_user_id`, `to_user_id`, `body`, `is_important`, `is_delivered`, `created_at`, `updated_at`) VALUES (443, 12, 52, 'Voluptatem laudantium harum dolore nobis iure. Qui id voluptatem facilis qui excepturi et voluptas quae. Commodi placeat consequatur quisquam rerum.', 0, 1, '2009-01-14 22:42:29', '2011-09-01 12:42:48');
INSERT INTO `messages` (`id`, `from_user_id`, `to_user_id`, `body`, `is_important`, `is_delivered`, `created_at`, `updated_at`) VALUES (444, 12, 75, 'Harum consequuntur et architecto et esse reprehenderit. Non facere et et et. Expedita quas reprehenderit sunt facere voluptatem occaecati sed omnis. Et iusto et sunt corporis animi. Vel sapiente adipisci exercitationem molestiae.', 0, 0, '1973-10-22 23:15:05', '1970-01-15 00:36:08');
INSERT INTO `messages` (`id`, `from_user_id`, `to_user_id`, `body`, `is_important`, `is_delivered`, `created_at`, `updated_at`) VALUES (445, 75, 6, 'Reprehenderit hic est sed eveniet corrupti. Cum porro consectetur quas soluta. Facere nihil sit libero est explicabo dicta.', 1, 0, '1980-01-04 02:34:22', '2017-08-30 22:18:03');
INSERT INTO `messages` (`id`, `from_user_id`, `to_user_id`, `body`, `is_important`, `is_delivered`, `created_at`, `updated_at`) VALUES (446, 94, 66, 'Enim iusto molestiae sunt dolore aliquid placeat placeat. Rem ipsam deleniti quod cum officiis. Fugiat harum iste dolor occaecati. Sit debitis dolor aut.', 1, 0, '1989-12-05 11:27:33', '2004-05-03 17:45:35');
INSERT INTO `messages` (`id`, `from_user_id`, `to_user_id`, `body`, `is_important`, `is_delivered`, `created_at`, `updated_at`) VALUES (447, 35, 36, 'Et qui hic laboriosam aperiam dolores. Molestiae illo recusandae saepe dolorem iure dolor. Id non quis deleniti repellendus nisi vel vel. Non ea illo est a. Deserunt ut quidem sint consectetur.', 0, 0, '2004-08-28 20:37:37', '2000-07-23 17:14:40');
INSERT INTO `messages` (`id`, `from_user_id`, `to_user_id`, `body`, `is_important`, `is_delivered`, `created_at`, `updated_at`) VALUES (448, 48, 36, 'Recusandae minima totam exercitationem quae velit asperiores. Odit atque aut dolores culpa dolor doloribus. Odio quaerat voluptatem inventore quod.', 0, 1, '2008-01-11 01:08:22', '1973-11-16 18:34:37');
INSERT INTO `messages` (`id`, `from_user_id`, `to_user_id`, `body`, `is_important`, `is_delivered`, `created_at`, `updated_at`) VALUES (449, 58, 32, 'Excepturi at et distinctio omnis voluptas nostrum. Non sed et dolores quia earum. Sit molestias ad id ea soluta delectus voluptas. Iste et rem est. Labore distinctio iusto eum similique animi ut autem perspiciatis.', 0, 0, '1988-06-24 07:43:26', '2001-02-14 11:12:00');
INSERT INTO `messages` (`id`, `from_user_id`, `to_user_id`, `body`, `is_important`, `is_delivered`, `created_at`, `updated_at`) VALUES (450, 17, 45, 'Voluptas magnam ipsum ea occaecati et ratione voluptas. Animi nam similique aut ipsa nulla. Enim eligendi ipsum aliquam quia veniam aspernatur et. Officiis eveniet excepturi voluptatum ab aliquam soluta dolore.', 1, 1, '1980-05-08 23:41:59', '1988-01-03 19:02:47');
INSERT INTO `messages` (`id`, `from_user_id`, `to_user_id`, `body`, `is_important`, `is_delivered`, `created_at`, `updated_at`) VALUES (451, 50, 103, 'Nam sint qui rerum a. Magni mollitia quidem id deserunt enim numquam minima nostrum. Facilis ex fuga necessitatibus culpa voluptatum ea non. Qui quo qui doloribus rerum voluptatem.', 0, 0, '1970-09-20 17:38:23', '1971-02-26 08:05:11');
INSERT INTO `messages` (`id`, `from_user_id`, `to_user_id`, `body`, `is_important`, `is_delivered`, `created_at`, `updated_at`) VALUES (452, 95, 6, 'Maiores neque corporis qui blanditiis iusto ea dolor. Quia neque placeat explicabo mollitia. Fugit et odio molestias molestiae nam soluta aut. Adipisci natus unde asperiores dolorem voluptatem.', 1, 1, '1984-08-09 02:04:29', '2015-05-25 18:54:37');
INSERT INTO `messages` (`id`, `from_user_id`, `to_user_id`, `body`, `is_important`, `is_delivered`, `created_at`, `updated_at`) VALUES (453, 96, 33, 'Veniam et quia minima tempore. Quidem quibusdam voluptatem qui qui fugit magni asperiores. Consequatur qui recusandae iusto necessitatibus. Molestias soluta vel qui corporis nihil voluptas quos.', 0, 0, '1970-12-08 12:08:34', '1992-08-08 02:11:08');
INSERT INTO `messages` (`id`, `from_user_id`, `to_user_id`, `body`, `is_important`, `is_delivered`, `created_at`, `updated_at`) VALUES (454, 79, 104, 'Qui nam porro saepe. Eaque id reiciendis quia dicta atque. Qui nihil praesentium impedit eveniet aspernatur. Officiis eveniet dolores dignissimos tempora omnis quasi facere aut.', 1, 1, '1986-08-18 05:27:28', '2014-06-20 06:57:02');
INSERT INTO `messages` (`id`, `from_user_id`, `to_user_id`, `body`, `is_important`, `is_delivered`, `created_at`, `updated_at`) VALUES (455, 31, 61, 'Nostrum sint sit cum et quia. Dolores odit excepturi molestias voluptatem adipisci. Dignissimos qui exercitationem illo accusamus voluptatem. Sapiente et qui veniam labore molestias est quidem. Laborum sit et quia vitae.', 1, 0, '1971-08-01 21:50:50', '2020-05-09 19:54:06');
INSERT INTO `messages` (`id`, `from_user_id`, `to_user_id`, `body`, `is_important`, `is_delivered`, `created_at`, `updated_at`) VALUES (456, 8, 34, 'Reiciendis ratione corrupti porro voluptatem. Quia ipsum beatae non numquam officia voluptatem. Odit esse dolorum quia.', 0, 0, '2005-07-08 15:18:24', '1984-06-05 15:04:44');
INSERT INTO `messages` (`id`, `from_user_id`, `to_user_id`, `body`, `is_important`, `is_delivered`, `created_at`, `updated_at`) VALUES (457, 54, 75, 'Quibusdam qui in sapiente corrupti deleniti in quia. Magnam pariatur dolorem ut. Molestiae nesciunt sunt debitis eius.', 0, 1, '1980-11-14 19:27:40', '1971-02-17 16:39:56');
INSERT INTO `messages` (`id`, `from_user_id`, `to_user_id`, `body`, `is_important`, `is_delivered`, `created_at`, `updated_at`) VALUES (458, 87, 9, 'Est qui magni quae beatae aut nihil accusamus praesentium. Temporibus corrupti recusandae facere consequatur. Hic dolorem dolore necessitatibus dolorem distinctio. Illum ducimus in rem asperiores adipisci.', 1, 0, '1971-04-12 08:06:48', '1974-05-22 16:22:03');
INSERT INTO `messages` (`id`, `from_user_id`, `to_user_id`, `body`, `is_important`, `is_delivered`, `created_at`, `updated_at`) VALUES (459, 70, 79, 'Natus tenetur beatae nesciunt a laborum aut. Cum quo commodi sed accusamus quo quis sit at. Qui est quis ratione. Soluta veritatis adipisci consectetur. At temporibus esse sed occaecati sed est ducimus.', 1, 0, '1983-07-12 16:51:24', '2016-12-25 04:24:38');
INSERT INTO `messages` (`id`, `from_user_id`, `to_user_id`, `body`, `is_important`, `is_delivered`, `created_at`, `updated_at`) VALUES (460, 71, 37, 'Minima minus ipsam minima architecto asperiores distinctio saepe. Consequatur assumenda iure nulla rerum adipisci et inventore. Rem et assumenda exercitationem molestiae cupiditate delectus. Ipsam voluptas enim dolorum necessitatibus et aperiam molestiae.', 1, 1, '1984-08-21 04:42:00', '2012-03-07 09:47:18');
INSERT INTO `messages` (`id`, `from_user_id`, `to_user_id`, `body`, `is_important`, `is_delivered`, `created_at`, `updated_at`) VALUES (461, 59, 111, 'Repellendus quas aut quam omnis perferendis. Exercitationem quo aliquid in sint minus est. Beatae aut magni rem sed voluptates voluptatem. Doloribus eum pariatur quisquam aspernatur.', 1, 0, '1975-03-22 17:37:08', '1986-12-20 11:13:32');
INSERT INTO `messages` (`id`, `from_user_id`, `to_user_id`, `body`, `is_important`, `is_delivered`, `created_at`, `updated_at`) VALUES (462, 26, 83, 'Accusantium commodi eum numquam dignissimos. Rerum excepturi excepturi perferendis quia deserunt id laborum. Sint eius quae recusandae nihil et dolorem. Ratione consectetur laboriosam eligendi molestiae rem.', 0, 0, '1989-02-13 20:32:52', '2011-01-14 00:52:38');
INSERT INTO `messages` (`id`, `from_user_id`, `to_user_id`, `body`, `is_important`, `is_delivered`, `created_at`, `updated_at`) VALUES (463, 27, 104, 'Sapiente ut magnam eum rem alias rem ut. Voluptatem maxime nihil quia tenetur. Architecto quo sed consectetur ut nam. Doloribus omnis rem officia et natus.', 0, 0, '2007-06-23 17:40:51', '2004-02-27 15:51:08');
INSERT INTO `messages` (`id`, `from_user_id`, `to_user_id`, `body`, `is_important`, `is_delivered`, `created_at`, `updated_at`) VALUES (464, 66, 65, 'Qui ut occaecati minima ipsum rem qui. Fugiat maiores odit eligendi non. Suscipit voluptates dolore odit dignissimos est id repellendus. Et commodi debitis qui laboriosam minima velit suscipit.', 0, 0, '1998-04-15 17:40:07', '1995-03-08 00:30:06');
INSERT INTO `messages` (`id`, `from_user_id`, `to_user_id`, `body`, `is_important`, `is_delivered`, `created_at`, `updated_at`) VALUES (465, 41, 53, 'Expedita aut et deserunt ratione repellat. Mollitia et alias id error dolorem nisi. Aspernatur rerum culpa rerum a praesentium error. Error ut ut maiores laboriosam fugit voluptas quia ipsum.', 1, 1, '2017-11-14 09:28:43', '2001-12-16 00:36:45');
INSERT INTO `messages` (`id`, `from_user_id`, `to_user_id`, `body`, `is_important`, `is_delivered`, `created_at`, `updated_at`) VALUES (466, 104, 79, 'Illo eos ut maxime et iusto impedit similique. Et non recusandae dolor nostrum id unde omnis. Eveniet itaque sed autem dolor.', 0, 1, '1987-05-13 22:40:01', '2014-11-12 23:36:52');
INSERT INTO `messages` (`id`, `from_user_id`, `to_user_id`, `body`, `is_important`, `is_delivered`, `created_at`, `updated_at`) VALUES (467, 84, 102, 'Provident blanditiis similique beatae assumenda aperiam sunt beatae non. Aut hic distinctio aspernatur harum. Veritatis ut aliquid perferendis qui. Exercitationem hic eos quos dignissimos.', 1, 1, '1987-11-09 19:53:54', '1986-03-31 21:16:25');
INSERT INTO `messages` (`id`, `from_user_id`, `to_user_id`, `body`, `is_important`, `is_delivered`, `created_at`, `updated_at`) VALUES (468, 53, 105, 'Pariatur exercitationem voluptas aut quia vel vel aut. At perspiciatis doloribus ut quia dignissimos voluptatem quia. Dolores voluptatum aut voluptas exercitationem non omnis.', 1, 1, '2012-03-27 18:04:45', '2014-12-03 23:49:51');
INSERT INTO `messages` (`id`, `from_user_id`, `to_user_id`, `body`, `is_important`, `is_delivered`, `created_at`, `updated_at`) VALUES (469, 83, 40, 'Sed corporis eum error aut. Provident et corporis minima repellendus eos in. Molestiae sapiente optio rerum vel sapiente amet. Eaque dignissimos ut rem non cumque excepturi.', 0, 1, '1997-09-21 06:48:11', '2013-09-27 12:30:26');
INSERT INTO `messages` (`id`, `from_user_id`, `to_user_id`, `body`, `is_important`, `is_delivered`, `created_at`, `updated_at`) VALUES (470, 38, 72, 'Dolores saepe laudantium distinctio officia. Ratione vel ut ad nobis ut quidem. Quos dolorum et est dolorem. Omnis omnis doloremque quasi minima id molestiae inventore.', 0, 0, '1998-07-09 17:49:30', '2010-01-30 17:46:07');
INSERT INTO `messages` (`id`, `from_user_id`, `to_user_id`, `body`, `is_important`, `is_delivered`, `created_at`, `updated_at`) VALUES (471, 102, 37, 'Consequatur error vero autem eos eveniet debitis magnam. Ex quam qui est autem qui qui quisquam. Eum saepe qui hic. Eaque quo necessitatibus odio vero earum et.', 1, 0, '1983-03-26 17:58:09', '1979-08-10 12:11:10');
INSERT INTO `messages` (`id`, `from_user_id`, `to_user_id`, `body`, `is_important`, `is_delivered`, `created_at`, `updated_at`) VALUES (472, 111, 5, 'Optio architecto similique labore aut libero. Veniam quaerat qui quaerat incidunt ut natus qui. Voluptatibus distinctio et dolorum ducimus dolore ipsam.', 1, 1, '1985-01-12 07:11:49', '2005-08-16 05:37:01');
INSERT INTO `messages` (`id`, `from_user_id`, `to_user_id`, `body`, `is_important`, `is_delivered`, `created_at`, `updated_at`) VALUES (473, 100, 21, 'Ducimus optio doloribus at quia dolorum magni adipisci. Ratione itaque itaque nostrum aut beatae perferendis. Quam dolorem voluptatem id ipsam aliquam.', 1, 0, '2017-11-18 10:34:41', '1972-09-15 12:19:54');
INSERT INTO `messages` (`id`, `from_user_id`, `to_user_id`, `body`, `is_important`, `is_delivered`, `created_at`, `updated_at`) VALUES (474, 69, 10, 'Iusto ducimus et libero quia sequi recusandae. Eaque placeat eos placeat saepe id illum. Nobis autem doloribus voluptatem consequatur sapiente facere. Molestiae qui et repellendus itaque culpa expedita corrupti.', 0, 0, '1997-10-15 23:24:36', '1991-01-06 10:45:15');
INSERT INTO `messages` (`id`, `from_user_id`, `to_user_id`, `body`, `is_important`, `is_delivered`, `created_at`, `updated_at`) VALUES (475, 40, 3, 'Aliquam eum perspiciatis odio sed dolorem. Et corrupti in eum numquam. Molestias quos consequatur nihil molestiae tempore rerum molestiae sapiente. Ut aut sint officia et blanditiis.', 1, 0, '1993-01-04 11:56:06', '1985-02-25 20:50:59');
INSERT INTO `messages` (`id`, `from_user_id`, `to_user_id`, `body`, `is_important`, `is_delivered`, `created_at`, `updated_at`) VALUES (476, 61, 39, 'Et perspiciatis aspernatur asperiores quis eum. Quia sunt veniam neque assumenda accusantium. Eveniet praesentium debitis corrupti.', 0, 0, '2007-04-29 02:35:12', '1985-01-21 23:26:37');
INSERT INTO `messages` (`id`, `from_user_id`, `to_user_id`, `body`, `is_important`, `is_delivered`, `created_at`, `updated_at`) VALUES (477, 44, 88, 'Quo illum eligendi deleniti est. Blanditiis dolorem saepe nulla blanditiis qui ut. Incidunt asperiores neque id qui molestias eveniet reprehenderit. Impedit ut facere nemo assumenda vel est nisi.', 1, 1, '1996-05-09 09:28:48', '1981-10-30 03:04:47');
INSERT INTO `messages` (`id`, `from_user_id`, `to_user_id`, `body`, `is_important`, `is_delivered`, `created_at`, `updated_at`) VALUES (478, 74, 56, 'Rerum deserunt libero ipsam odio. Expedita distinctio dolorem et voluptatem. Rerum alias qui rerum expedita et magnam veniam. Perferendis nihil sed et.', 0, 1, '1988-02-23 18:56:16', '1983-10-25 05:11:38');
INSERT INTO `messages` (`id`, `from_user_id`, `to_user_id`, `body`, `is_important`, `is_delivered`, `created_at`, `updated_at`) VALUES (479, 42, 7, 'Facere aperiam tempora ut asperiores exercitationem enim aut. Assumenda fuga impedit est. Dignissimos animi sapiente praesentium nisi aut. Quis deserunt error voluptatibus repellendus voluptatem aliquid.', 1, 0, '1990-03-26 19:13:01', '1991-02-20 09:32:56');
INSERT INTO `messages` (`id`, `from_user_id`, `to_user_id`, `body`, `is_important`, `is_delivered`, `created_at`, `updated_at`) VALUES (480, 28, 23, 'Odit quidem esse consequatur. Nostrum omnis et voluptatem quia porro sapiente. Aut qui aut odit aut et unde. Ullam neque ducimus eveniet quas hic.', 0, 0, '2007-06-03 06:08:12', '2000-02-01 21:02:46');
INSERT INTO `messages` (`id`, `from_user_id`, `to_user_id`, `body`, `is_important`, `is_delivered`, `created_at`, `updated_at`) VALUES (481, 91, 98, 'Consequatur enim delectus et eum dolores. Nihil maiores occaecati quia amet optio quia. Fuga ullam inventore unde voluptatem dolore possimus.', 0, 1, '1981-05-28 00:14:13', '1990-07-09 11:01:33');
INSERT INTO `messages` (`id`, `from_user_id`, `to_user_id`, `body`, `is_important`, `is_delivered`, `created_at`, `updated_at`) VALUES (482, 30, 43, 'Ratione aperiam soluta molestias eum est odit. Qui corrupti et id voluptatem sint voluptas. Ducimus quaerat maiores et cumque.', 1, 0, '1977-06-28 14:21:57', '1993-02-07 12:06:24');
INSERT INTO `messages` (`id`, `from_user_id`, `to_user_id`, `body`, `is_important`, `is_delivered`, `created_at`, `updated_at`) VALUES (483, 2, 9, 'Unde omnis necessitatibus molestiae veritatis asperiores repellendus laborum. Animi tempora assumenda voluptas excepturi qui occaecati. Cupiditate rerum porro eum quod.', 0, 0, '2017-10-13 18:50:27', '1986-07-15 19:14:37');
INSERT INTO `messages` (`id`, `from_user_id`, `to_user_id`, `body`, `is_important`, `is_delivered`, `created_at`, `updated_at`) VALUES (484, 67, 61, 'Beatae deserunt delectus ut odio voluptatem. A et architecto ex qui quaerat. Consectetur provident quo explicabo dolor ut. Sequi aut sed fugit assumenda ea.', 1, 1, '1985-06-20 05:27:03', '1978-10-20 14:48:41');
INSERT INTO `messages` (`id`, `from_user_id`, `to_user_id`, `body`, `is_important`, `is_delivered`, `created_at`, `updated_at`) VALUES (485, 58, 93, 'Aut vel iure est ut voluptatum. Dolor minima nulla quos placeat suscipit fugiat qui. Ullam aliquid omnis accusamus est laudantium quaerat.', 1, 0, '2004-07-22 05:56:55', '1977-06-19 13:07:39');
INSERT INTO `messages` (`id`, `from_user_id`, `to_user_id`, `body`, `is_important`, `is_delivered`, `created_at`, `updated_at`) VALUES (486, 46, 31, 'Molestias ut harum omnis aut exercitationem. Perferendis et et in dolor ea eos placeat. Sint est qui suscipit reiciendis molestias facere rerum.', 1, 1, '1998-10-05 01:43:19', '2000-10-24 09:42:18');
INSERT INTO `messages` (`id`, `from_user_id`, `to_user_id`, `body`, `is_important`, `is_delivered`, `created_at`, `updated_at`) VALUES (487, 66, 15, 'Fugiat ipsam et aut qui assumenda quam. Sit velit non incidunt sed voluptatem consectetur. Ut aut et ducimus beatae voluptatibus fugit voluptates expedita.', 1, 0, '2005-01-23 20:39:05', '1994-09-26 20:01:35');
INSERT INTO `messages` (`id`, `from_user_id`, `to_user_id`, `body`, `is_important`, `is_delivered`, `created_at`, `updated_at`) VALUES (488, 47, 69, 'Nam perspiciatis tempore qui provident est temporibus at. Nesciunt sint et facilis autem quis consequatur. Rerum ipsa ad vel non corrupti adipisci omnis quidem. Explicabo illo omnis magnam et in.', 0, 0, '1970-08-12 03:03:41', '1975-06-24 14:44:00');
INSERT INTO `messages` (`id`, `from_user_id`, `to_user_id`, `body`, `is_important`, `is_delivered`, `created_at`, `updated_at`) VALUES (489, 99, 75, 'In et id atque voluptatum et reprehenderit. Sapiente voluptas debitis nesciunt fugiat. Aut non iusto eveniet sed similique occaecati.', 1, 0, '1989-10-01 08:49:19', '2001-05-29 08:22:51');
INSERT INTO `messages` (`id`, `from_user_id`, `to_user_id`, `body`, `is_important`, `is_delivered`, `created_at`, `updated_at`) VALUES (490, 4, 49, 'Dicta cum ut accusamus eos molestiae veritatis. Esse molestiae enim sit voluptas quas distinctio blanditiis. Corrupti dolorem error dolore neque voluptas est. Eaque odio sint tempora.', 0, 1, '2014-10-07 09:07:13', '2010-03-17 11:40:14');
INSERT INTO `messages` (`id`, `from_user_id`, `to_user_id`, `body`, `is_important`, `is_delivered`, `created_at`, `updated_at`) VALUES (491, 76, 51, 'Est sequi temporibus perferendis delectus accusantium natus tempora. Vitae id velit non provident tempora sed. Aut aliquam eos eos beatae sed doloremque sit. Laudantium omnis doloremque nemo ipsa.', 1, 0, '2009-03-17 02:42:05', '1988-07-25 13:39:07');
INSERT INTO `messages` (`id`, `from_user_id`, `to_user_id`, `body`, `is_important`, `is_delivered`, `created_at`, `updated_at`) VALUES (492, 57, 74, 'Rerum atque occaecati quia placeat. Harum eius inventore qui. Totam sequi sed expedita alias.', 1, 1, '1980-06-04 05:42:15', '1975-03-02 08:44:07');
INSERT INTO `messages` (`id`, `from_user_id`, `to_user_id`, `body`, `is_important`, `is_delivered`, `created_at`, `updated_at`) VALUES (493, 6, 41, 'Reiciendis vitae atque ab. Consequatur facere voluptate fugiat voluptatem quas. Omnis sit reprehenderit eveniet cupiditate qui perferendis laudantium.', 0, 0, '1989-02-01 15:49:27', '1971-05-24 18:38:05');
INSERT INTO `messages` (`id`, `from_user_id`, `to_user_id`, `body`, `is_important`, `is_delivered`, `created_at`, `updated_at`) VALUES (494, 98, 6, 'Soluta blanditiis beatae doloribus vel consequuntur cumque vero. Amet ut qui eum aut soluta vel. Velit dicta ut sunt adipisci hic. Reiciendis dignissimos ducimus eius et minima.', 0, 0, '2012-11-09 11:09:10', '1975-08-24 00:05:36');
INSERT INTO `messages` (`id`, `from_user_id`, `to_user_id`, `body`, `is_important`, `is_delivered`, `created_at`, `updated_at`) VALUES (495, 43, 29, 'A in soluta id odit et. Ut nisi aut officiis. Dolore sint vero ad.', 1, 0, '2017-12-21 06:09:05', '2007-01-08 21:06:07');
INSERT INTO `messages` (`id`, `from_user_id`, `to_user_id`, `body`, `is_important`, `is_delivered`, `created_at`, `updated_at`) VALUES (496, 36, 41, 'Reprehenderit quisquam sed quas esse adipisci quae sit voluptatum. Quo earum quas voluptatem expedita repellat et. Sit soluta nemo voluptate ad. Sed nobis magni necessitatibus saepe asperiores consequatur.', 1, 1, '1975-06-25 05:33:16', '2012-03-26 07:44:21');
INSERT INTO `messages` (`id`, `from_user_id`, `to_user_id`, `body`, `is_important`, `is_delivered`, `created_at`, `updated_at`) VALUES (497, 76, 105, 'Soluta rerum eum deleniti vel ipsum minus. Maiores distinctio quia voluptate vitae et ipsa nam. Sed sit impedit maiores quibusdam atque esse id. Inventore ab dolorem nisi.', 1, 0, '2016-10-20 00:58:30', '2001-12-23 22:03:57');
INSERT INTO `messages` (`id`, `from_user_id`, `to_user_id`, `body`, `is_important`, `is_delivered`, `created_at`, `updated_at`) VALUES (498, 51, 55, 'Cumque qui minima quo eius. Tempora facere provident veniam id doloribus consequuntur aut. Ut et a nihil asperiores odio. Quod facere odio iste quidem et quis eligendi. Modi qui aliquid optio et nam expedita.', 0, 0, '2001-12-06 10:38:45', '2000-05-29 22:38:00');
INSERT INTO `messages` (`id`, `from_user_id`, `to_user_id`, `body`, `is_important`, `is_delivered`, `created_at`, `updated_at`) VALUES (499, 86, 107, 'Quia pariatur quisquam molestiae incidunt qui ex. Illum eos facilis et voluptates facilis. Ut voluptatem exercitationem praesentium iste soluta est officia praesentium. Quia aspernatur fugit eum ducimus in ea. Quae voluptas quia et rerum.', 1, 0, '1990-02-21 07:01:45', '2006-04-29 13:45:40');
INSERT INTO `messages` (`id`, `from_user_id`, `to_user_id`, `body`, `is_important`, `is_delivered`, `created_at`, `updated_at`) VALUES (500, 46, 38, 'Iure reprehenderit enim officiis qui iste voluptates natus. Quia aut explicabo fugiat illo et. Non tempora optio odio est voluptatem ipsam voluptatem. Et quas accusantium deleniti facere occaecati corrupti in totam.', 0, 1, '1994-04-20 17:22:07', '2015-07-11 17:45:13');


#
# TABLE STRUCTURE FOR: profiles
#

DROP TABLE IF EXISTS `profiles`;

CREATE TABLE `profiles` (
  `user_id` int(10) unsigned NOT NULL COMMENT 'Ссылка на пользователя',
  `gender` char(1) COLLATE utf8_unicode_ci NOT NULL COMMENT 'Пол',
  `birthday` date DEFAULT NULL COMMENT 'Дата рождения',
  `photo_id` int(10) unsigned DEFAULT NULL COMMENT 'Ссылка на основную фотографию пользователя',
  `city` varchar(130) COLLATE utf8_unicode_ci DEFAULT NULL COMMENT 'Город проживания',
  `country` varchar(130) COLLATE utf8_unicode_ci DEFAULT NULL COMMENT 'Страна проживания',
  `created_at` datetime DEFAULT current_timestamp() COMMENT 'Время создания строки',
  `updated_at` datetime DEFAULT current_timestamp() ON UPDATE current_timestamp() COMMENT 'Время обновления строки',
  PRIMARY KEY (`user_id`)
) ENGINE=InnoDB DEFAULT CHARSET=utf8 COLLATE=utf8_unicode_ci COMMENT='Профили';

INSERT INTO `profiles` (`user_id`, `gender`, `birthday`, `photo_id`, `city`, `country`, `created_at`, `updated_at`) VALUES (1, 'f', '1990-06-26', 0, 'Johnsview', 'Switzerland', '1979-10-15 17:55:20', '2003-02-02 15:22:04');
INSERT INTO `profiles` (`user_id`, `gender`, `birthday`, `photo_id`, `city`, `country`, `created_at`, `updated_at`) VALUES (2, 'm', '1977-05-04', 72, 'Greenfelderchester', 'Senegal', '2016-01-28 07:33:51', '1985-10-10 01:03:53');
INSERT INTO `profiles` (`user_id`, `gender`, `birthday`, `photo_id`, `city`, `country`, `created_at`, `updated_at`) VALUES (3, 'f', '2004-02-19', 0, 'Lavernetown', 'Suriname', '1997-07-18 11:40:41', '1991-03-27 10:44:32');
INSERT INTO `profiles` (`user_id`, `gender`, `birthday`, `photo_id`, `city`, `country`, `created_at`, `updated_at`) VALUES (4, 'm', '2020-02-18', 0, 'Schowaltermouth', 'Yemen', '1983-04-03 21:03:39', '2008-03-05 03:58:48');
INSERT INTO `profiles` (`user_id`, `gender`, `birthday`, `photo_id`, `city`, `country`, `created_at`, `updated_at`) VALUES (5, 'm', '1985-12-08', 0, 'Nolanmouth', 'Pitcairn Islands', '2014-04-01 23:39:19', '1985-07-03 11:29:08');
INSERT INTO `profiles` (`user_id`, `gender`, `birthday`, `photo_id`, `city`, `country`, `created_at`, `updated_at`) VALUES (6, 'f', '1981-12-01', 0, 'Mariontown', 'Heard Island and McDonald Islands', '2006-04-23 15:17:33', '2000-05-31 01:41:38');
INSERT INTO `profiles` (`user_id`, `gender`, `birthday`, `photo_id`, `city`, `country`, `created_at`, `updated_at`) VALUES (7, 'm', '1979-07-08', 0, 'Brendafort', 'Gibraltar', '1988-01-21 12:23:15', '1983-08-18 20:53:45');
INSERT INTO `profiles` (`user_id`, `gender`, `birthday`, `photo_id`, `city`, `country`, `created_at`, `updated_at`) VALUES (8, 'f', '1987-10-01', 0, 'Briellefort', 'Kyrgyz Republic', '1983-10-17 00:27:09', '2001-03-23 14:31:18');
INSERT INTO `profiles` (`user_id`, `gender`, `birthday`, `photo_id`, `city`, `country`, `created_at`, `updated_at`) VALUES (9, 'm', '1989-11-08', 7, 'Bergstromburgh', 'Niger', '1994-08-07 12:37:05', '1993-03-11 13:33:40');
INSERT INTO `profiles` (`user_id`, `gender`, `birthday`, `photo_id`, `city`, `country`, `created_at`, `updated_at`) VALUES (10, 'm', '1991-11-26', 12, 'South Susan', 'Korea', '1982-01-29 02:31:46', '2012-03-01 11:30:56');
INSERT INTO `profiles` (`user_id`, `gender`, `birthday`, `photo_id`, `city`, `country`, `created_at`, `updated_at`) VALUES (11, 'f', '2000-11-29', 25, 'New Brennan', 'British Indian Ocean Territory (Chagos Archipelago)', '1970-12-13 20:39:01', '1990-04-02 22:50:09');
INSERT INTO `profiles` (`user_id`, `gender`, `birthday`, `photo_id`, `city`, `country`, `created_at`, `updated_at`) VALUES (12, 'f', '2015-01-06', 42, 'East Chadrickstad', 'Myanmar', '1991-01-12 11:48:09', '2001-08-04 04:27:42');
INSERT INTO `profiles` (`user_id`, `gender`, `birthday`, `photo_id`, `city`, `country`, `created_at`, `updated_at`) VALUES (13, 'm', '2004-02-28', 0, 'Kadenchester', 'Malawi', '2006-11-18 10:36:50', '1997-10-22 14:37:48');
INSERT INTO `profiles` (`user_id`, `gender`, `birthday`, `photo_id`, `city`, `country`, `created_at`, `updated_at`) VALUES (14, 'f', '1982-09-22', 34, 'Lake Luciano', 'British Virgin Islands', '2016-04-27 22:59:12', '1975-06-28 03:42:45');
INSERT INTO `profiles` (`user_id`, `gender`, `birthday`, `photo_id`, `city`, `country`, `created_at`, `updated_at`) VALUES (15, 'f', '2011-07-27', 53, 'West Marinaside', 'Bangladesh', '1971-09-24 20:12:45', '2015-01-30 05:51:04');
INSERT INTO `profiles` (`user_id`, `gender`, `birthday`, `photo_id`, `city`, `country`, `created_at`, `updated_at`) VALUES (16, 'm', '1982-07-23', 0, 'Kleinland', 'Holy See (Vatican City State)', '1977-02-12 14:20:01', '1970-03-29 00:14:24');
INSERT INTO `profiles` (`user_id`, `gender`, `birthday`, `photo_id`, `city`, `country`, `created_at`, `updated_at`) VALUES (17, 'm', '2003-10-03', 0, 'Mariahstad', 'Netherlands Antilles', '2014-02-03 22:07:13', '2011-07-11 04:29:01');
INSERT INTO `profiles` (`user_id`, `gender`, `birthday`, `photo_id`, `city`, `country`, `created_at`, `updated_at`) VALUES (18, 'f', '2017-02-27', 61, 'Port Violet', 'Iran', '1976-10-23 21:22:21', '1989-08-18 21:56:35');
INSERT INTO `profiles` (`user_id`, `gender`, `birthday`, `photo_id`, `city`, `country`, `created_at`, `updated_at`) VALUES (19, 'f', '1997-10-03', 0, 'Port Stephany', 'Cyprus', '1989-05-12 18:00:27', '1981-08-30 09:28:55');
INSERT INTO `profiles` (`user_id`, `gender`, `birthday`, `photo_id`, `city`, `country`, `created_at`, `updated_at`) VALUES (20, 'm', '1979-01-23', 45, 'Ollieshire', 'Poland', '2011-02-02 14:08:55', '1992-10-08 09:50:12');
INSERT INTO `profiles` (`user_id`, `gender`, `birthday`, `photo_id`, `city`, `country`, `created_at`, `updated_at`) VALUES (21, 'f', '1980-08-17', 0, 'Helgaside', 'Montenegro', '1977-06-10 23:02:38', '2006-12-22 00:30:43');
INSERT INTO `profiles` (`user_id`, `gender`, `birthday`, `photo_id`, `city`, `country`, `created_at`, `updated_at`) VALUES (22, 'm', '1987-11-30', 9, 'East Penelopemouth', 'British Indian Ocean Territory (Chagos Archipelago)', '2002-03-04 22:32:00', '2018-08-23 14:35:48');
INSERT INTO `profiles` (`user_id`, `gender`, `birthday`, `photo_id`, `city`, `country`, `created_at`, `updated_at`) VALUES (23, 'f', '1980-03-22', 0, 'Smithamview', 'Saudi Arabia', '1999-11-09 17:50:49', '1987-06-05 20:11:07');
INSERT INTO `profiles` (`user_id`, `gender`, `birthday`, `photo_id`, `city`, `country`, `created_at`, `updated_at`) VALUES (24, 'f', '1980-03-23', 100, 'Stoltenbergstad', 'Czech Republic', '2017-08-16 01:57:41', '1994-06-23 13:47:34');
INSERT INTO `profiles` (`user_id`, `gender`, `birthday`, `photo_id`, `city`, `country`, `created_at`, `updated_at`) VALUES (25, 'm', '1978-05-16', 0, 'Lake Oletaview', 'Korea', '1995-01-15 16:10:18', '2012-11-19 00:10:47');
INSERT INTO `profiles` (`user_id`, `gender`, `birthday`, `photo_id`, `city`, `country`, `created_at`, `updated_at`) VALUES (26, 'm', '2014-01-25', 0, 'Volkmanside', 'Kuwait', '2001-07-18 02:40:21', '1978-07-08 22:29:58');
INSERT INTO `profiles` (`user_id`, `gender`, `birthday`, `photo_id`, `city`, `country`, `created_at`, `updated_at`) VALUES (27, 'f', '2019-06-12', 0, 'New Violetteton', 'Timor-Leste', '1975-03-08 08:14:37', '2001-12-29 16:12:22');
INSERT INTO `profiles` (`user_id`, `gender`, `birthday`, `photo_id`, `city`, `country`, `created_at`, `updated_at`) VALUES (28, 'f', '1985-03-02', 0, 'Williamsonstad', 'Vietnam', '1977-01-06 01:26:40', '1978-10-31 20:01:05');
INSERT INTO `profiles` (`user_id`, `gender`, `birthday`, `photo_id`, `city`, `country`, `created_at`, `updated_at`) VALUES (29, 'm', '1979-10-07', 0, 'Britneyfort', 'Azerbaijan', '1980-09-23 19:26:30', '1979-01-17 20:00:11');
INSERT INTO `profiles` (`user_id`, `gender`, `birthday`, `photo_id`, `city`, `country`, `created_at`, `updated_at`) VALUES (30, 'f', '1988-09-21', 58, 'Port Uriel', 'Palau', '1977-01-13 00:05:16', '1990-10-22 23:34:09');
INSERT INTO `profiles` (`user_id`, `gender`, `birthday`, `photo_id`, `city`, `country`, `created_at`, `updated_at`) VALUES (31, 'm', '2018-01-05', 21, 'North Jaqueline', 'Namibia', '2000-07-06 22:00:00', '1998-10-05 17:24:12');
INSERT INTO `profiles` (`user_id`, `gender`, `birthday`, `photo_id`, `city`, `country`, `created_at`, `updated_at`) VALUES (32, 'm', '2010-07-29', 52, 'North Meaghan', 'Argentina', '1993-12-22 02:55:45', '2014-06-27 01:20:22');
INSERT INTO `profiles` (`user_id`, `gender`, `birthday`, `photo_id`, `city`, `country`, `created_at`, `updated_at`) VALUES (33, 'f', '2009-06-12', 0, 'North Dejah', 'Honduras', '1989-10-28 18:30:35', '2018-04-01 12:59:41');
INSERT INTO `profiles` (`user_id`, `gender`, `birthday`, `photo_id`, `city`, `country`, `created_at`, `updated_at`) VALUES (34, 'm', '2002-12-26', 95, 'Conroyfort', 'Bermuda', '1981-08-12 22:19:29', '2007-02-09 18:37:53');
INSERT INTO `profiles` (`user_id`, `gender`, `birthday`, `photo_id`, `city`, `country`, `created_at`, `updated_at`) VALUES (35, 'm', '2019-03-07', 93, 'Weissnatborough', 'Uzbekistan', '1996-01-29 20:28:03', '1979-03-07 03:59:33');
INSERT INTO `profiles` (`user_id`, `gender`, `birthday`, `photo_id`, `city`, `country`, `created_at`, `updated_at`) VALUES (36, 'm', '2005-03-06', 98, 'Mosciskibury', 'Rwanda', '2003-01-28 09:30:41', '1999-08-10 12:36:48');
INSERT INTO `profiles` (`user_id`, `gender`, `birthday`, `photo_id`, `city`, `country`, `created_at`, `updated_at`) VALUES (37, 'f', '1996-01-09', 37, 'Port Anastasia', 'Slovenia', '1975-01-21 22:02:20', '1977-05-20 08:37:36');
INSERT INTO `profiles` (`user_id`, `gender`, `birthday`, `photo_id`, `city`, `country`, `created_at`, `updated_at`) VALUES (38, 'f', '1999-04-04', 0, 'Richietown', 'Indonesia', '1997-12-19 20:45:27', '2000-12-31 03:13:25');
INSERT INTO `profiles` (`user_id`, `gender`, `birthday`, `photo_id`, `city`, `country`, `created_at`, `updated_at`) VALUES (39, 'f', '1993-02-02', 0, 'Ebertfurt', 'Qatar', '1978-03-04 13:38:48', '2001-02-06 10:19:33');
INSERT INTO `profiles` (`user_id`, `gender`, `birthday`, `photo_id`, `city`, `country`, `created_at`, `updated_at`) VALUES (40, 'm', '1982-12-19', 100, 'West Tanya', 'Tanzania', '1984-06-16 02:01:09', '1976-12-14 07:45:52');
INSERT INTO `profiles` (`user_id`, `gender`, `birthday`, `photo_id`, `city`, `country`, `created_at`, `updated_at`) VALUES (41, 'f', '2016-12-04', 0, 'Abdielport', 'Hong Kong', '1993-04-21 14:52:23', '1986-03-22 03:12:59');
INSERT INTO `profiles` (`user_id`, `gender`, `birthday`, `photo_id`, `city`, `country`, `created_at`, `updated_at`) VALUES (42, 'm', '1971-12-24', 33, 'Skilesview', 'Spain', '2012-07-04 17:46:59', '1980-12-23 04:14:01');
INSERT INTO `profiles` (`user_id`, `gender`, `birthday`, `photo_id`, `city`, `country`, `created_at`, `updated_at`) VALUES (43, 'f', '1997-02-02', 0, 'North Carlosberg', 'Mali', '2017-04-23 07:51:04', '1994-06-11 00:06:04');
INSERT INTO `profiles` (`user_id`, `gender`, `birthday`, `photo_id`, `city`, `country`, `created_at`, `updated_at`) VALUES (44, 'f', '2002-11-28', 0, 'Jolieshire', 'Tunisia', '2017-06-29 16:48:03', '1974-03-20 16:12:32');
INSERT INTO `profiles` (`user_id`, `gender`, `birthday`, `photo_id`, `city`, `country`, `created_at`, `updated_at`) VALUES (45, 'm', '1992-02-12', 0, 'Lake Araceli', 'Seychelles', '2003-04-19 02:39:21', '2017-10-24 06:05:58');
INSERT INTO `profiles` (`user_id`, `gender`, `birthday`, `photo_id`, `city`, `country`, `created_at`, `updated_at`) VALUES (46, 'm', '1997-02-02', 66, 'South Melvinland', 'Dominica', '1991-08-31 04:33:50', '2013-04-08 04:48:29');
INSERT INTO `profiles` (`user_id`, `gender`, `birthday`, `photo_id`, `city`, `country`, `created_at`, `updated_at`) VALUES (47, 'm', '2009-10-28', 0, 'Smithamton', 'Italy', '1978-06-06 18:00:34', '2006-01-23 11:18:51');
INSERT INTO `profiles` (`user_id`, `gender`, `birthday`, `photo_id`, `city`, `country`, `created_at`, `updated_at`) VALUES (48, 'f', '2019-07-10', 27, 'Watsicabury', 'Saint Pierre and Miquelon', '2006-02-14 13:42:25', '1983-04-18 01:32:22');
INSERT INTO `profiles` (`user_id`, `gender`, `birthday`, `photo_id`, `city`, `country`, `created_at`, `updated_at`) VALUES (49, 'm', '2008-02-27', 49, 'Lilianeview', 'Jamaica', '1975-04-08 14:46:38', '2019-02-11 14:37:23');
INSERT INTO `profiles` (`user_id`, `gender`, `birthday`, `photo_id`, `city`, `country`, `created_at`, `updated_at`) VALUES (50, 'f', '2011-09-22', 0, 'Rennermouth', 'Liberia', '1992-08-04 12:30:53', '1978-08-11 04:14:57');
INSERT INTO `profiles` (`user_id`, `gender`, `birthday`, `photo_id`, `city`, `country`, `created_at`, `updated_at`) VALUES (51, 'm', '2001-05-11', 2, 'West Zariachester', 'Kiribati', '1998-09-03 15:52:42', '2018-01-03 13:42:18');
INSERT INTO `profiles` (`user_id`, `gender`, `birthday`, `photo_id`, `city`, `country`, `created_at`, `updated_at`) VALUES (52, 'f', '1993-02-04', 0, 'Avisberg', 'China', '1977-02-10 06:35:46', '2011-02-07 20:57:54');
INSERT INTO `profiles` (`user_id`, `gender`, `birthday`, `photo_id`, `city`, `country`, `created_at`, `updated_at`) VALUES (53, 'f', '2000-02-11', 54, 'West Dianaborough', 'Djibouti', '2000-05-18 14:08:59', '1978-07-29 20:59:28');
INSERT INTO `profiles` (`user_id`, `gender`, `birthday`, `photo_id`, `city`, `country`, `created_at`, `updated_at`) VALUES (54, 'm', '1985-12-08', 0, 'Dallinbury', 'Faroe Islands', '2002-02-23 06:02:49', '2007-04-16 03:51:48');
INSERT INTO `profiles` (`user_id`, `gender`, `birthday`, `photo_id`, `city`, `country`, `created_at`, `updated_at`) VALUES (55, 'f', '1980-01-14', 0, 'Louieside', 'Angola', '1993-03-14 19:27:44', '1979-07-05 18:35:31');
INSERT INTO `profiles` (`user_id`, `gender`, `birthday`, `photo_id`, `city`, `country`, `created_at`, `updated_at`) VALUES (56, 'f', '2005-09-03', 0, 'Ivoryville', 'Cote d\'Ivoire', '1980-06-06 10:39:49', '1974-10-24 01:48:21');
INSERT INTO `profiles` (`user_id`, `gender`, `birthday`, `photo_id`, `city`, `country`, `created_at`, `updated_at`) VALUES (57, 'f', '2012-07-21', 0, 'Noemieshire', 'Korea', '1991-02-17 19:33:42', '2019-06-22 18:23:30');
INSERT INTO `profiles` (`user_id`, `gender`, `birthday`, `photo_id`, `city`, `country`, `created_at`, `updated_at`) VALUES (58, 'f', '2020-04-03', 35, 'Leliaton', 'Central African Republic', '2009-10-14 12:35:16', '1992-04-12 06:27:52');
INSERT INTO `profiles` (`user_id`, `gender`, `birthday`, `photo_id`, `city`, `country`, `created_at`, `updated_at`) VALUES (59, 'm', '2003-10-07', 63, 'North Bretmouth', 'Belgium', '1983-09-10 18:31:25', '2004-06-28 03:34:23');
INSERT INTO `profiles` (`user_id`, `gender`, `birthday`, `photo_id`, `city`, `country`, `created_at`, `updated_at`) VALUES (60, 'f', '1977-07-31', 2, 'Heaneyborough', 'French Polynesia', '2018-01-04 21:56:38', '1998-06-07 18:04:44');
INSERT INTO `profiles` (`user_id`, `gender`, `birthday`, `photo_id`, `city`, `country`, `created_at`, `updated_at`) VALUES (61, 'm', '1996-10-16', 0, 'McKenzieton', 'Gibraltar', '1986-06-29 12:06:19', '2016-08-26 10:07:04');
INSERT INTO `profiles` (`user_id`, `gender`, `birthday`, `photo_id`, `city`, `country`, `created_at`, `updated_at`) VALUES (62, 'f', '1975-04-07', 97, 'Henryport', 'Chile', '2013-05-22 22:32:44', '2005-05-13 06:57:42');
INSERT INTO `profiles` (`user_id`, `gender`, `birthday`, `photo_id`, `city`, `country`, `created_at`, `updated_at`) VALUES (63, 'm', '1973-02-13', 0, 'Lake Cydneymouth', 'Djibouti', '1971-07-06 16:21:44', '1985-02-11 16:31:12');
INSERT INTO `profiles` (`user_id`, `gender`, `birthday`, `photo_id`, `city`, `country`, `created_at`, `updated_at`) VALUES (64, 'f', '1985-04-13', 15, 'Lindmouth', 'Brazil', '2001-02-03 06:34:24', '2012-05-21 20:02:14');
INSERT INTO `profiles` (`user_id`, `gender`, `birthday`, `photo_id`, `city`, `country`, `created_at`, `updated_at`) VALUES (65, 'f', '1995-12-30', 59, 'Mayerborough', 'Norfolk Island', '1999-10-17 12:19:47', '2013-05-06 20:35:24');
INSERT INTO `profiles` (`user_id`, `gender`, `birthday`, `photo_id`, `city`, `country`, `created_at`, `updated_at`) VALUES (66, 'm', '1984-07-09', 0, 'Zemlakport', 'Mauritania', '1970-02-18 19:26:39', '1982-03-14 08:25:25');
INSERT INTO `profiles` (`user_id`, `gender`, `birthday`, `photo_id`, `city`, `country`, `created_at`, `updated_at`) VALUES (67, 'm', '1986-07-14', 30, 'Johnsonstad', 'Angola', '1988-06-19 23:09:29', '2015-05-09 19:37:52');
INSERT INTO `profiles` (`user_id`, `gender`, `birthday`, `photo_id`, `city`, `country`, `created_at`, `updated_at`) VALUES (68, 'm', '1999-07-07', 11, 'Moorebury', 'Israel', '1988-01-27 04:43:17', '1975-07-31 17:41:55');
INSERT INTO `profiles` (`user_id`, `gender`, `birthday`, `photo_id`, `city`, `country`, `created_at`, `updated_at`) VALUES (69, 'f', '1995-01-24', 0, 'Kavonland', 'Burundi', '1982-10-02 20:19:49', '2011-01-03 02:21:32');
INSERT INTO `profiles` (`user_id`, `gender`, `birthday`, `photo_id`, `city`, `country`, `created_at`, `updated_at`) VALUES (70, 'm', '1973-12-17', 0, 'Alyshaview', 'Northern Mariana Islands', '1984-03-17 12:39:29', '2006-06-25 22:29:51');
INSERT INTO `profiles` (`user_id`, `gender`, `birthday`, `photo_id`, `city`, `country`, `created_at`, `updated_at`) VALUES (71, 'm', '2005-01-07', 63, 'North Lonie', 'Bermuda', '1995-03-20 04:22:48', '1996-01-27 16:17:12');
INSERT INTO `profiles` (`user_id`, `gender`, `birthday`, `photo_id`, `city`, `country`, `created_at`, `updated_at`) VALUES (72, 'm', '1972-02-03', 0, 'North Josefafurt', 'Turkey', '1981-09-10 19:42:38', '1983-02-02 18:23:30');
INSERT INTO `profiles` (`user_id`, `gender`, `birthday`, `photo_id`, `city`, `country`, `created_at`, `updated_at`) VALUES (73, 'f', '1984-08-27', 84, 'Mohrmouth', 'Papua New Guinea', '1999-11-15 09:50:58', '1971-10-02 20:23:54');
INSERT INTO `profiles` (`user_id`, `gender`, `birthday`, `photo_id`, `city`, `country`, `created_at`, `updated_at`) VALUES (74, 'f', '2000-12-13', 41, 'Marquardttown', 'Myanmar', '1983-10-25 10:37:11', '2006-06-17 17:18:45');
INSERT INTO `profiles` (`user_id`, `gender`, `birthday`, `photo_id`, `city`, `country`, `created_at`, `updated_at`) VALUES (75, 'f', '1986-12-23', 0, 'New Camryn', 'Falkland Islands (Malvinas)', '2003-09-23 02:08:18', '2018-04-03 00:51:49');
INSERT INTO `profiles` (`user_id`, `gender`, `birthday`, `photo_id`, `city`, `country`, `created_at`, `updated_at`) VALUES (76, 'm', '2018-11-08', 35, 'Arvidmouth', 'Kiribati', '2017-02-28 10:44:26', '1988-08-12 08:52:57');
INSERT INTO `profiles` (`user_id`, `gender`, `birthday`, `photo_id`, `city`, `country`, `created_at`, `updated_at`) VALUES (77, 'f', '2000-08-17', 51, 'New Vladimirbury', 'American Samoa', '1973-09-24 15:24:18', '2011-08-05 18:42:29');
INSERT INTO `profiles` (`user_id`, `gender`, `birthday`, `photo_id`, `city`, `country`, `created_at`, `updated_at`) VALUES (78, 'm', '2017-10-15', 0, 'North Juston', 'Netherlands Antilles', '1984-10-24 22:34:37', '2001-07-05 20:57:44');
INSERT INTO `profiles` (`user_id`, `gender`, `birthday`, `photo_id`, `city`, `country`, `created_at`, `updated_at`) VALUES (79, 'm', '2014-06-25', 61, 'McGlynnchester', 'Brunei Darussalam', '1989-05-26 21:16:24', '1973-11-21 14:42:19');
INSERT INTO `profiles` (`user_id`, `gender`, `birthday`, `photo_id`, `city`, `country`, `created_at`, `updated_at`) VALUES (80, 'm', '2003-04-14', 82, 'Katlynmouth', 'Western Sahara', '2015-12-22 18:07:50', '1994-01-28 02:23:24');
INSERT INTO `profiles` (`user_id`, `gender`, `birthday`, `photo_id`, `city`, `country`, `created_at`, `updated_at`) VALUES (81, 'm', '1979-09-27', 0, 'West Vanessa', 'Gibraltar', '2005-11-14 21:27:26', '1970-03-19 02:18:44');
INSERT INTO `profiles` (`user_id`, `gender`, `birthday`, `photo_id`, `city`, `country`, `created_at`, `updated_at`) VALUES (82, 'm', '2000-11-29', 0, 'New Keanu', 'Iraq', '2006-07-19 06:29:10', '2012-12-16 09:24:19');
INSERT INTO `profiles` (`user_id`, `gender`, `birthday`, `photo_id`, `city`, `country`, `created_at`, `updated_at`) VALUES (83, 'm', '2000-05-30', 18, 'Tyreseville', 'Rwanda', '1978-01-05 23:12:39', '2005-07-04 07:17:14');
INSERT INTO `profiles` (`user_id`, `gender`, `birthday`, `photo_id`, `city`, `country`, `created_at`, `updated_at`) VALUES (84, 'm', '1994-05-24', 22, 'North Bette', 'Trinidad and Tobago', '1990-01-24 13:08:29', '1992-08-26 00:17:58');
INSERT INTO `profiles` (`user_id`, `gender`, `birthday`, `photo_id`, `city`, `country`, `created_at`, `updated_at`) VALUES (85, 'm', '1995-01-27', 0, 'Hoytfort', 'Kyrgyz Republic', '2017-12-16 03:06:44', '1989-06-04 11:41:27');
INSERT INTO `profiles` (`user_id`, `gender`, `birthday`, `photo_id`, `city`, `country`, `created_at`, `updated_at`) VALUES (86, 'm', '2018-06-10', 29, 'Haleyfort', 'Turkey', '1983-06-14 20:22:22', '2017-07-20 17:53:59');
INSERT INTO `profiles` (`user_id`, `gender`, `birthday`, `photo_id`, `city`, `country`, `created_at`, `updated_at`) VALUES (87, 'f', '1990-07-03', 58, 'New Jena', 'Bosnia and Herzegovina', '1991-04-12 14:07:45', '2017-04-10 05:35:13');
INSERT INTO `profiles` (`user_id`, `gender`, `birthday`, `photo_id`, `city`, `country`, `created_at`, `updated_at`) VALUES (88, 'f', '1987-10-01', 84, 'Koeppstad', 'Croatia', '1980-07-29 04:57:01', '1993-02-08 02:53:15');
INSERT INTO `profiles` (`user_id`, `gender`, `birthday`, `photo_id`, `city`, `country`, `created_at`, `updated_at`) VALUES (89, 'f', '2005-05-31', 12, 'Dietrichberg', 'Myanmar', '1983-09-21 01:40:05', '1986-01-18 20:15:58');
INSERT INTO `profiles` (`user_id`, `gender`, `birthday`, `photo_id`, `city`, `country`, `created_at`, `updated_at`) VALUES (90, 'm', '2014-10-03', 48, 'New Jaylen', 'Reunion', '1995-03-31 14:32:47', '2019-08-17 23:33:21');
INSERT INTO `profiles` (`user_id`, `gender`, `birthday`, `photo_id`, `city`, `country`, `created_at`, `updated_at`) VALUES (91, 'm', '1972-12-26', 63, 'West Cecil', 'Netherlands Antilles', '1972-02-18 17:28:04', '1984-11-29 20:26:56');
INSERT INTO `profiles` (`user_id`, `gender`, `birthday`, `photo_id`, `city`, `country`, `created_at`, `updated_at`) VALUES (92, 'm', '2002-05-26', 0, 'Lake Xzavier', 'United States of America', '2010-08-15 04:52:43', '1990-11-08 02:47:49');
INSERT INTO `profiles` (`user_id`, `gender`, `birthday`, `photo_id`, `city`, `country`, `created_at`, `updated_at`) VALUES (93, 'f', '1976-12-25', 0, 'Medhurstmouth', 'Estonia', '1992-08-25 00:18:16', '1993-05-28 18:36:03');
INSERT INTO `profiles` (`user_id`, `gender`, `birthday`, `photo_id`, `city`, `country`, `created_at`, `updated_at`) VALUES (94, 'f', '2010-06-07', 0, 'Laceymouth', 'French Guiana', '1987-10-26 14:18:35', '1990-12-01 00:08:52');
INSERT INTO `profiles` (`user_id`, `gender`, `birthday`, `photo_id`, `city`, `country`, `created_at`, `updated_at`) VALUES (95, 'm', '1973-12-25', 46, 'East Dee', 'Lesotho', '2006-10-22 15:10:38', '2018-02-25 04:34:49');
INSERT INTO `profiles` (`user_id`, `gender`, `birthday`, `photo_id`, `city`, `country`, `created_at`, `updated_at`) VALUES (96, 'm', '1974-04-23', 59, 'Lindchester', 'Mauritania', '2010-04-24 14:22:01', '1997-12-13 03:00:46');
INSERT INTO `profiles` (`user_id`, `gender`, `birthday`, `photo_id`, `city`, `country`, `created_at`, `updated_at`) VALUES (97, 'm', '2008-12-17', 45, 'New Domenicamouth', 'Bahrain', '1993-06-07 08:29:47', '2004-03-25 15:21:57');
INSERT INTO `profiles` (`user_id`, `gender`, `birthday`, `photo_id`, `city`, `country`, `created_at`, `updated_at`) VALUES (98, 'm', '2017-08-27', 0, 'Shawnport', 'Rwanda', '2012-11-28 07:44:33', '1973-06-08 02:34:22');
INSERT INTO `profiles` (`user_id`, `gender`, `birthday`, `photo_id`, `city`, `country`, `created_at`, `updated_at`) VALUES (99, 'm', '1985-03-18', 91, 'Reynoldsport', 'Costa Rica', '1996-12-08 12:25:29', '1976-12-28 03:32:07');
INSERT INTO `profiles` (`user_id`, `gender`, `birthday`, `photo_id`, `city`, `country`, `created_at`, `updated_at`) VALUES (100, 'f', '2019-04-22', 42, 'Othobury', 'Honduras', '1995-07-23 10:34:22', '1993-04-01 02:00:58');
INSERT INTO `profiles` (`user_id`, `gender`, `birthday`, `photo_id`, `city`, `country`, `created_at`, `updated_at`) VALUES (101, 'f', '2003-01-04', 0, 'Port Felixberg', 'Australia', '2006-06-03 11:29:18', '1987-06-29 07:44:47');
INSERT INTO `profiles` (`user_id`, `gender`, `birthday`, `photo_id`, `city`, `country`, `created_at`, `updated_at`) VALUES (102, 'f', '2007-07-24', 9, 'Hudsonton', 'Congo', '1983-05-27 02:15:45', '1974-11-01 09:49:05');
INSERT INTO `profiles` (`user_id`, `gender`, `birthday`, `photo_id`, `city`, `country`, `created_at`, `updated_at`) VALUES (103, 'f', '1973-05-15', 64, 'South Arlenestad', 'Solomon Islands', '1987-06-10 12:34:07', '2009-10-19 11:54:39');
INSERT INTO `profiles` (`user_id`, `gender`, `birthday`, `photo_id`, `city`, `country`, `created_at`, `updated_at`) VALUES (104, 'm', '1970-09-19', 14, 'North Dakota', 'South Georgia and the South Sandwich Islands', '2007-08-14 03:53:48', '2009-09-17 12:30:30');
INSERT INTO `profiles` (`user_id`, `gender`, `birthday`, `photo_id`, `city`, `country`, `created_at`, `updated_at`) VALUES (105, 'f', '1978-03-11', 0, 'South Angus', 'British Indian Ocean Territory (Chagos Archipelago)', '1981-07-16 07:38:33', '2015-11-19 01:48:15');
INSERT INTO `profiles` (`user_id`, `gender`, `birthday`, `photo_id`, `city`, `country`, `created_at`, `updated_at`) VALUES (106, 'm', '2012-05-10', 8, 'Elwinshire', 'Sao Tome and Principe', '1983-06-04 19:45:48', '1977-03-15 22:41:06');
INSERT INTO `profiles` (`user_id`, `gender`, `birthday`, `photo_id`, `city`, `country`, `created_at`, `updated_at`) VALUES (107, 'f', '1977-09-17', 58, 'Lake Jaredmouth', 'Liechtenstein', '1999-04-19 18:53:33', '2018-08-04 02:08:38');
INSERT INTO `profiles` (`user_id`, `gender`, `birthday`, `photo_id`, `city`, `country`, `created_at`, `updated_at`) VALUES (108, 'm', '1997-06-13', 10, 'East Sigridbury', 'Sri Lanka', '1972-09-24 13:28:05', '2015-12-29 02:33:23');
INSERT INTO `profiles` (`user_id`, `gender`, `birthday`, `photo_id`, `city`, `country`, `created_at`, `updated_at`) VALUES (109, 'f', '1997-03-28', 23, 'Addieton', 'Maldives', '2019-02-03 09:30:42', '2012-09-30 20:21:29');
INSERT INTO `profiles` (`user_id`, `gender`, `birthday`, `photo_id`, `city`, `country`, `created_at`, `updated_at`) VALUES (110, 'f', '1976-09-26', 1, 'North Adell', 'Nicaragua', '2000-04-18 07:45:15', '1990-01-23 09:44:45');
INSERT INTO `profiles` (`user_id`, `gender`, `birthday`, `photo_id`, `city`, `country`, `created_at`, `updated_at`) VALUES (111, 'm', '2003-08-12', 0, 'South Marianna', 'Georgia', '2017-09-18 22:35:54', '1972-12-17 17:01:57');


#
# TABLE STRUCTURE FOR: users
#

DROP TABLE IF EXISTS `users`;

CREATE TABLE `users` (
  `id` int(10) unsigned NOT NULL AUTO_INCREMENT COMMENT 'Идентификатор строки',
  `first_name` varchar(100) COLLATE utf8_unicode_ci NOT NULL COMMENT 'Имя пользователя',
  `last_name` varchar(100) COLLATE utf8_unicode_ci NOT NULL COMMENT 'Фамилия пользователя',
  `email` varchar(100) COLLATE utf8_unicode_ci NOT NULL COMMENT 'Почта',
  `phone` varchar(100) COLLATE utf8_unicode_ci NOT NULL COMMENT 'Телефон',
  `created_at` datetime DEFAULT current_timestamp() COMMENT 'Время создания строки',
  `updated_at` datetime DEFAULT current_timestamp() ON UPDATE current_timestamp() COMMENT 'Время обновления строки',
  PRIMARY KEY (`id`),
  UNIQUE KEY `email` (`email`),
  UNIQUE KEY `phone` (`phone`)
) ENGINE=InnoDB AUTO_INCREMENT=112 DEFAULT CHARSET=utf8 COLLATE=utf8_unicode_ci COMMENT='Пользователи';

INSERT INTO `users` (`id`, `first_name`, `last_name`, `email`, `phone`, `created_at`, `updated_at`) VALUES (1, 'Elvie', 'Lebsack', 'maia17@example.net', '1-519-458-2043x74478', '1997-05-09 19:11:49', '1972-11-11 03:06:30');
INSERT INTO `users` (`id`, `first_name`, `last_name`, `email`, `phone`, `created_at`, `updated_at`) VALUES (2, 'Brenda', 'Okuneva', 'myrtie.haley@example.com', '03328327923', '2020-01-19 05:31:56', '2009-02-13 01:55:53');
INSERT INTO `users` (`id`, `first_name`, `last_name`, `email`, `phone`, `created_at`, `updated_at`) VALUES (3, 'Murray', 'Torphy', 'beier.ian@example.com', '1-831-785-0721x498', '2009-07-23 00:30:40', '1981-11-22 19:03:21');
INSERT INTO `users` (`id`, `first_name`, `last_name`, `email`, `phone`, `created_at`, `updated_at`) VALUES (4, 'Maye', 'Abernathy', 'dereck.bergnaum@example.net', '(175)711-0553', '1991-07-04 19:39:26', '2000-11-08 07:51:16');
INSERT INTO `users` (`id`, `first_name`, `last_name`, `email`, `phone`, `created_at`, `updated_at`) VALUES (5, 'Lindsay', 'Jacobi', 'jwisoky@example.org', '(180)255-3436', '2003-05-12 05:05:50', '1997-08-12 01:04:18');
INSERT INTO `users` (`id`, `first_name`, `last_name`, `email`, `phone`, `created_at`, `updated_at`) VALUES (6, 'Mikel', 'Runolfsdottir', 'jordane11@example.net', '+58(6)3601094719', '2017-06-16 06:25:38', '2012-02-09 17:27:59');
INSERT INTO `users` (`id`, `first_name`, `last_name`, `email`, `phone`, `created_at`, `updated_at`) VALUES (7, 'Dillan', 'Yundt', 'treutel.salvador@example.net', '069-509-0623', '1991-10-17 01:11:17', '1976-12-03 08:56:54');
INSERT INTO `users` (`id`, `first_name`, `last_name`, `email`, `phone`, `created_at`, `updated_at`) VALUES (8, 'Ophelia', 'Fritsch', 'milo.beatty@example.net', '125-161-9837x1154', '2005-12-11 03:04:24', '1983-07-29 19:14:06');
INSERT INTO `users` (`id`, `first_name`, `last_name`, `email`, `phone`, `created_at`, `updated_at`) VALUES (9, 'Lela', 'Cartwright', 'olen07@example.org', '488.517.4522x469', '1993-03-20 06:46:52', '1983-12-12 21:30:08');
INSERT INTO `users` (`id`, `first_name`, `last_name`, `email`, `phone`, `created_at`, `updated_at`) VALUES (10, 'Lindsay', 'Schmidt', 'dahlia56@example.com', '1-007-536-5571x713', '1998-06-28 09:49:26', '1996-11-13 11:25:13');
INSERT INTO `users` (`id`, `first_name`, `last_name`, `email`, `phone`, `created_at`, `updated_at`) VALUES (11, 'Asia', 'Lehner', 'oberbrunner.meghan@example.com', '1-859-408-9183x339', '1991-04-19 20:38:06', '2006-09-07 17:40:10');
INSERT INTO `users` (`id`, `first_name`, `last_name`, `email`, `phone`, `created_at`, `updated_at`) VALUES (12, 'Jace', 'Raynor', 'akerluke@example.org', '+43(4)3143016327', '1972-11-08 03:25:51', '2015-11-04 08:16:47');
INSERT INTO `users` (`id`, `first_name`, `last_name`, `email`, `phone`, `created_at`, `updated_at`) VALUES (13, 'Shany', 'Heaney', 'tre32@example.com', '(023)353-6420x72594', '1991-07-17 11:51:01', '1982-04-03 15:28:18');
INSERT INTO `users` (`id`, `first_name`, `last_name`, `email`, `phone`, `created_at`, `updated_at`) VALUES (14, 'Millie', 'Johnston', 'oparisian@example.org', '(315)005-2803x602', '1983-04-04 14:40:08', '1996-03-08 07:06:27');
INSERT INTO `users` (`id`, `first_name`, `last_name`, `email`, `phone`, `created_at`, `updated_at`) VALUES (15, 'Montana', 'Cole', 'lorenzo.o\'kon@example.net', '498-459-8391x2823', '1986-09-10 17:33:59', '1986-12-31 21:40:13');
INSERT INTO `users` (`id`, `first_name`, `last_name`, `email`, `phone`, `created_at`, `updated_at`) VALUES (16, 'Lucie', 'McGlynn', 'zullrich@example.org', '(235)787-0142x871', '2000-04-08 21:28:54', '1980-10-13 17:13:23');
INSERT INTO `users` (`id`, `first_name`, `last_name`, `email`, `phone`, `created_at`, `updated_at`) VALUES (17, 'Terrance', 'Dietrich', 'torphy.ian@example.com', '743.434.9726', '1996-06-25 06:58:57', '1975-05-13 19:09:30');
INSERT INTO `users` (`id`, `first_name`, `last_name`, `email`, `phone`, `created_at`, `updated_at`) VALUES (18, 'Abdul', 'Shields', 'nromaguera@example.com', '547.308.7960x11327', '1989-05-29 23:43:04', '1991-03-19 17:04:48');
INSERT INTO `users` (`id`, `first_name`, `last_name`, `email`, `phone`, `created_at`, `updated_at`) VALUES (19, 'Blaise', 'Moen', 'dcrona@example.net', '218-575-0412x20058', '2000-12-17 00:13:15', '2013-10-03 00:38:15');
INSERT INTO `users` (`id`, `first_name`, `last_name`, `email`, `phone`, `created_at`, `updated_at`) VALUES (20, 'Maegan', 'Adams', 'christop.bosco@example.org', '1-296-364-0500x90849', '1994-03-16 20:33:38', '1993-07-16 02:48:10');
INSERT INTO `users` (`id`, `first_name`, `last_name`, `email`, `phone`, `created_at`, `updated_at`) VALUES (21, 'Toy', 'Casper', 'ozella.upton@example.net', '779-367-4130x66526', '1973-04-09 08:56:39', '1984-04-06 07:53:49');
INSERT INTO `users` (`id`, `first_name`, `last_name`, `email`, `phone`, `created_at`, `updated_at`) VALUES (22, 'Emmy', 'Rutherford', 'melyna77@example.net', '235-115-9297', '1982-05-08 03:39:06', '2003-09-06 23:14:47');
INSERT INTO `users` (`id`, `first_name`, `last_name`, `email`, `phone`, `created_at`, `updated_at`) VALUES (23, 'Frederick', 'Oberbrunner', 'amani10@example.com', '1-903-577-8829x3841', '2014-08-14 16:35:21', '1979-06-16 04:46:54');
INSERT INTO `users` (`id`, `first_name`, `last_name`, `email`, `phone`, `created_at`, `updated_at`) VALUES (24, 'Olen', 'Ortiz', 'marquardt.lonnie@example.org', '602.899.8059x4767', '1995-04-19 03:54:21', '2009-08-29 11:22:00');
INSERT INTO `users` (`id`, `first_name`, `last_name`, `email`, `phone`, `created_at`, `updated_at`) VALUES (25, 'Herminia', 'Kautzer', 'josie80@example.net', '814.377.4861', '1978-09-08 13:13:45', '1979-11-09 01:38:57');
INSERT INTO `users` (`id`, `first_name`, `last_name`, `email`, `phone`, `created_at`, `updated_at`) VALUES (26, 'Hope', 'Kunde', 'justen96@example.com', '219.243.7258x3674', '1992-07-08 07:52:07', '2007-08-22 23:17:01');
INSERT INTO `users` (`id`, `first_name`, `last_name`, `email`, `phone`, `created_at`, `updated_at`) VALUES (27, 'Jackson', 'Ruecker', 'raphael.waters@example.com', '746.033.5918x40748', '1986-09-11 11:17:15', '2015-02-02 17:12:34');
INSERT INTO `users` (`id`, `first_name`, `last_name`, `email`, `phone`, `created_at`, `updated_at`) VALUES (28, 'Harmony', 'Luettgen', 'kurtis.boehm@example.net', '899.355.1565x4096', '1990-04-07 08:12:49', '1984-09-04 10:47:55');
INSERT INTO `users` (`id`, `first_name`, `last_name`, `email`, `phone`, `created_at`, `updated_at`) VALUES (29, 'Cole', 'Mills', 'roob.delilah@example.net', '320.857.9047', '2011-10-10 14:35:39', '1996-08-15 02:16:06');
INSERT INTO `users` (`id`, `first_name`, `last_name`, `email`, `phone`, `created_at`, `updated_at`) VALUES (30, 'Glenna', 'Ritchie', 'maximo.eichmann@example.org', '183-913-1563', '1972-08-08 08:02:20', '2020-06-28 15:59:24');
INSERT INTO `users` (`id`, `first_name`, `last_name`, `email`, `phone`, `created_at`, `updated_at`) VALUES (31, 'Joany', 'Howell', 'usipes@example.org', '1-447-913-3524x68613', '2001-01-19 13:10:34', '1989-10-04 09:17:29');
INSERT INTO `users` (`id`, `first_name`, `last_name`, `email`, `phone`, `created_at`, `updated_at`) VALUES (32, 'Jailyn', 'Beer', 'abdullah.morissette@example.com', '(804)506-8329x4474', '1975-09-28 10:43:28', '2011-04-29 18:56:47');
INSERT INTO `users` (`id`, `first_name`, `last_name`, `email`, `phone`, `created_at`, `updated_at`) VALUES (33, 'Van', 'Connelly', 'bradly63@example.org', '03877415027', '2009-03-03 03:49:32', '1996-08-14 11:27:25');
INSERT INTO `users` (`id`, `first_name`, `last_name`, `email`, `phone`, `created_at`, `updated_at`) VALUES (34, 'Arnold', 'Watsica', 'anya.brekke@example.org', '1-131-867-3124', '1986-01-12 13:04:38', '2007-05-17 06:39:23');
INSERT INTO `users` (`id`, `first_name`, `last_name`, `email`, `phone`, `created_at`, `updated_at`) VALUES (35, 'Kali', 'Rowe', 'hschaefer@example.net', '963-894-4254', '1989-01-13 00:23:02', '2017-02-19 18:22:25');
INSERT INTO `users` (`id`, `first_name`, `last_name`, `email`, `phone`, `created_at`, `updated_at`) VALUES (36, 'Hadley', 'Bergstrom', 'rowland.king@example.net', '(212)692-1110', '1999-06-13 23:45:04', '1987-11-12 07:31:50');
INSERT INTO `users` (`id`, `first_name`, `last_name`, `email`, `phone`, `created_at`, `updated_at`) VALUES (37, 'Emilie', 'Will', 'altenwerth.sheldon@example.org', '04184897380', '2001-09-25 10:26:56', '1998-05-13 21:47:14');
INSERT INTO `users` (`id`, `first_name`, `last_name`, `email`, `phone`, `created_at`, `updated_at`) VALUES (38, 'Samanta', 'Morissette', 'ludie61@example.com', '1-624-967-2800x65340', '2009-09-30 11:29:23', '2007-09-13 04:28:07');
INSERT INTO `users` (`id`, `first_name`, `last_name`, `email`, `phone`, `created_at`, `updated_at`) VALUES (39, 'Theresia', 'Mertz', 'orion.zieme@example.org', '09642354695', '2002-02-05 15:24:47', '1970-09-22 17:32:05');
INSERT INTO `users` (`id`, `first_name`, `last_name`, `email`, `phone`, `created_at`, `updated_at`) VALUES (40, 'Alicia', 'Fritsch', 'mose.smitham@example.org', '257.785.8106x332', '2008-09-08 10:04:44', '1999-01-22 14:55:21');
INSERT INTO `users` (`id`, `first_name`, `last_name`, `email`, `phone`, `created_at`, `updated_at`) VALUES (41, 'Liza', 'Kihn', 'bethany.nader@example.net', '985-354-2323x59313', '1976-04-20 04:02:38', '1980-11-16 13:45:15');
INSERT INTO `users` (`id`, `first_name`, `last_name`, `email`, `phone`, `created_at`, `updated_at`) VALUES (42, 'Precious', 'Flatley', 'norbert.wyman@example.net', '637.975.6492', '2015-09-14 22:59:27', '1987-09-05 03:14:05');
INSERT INTO `users` (`id`, `first_name`, `last_name`, `email`, `phone`, `created_at`, `updated_at`) VALUES (43, 'Myrtice', 'West', 'abraham.quigley@example.net', '(332)925-8794x77836', '1978-01-09 11:44:00', '1997-01-28 09:24:38');
INSERT INTO `users` (`id`, `first_name`, `last_name`, `email`, `phone`, `created_at`, `updated_at`) VALUES (44, 'Keanu', 'Wiegand', 'uhansen@example.net', '(632)898-8527x58388', '1987-05-17 11:35:08', '2005-02-26 15:27:37');
INSERT INTO `users` (`id`, `first_name`, `last_name`, `email`, `phone`, `created_at`, `updated_at`) VALUES (45, 'Manley', 'Bins', 'hferry@example.org', '437.016.1701', '2003-12-28 05:09:01', '2008-03-04 16:45:59');
INSERT INTO `users` (`id`, `first_name`, `last_name`, `email`, `phone`, `created_at`, `updated_at`) VALUES (46, 'Fiona', 'Bernhard', 'xkihn@example.com', '(794)278-5664x43337', '2013-08-04 04:53:39', '1986-03-23 05:36:05');
INSERT INTO `users` (`id`, `first_name`, `last_name`, `email`, `phone`, `created_at`, `updated_at`) VALUES (47, 'Earlene', 'Wisoky', 'tyshawn.cronin@example.com', '(101)327-6690', '1995-04-08 08:02:17', '1992-05-19 19:37:19');
INSERT INTO `users` (`id`, `first_name`, `last_name`, `email`, `phone`, `created_at`, `updated_at`) VALUES (48, 'Damien', 'Hayes', 'medhurst.maxie@example.net', '1-740-417-2430', '2010-02-26 23:40:01', '1999-10-18 21:56:54');
INSERT INTO `users` (`id`, `first_name`, `last_name`, `email`, `phone`, `created_at`, `updated_at`) VALUES (49, 'Grant', 'Pacocha', 'larue.tremblay@example.net', '+17(6)9672186199', '2001-12-25 05:36:47', '2011-06-15 01:35:24');
INSERT INTO `users` (`id`, `first_name`, `last_name`, `email`, `phone`, `created_at`, `updated_at`) VALUES (50, 'Paula', 'Collins', 'hand.bruce@example.com', '696-814-6262x4851', '1993-05-08 18:47:24', '1991-06-17 06:22:09');
INSERT INTO `users` (`id`, `first_name`, `last_name`, `email`, `phone`, `created_at`, `updated_at`) VALUES (51, 'Owen', 'Rice', 'franecki.tyrique@example.net', '768-670-1981x01100', '1980-05-17 17:05:23', '2015-10-14 14:50:01');
INSERT INTO `users` (`id`, `first_name`, `last_name`, `email`, `phone`, `created_at`, `updated_at`) VALUES (52, 'Ibrahim', 'Dickens', 'vickie10@example.net', '(479)748-1512x3786', '1995-11-14 16:15:50', '1997-01-19 22:39:57');
INSERT INTO `users` (`id`, `first_name`, `last_name`, `email`, `phone`, `created_at`, `updated_at`) VALUES (53, 'Alessandra', 'Hills', 'legros.hobart@example.org', '141.482.1718x143', '1994-06-14 05:36:45', '2006-12-06 20:51:12');
INSERT INTO `users` (`id`, `first_name`, `last_name`, `email`, `phone`, `created_at`, `updated_at`) VALUES (54, 'Jake', 'Muller', 'willms.jacky@example.org', '968-932-4399x305', '1988-04-16 00:01:02', '2008-01-17 09:41:53');
INSERT INTO `users` (`id`, `first_name`, `last_name`, `email`, `phone`, `created_at`, `updated_at`) VALUES (55, 'Kaitlyn', 'Rutherford', 'cathryn72@example.org', '+40(6)5921157201', '2005-06-14 01:58:17', '2010-09-01 00:27:52');
INSERT INTO `users` (`id`, `first_name`, `last_name`, `email`, `phone`, `created_at`, `updated_at`) VALUES (56, 'Angela', 'Pacocha', 'bernadette88@example.org', '+61(5)2092831957', '1971-07-16 02:58:19', '1974-11-05 07:27:32');
INSERT INTO `users` (`id`, `first_name`, `last_name`, `email`, `phone`, `created_at`, `updated_at`) VALUES (57, 'Maci', 'Hirthe', 'marquardt.deontae@example.net', '152.146.2083x818', '1986-03-14 06:55:20', '2001-07-17 15:02:54');
INSERT INTO `users` (`id`, `first_name`, `last_name`, `email`, `phone`, `created_at`, `updated_at`) VALUES (58, 'Owen', 'Corkery', 'idicki@example.net', '(588)721-1904x7532', '1977-03-21 01:38:24', '1985-02-10 20:35:47');
INSERT INTO `users` (`id`, `first_name`, `last_name`, `email`, `phone`, `created_at`, `updated_at`) VALUES (59, 'Hobart', 'Waelchi', 'joannie01@example.org', '(927)603-4729x47260', '1990-10-07 10:09:06', '1995-03-15 12:45:36');
INSERT INTO `users` (`id`, `first_name`, `last_name`, `email`, `phone`, `created_at`, `updated_at`) VALUES (60, 'Ellis', 'Wisozk', 'rodger69@example.com', '1-783-871-8604x07850', '1978-12-04 00:01:54', '1984-02-06 18:54:12');
INSERT INTO `users` (`id`, `first_name`, `last_name`, `email`, `phone`, `created_at`, `updated_at`) VALUES (61, 'Edgar', 'Pouros', 'lstark@example.com', '901-733-5810', '1981-04-28 11:07:53', '1995-09-06 10:24:15');
INSERT INTO `users` (`id`, `first_name`, `last_name`, `email`, `phone`, `created_at`, `updated_at`) VALUES (62, 'Tina', 'Feeney', 'tlemke@example.net', '046.426.3141x42113', '1984-02-02 21:46:27', '2013-08-07 23:23:19');
INSERT INTO `users` (`id`, `first_name`, `last_name`, `email`, `phone`, `created_at`, `updated_at`) VALUES (63, 'Devonte', 'Mohr', 'emily51@example.org', '06894105600', '2009-02-16 06:31:26', '1990-11-14 01:12:40');
INSERT INTO `users` (`id`, `first_name`, `last_name`, `email`, `phone`, `created_at`, `updated_at`) VALUES (64, 'Arnaldo', 'Weber', 'iwolf@example.com', '755-261-6016', '1983-03-07 12:31:23', '2000-04-08 22:45:57');
INSERT INTO `users` (`id`, `first_name`, `last_name`, `email`, `phone`, `created_at`, `updated_at`) VALUES (65, 'Sim', 'Jones', 'hermann30@example.net', '295.644.1914x418', '1999-09-24 15:28:04', '1979-10-10 07:16:48');
INSERT INTO `users` (`id`, `first_name`, `last_name`, `email`, `phone`, `created_at`, `updated_at`) VALUES (66, 'Adele', 'Toy', 'jayme.gerlach@example.com', '1-649-482-2689x4607', '2008-05-02 00:31:57', '1973-09-25 21:57:34');
INSERT INTO `users` (`id`, `first_name`, `last_name`, `email`, `phone`, `created_at`, `updated_at`) VALUES (67, 'Zion', 'Schaden', 'octavia.jacobs@example.net', '05789529244', '1974-09-02 11:26:22', '2003-09-22 19:33:02');
INSERT INTO `users` (`id`, `first_name`, `last_name`, `email`, `phone`, `created_at`, `updated_at`) VALUES (68, 'Iva', 'Langosh', 'wilber.cole@example.net', '525.856.1532x68247', '2007-09-29 17:28:49', '2017-02-28 01:36:17');
INSERT INTO `users` (`id`, `first_name`, `last_name`, `email`, `phone`, `created_at`, `updated_at`) VALUES (69, 'Cyrus', 'Rodriguez', 'wisoky.dock@example.net', '1-952-711-2884', '1998-10-13 04:41:32', '1981-12-31 09:02:14');
INSERT INTO `users` (`id`, `first_name`, `last_name`, `email`, `phone`, `created_at`, `updated_at`) VALUES (70, 'Noemi', 'Rath', 'shanna08@example.com', '+13(0)4352789319', '2019-12-04 03:25:29', '1974-05-01 20:30:34');
INSERT INTO `users` (`id`, `first_name`, `last_name`, `email`, `phone`, `created_at`, `updated_at`) VALUES (71, 'Christine', 'Spencer', 'ucartwright@example.org', '1-143-364-5690', '2009-03-13 10:48:55', '1980-07-28 07:27:37');
INSERT INTO `users` (`id`, `first_name`, `last_name`, `email`, `phone`, `created_at`, `updated_at`) VALUES (72, 'Adonis', 'Rutherford', 'rebecca34@example.org', '1-351-164-9219x89973', '1978-06-30 00:05:45', '2018-10-17 16:44:12');
INSERT INTO `users` (`id`, `first_name`, `last_name`, `email`, `phone`, `created_at`, `updated_at`) VALUES (73, 'Jillian', 'Pfeffer', 'koch.madeline@example.com', '(215)689-7774x0128', '1982-01-10 15:08:40', '1985-08-27 14:04:23');
INSERT INTO `users` (`id`, `first_name`, `last_name`, `email`, `phone`, `created_at`, `updated_at`) VALUES (74, 'Earlene', 'King', 'noe.baumbach@example.org', '(546)426-3966x47546', '1978-03-25 11:00:07', '1977-01-07 14:18:04');
INSERT INTO `users` (`id`, `first_name`, `last_name`, `email`, `phone`, `created_at`, `updated_at`) VALUES (75, 'Jevon', 'Lang', 'ocormier@example.org', '1-700-745-0232x98566', '1993-02-12 03:31:54', '2019-06-11 02:28:37');
INSERT INTO `users` (`id`, `first_name`, `last_name`, `email`, `phone`, `created_at`, `updated_at`) VALUES (76, 'Mariam', 'Mante', 'lmayer@example.net', '623.793.4810x44639', '1992-10-29 10:50:24', '2007-03-16 14:41:46');
INSERT INTO `users` (`id`, `first_name`, `last_name`, `email`, `phone`, `created_at`, `updated_at`) VALUES (77, 'Armand', 'Treutel', 'daija.kutch@example.org', '252-107-8571', '2020-07-07 03:08:46', '1995-03-25 09:16:56');
INSERT INTO `users` (`id`, `first_name`, `last_name`, `email`, `phone`, `created_at`, `updated_at`) VALUES (78, 'Osborne', 'Roob', 'adelle.reynolds@example.net', '970.710.5134x866', '2003-04-07 06:36:06', '1999-11-26 03:41:31');
INSERT INTO `users` (`id`, `first_name`, `last_name`, `email`, `phone`, `created_at`, `updated_at`) VALUES (79, 'Demarco', 'Klein', 'ihaley@example.net', '08761443588', '2014-07-17 04:42:30', '1981-05-19 03:50:41');
INSERT INTO `users` (`id`, `first_name`, `last_name`, `email`, `phone`, `created_at`, `updated_at`) VALUES (80, 'Triston', 'Hagenes', 'myrtice50@example.org', '1-218-529-4612x64021', '2007-01-31 11:51:21', '2020-04-18 23:12:18');
INSERT INTO `users` (`id`, `first_name`, `last_name`, `email`, `phone`, `created_at`, `updated_at`) VALUES (81, 'Anthony', 'Schoen', 'brakus.domenico@example.net', '704.716.1025x7991', '1982-09-21 01:54:41', '1976-02-24 18:50:49');
INSERT INTO `users` (`id`, `first_name`, `last_name`, `email`, `phone`, `created_at`, `updated_at`) VALUES (82, 'Nina', 'Rau', 'stevie.auer@example.com', '02296718792', '1993-11-15 12:17:28', '1971-02-13 21:51:40');
INSERT INTO `users` (`id`, `first_name`, `last_name`, `email`, `phone`, `created_at`, `updated_at`) VALUES (83, 'Florencio', 'Haley', 'aracely.gislason@example.net', '+80(2)3960992714', '1984-05-04 00:18:38', '1970-07-10 14:07:10');
INSERT INTO `users` (`id`, `first_name`, `last_name`, `email`, `phone`, `created_at`, `updated_at`) VALUES (84, 'Tess', 'Abshire', 'tbecker@example.org', '658.507.4875x8515', '1981-01-05 11:14:42', '1971-04-05 01:41:34');
INSERT INTO `users` (`id`, `first_name`, `last_name`, `email`, `phone`, `created_at`, `updated_at`) VALUES (85, 'Oda', 'Auer', 'johnson.emely@example.com', '1-321-596-8197', '2012-09-22 18:21:58', '1986-01-24 00:13:42');
INSERT INTO `users` (`id`, `first_name`, `last_name`, `email`, `phone`, `created_at`, `updated_at`) VALUES (86, 'Leanna', 'Herman', 'kuhlman.michaela@example.org', '228.818.4329', '1996-10-07 12:05:49', '1990-06-11 13:30:52');
INSERT INTO `users` (`id`, `first_name`, `last_name`, `email`, `phone`, `created_at`, `updated_at`) VALUES (87, 'Brock', 'Green', 'evolkman@example.org', '1-614-556-6926x9939', '1997-12-10 21:31:26', '1984-06-11 16:19:30');
INSERT INTO `users` (`id`, `first_name`, `last_name`, `email`, `phone`, `created_at`, `updated_at`) VALUES (88, 'Orville', 'Wintheiser', 'king.oda@example.com', '(795)235-4749x213', '2009-03-25 21:12:15', '1989-12-06 12:56:19');
INSERT INTO `users` (`id`, `first_name`, `last_name`, `email`, `phone`, `created_at`, `updated_at`) VALUES (89, 'Walker', 'Blanda', 'jack.ferry@example.com', '+89(2)9078494572', '1984-03-27 21:24:02', '1992-04-19 12:00:39');
INSERT INTO `users` (`id`, `first_name`, `last_name`, `email`, `phone`, `created_at`, `updated_at`) VALUES (90, 'Kenneth', 'Funk', 'prosacco.jacinthe@example.org', '231.272.2063', '1990-10-28 06:25:53', '2015-09-09 07:50:20');
INSERT INTO `users` (`id`, `first_name`, `last_name`, `email`, `phone`, `created_at`, `updated_at`) VALUES (91, 'Violet', 'Wyman', 'hstrosin@example.com', '00855712050', '2011-06-19 14:20:47', '1979-07-14 05:08:37');
INSERT INTO `users` (`id`, `first_name`, `last_name`, `email`, `phone`, `created_at`, `updated_at`) VALUES (92, 'Betsy', 'Bashirian', 'tbrekke@example.net', '108.984.5239x917', '1993-06-23 04:13:37', '1980-07-04 11:57:34');
INSERT INTO `users` (`id`, `first_name`, `last_name`, `email`, `phone`, `created_at`, `updated_at`) VALUES (93, 'Moshe', 'Gaylord', 'astoltenberg@example.com', '+03(7)7379969412', '2007-06-26 13:13:51', '1997-07-30 05:31:15');
INSERT INTO `users` (`id`, `first_name`, `last_name`, `email`, `phone`, `created_at`, `updated_at`) VALUES (94, 'Enola', 'Pollich', 'lind.cassandra@example.com', '550-527-9903', '1986-08-19 17:48:59', '1978-07-10 21:39:32');
INSERT INTO `users` (`id`, `first_name`, `last_name`, `email`, `phone`, `created_at`, `updated_at`) VALUES (95, 'Arielle', 'Barton', 'tad19@example.com', '1-093-536-9134x1878', '2009-12-24 20:45:46', '1981-08-15 04:07:25');
INSERT INTO `users` (`id`, `first_name`, `last_name`, `email`, `phone`, `created_at`, `updated_at`) VALUES (96, 'Shannon', 'Kessler', 'zfadel@example.com', '1-988-978-2199x121', '1992-07-03 18:22:44', '2012-11-13 09:23:34');
INSERT INTO `users` (`id`, `first_name`, `last_name`, `email`, `phone`, `created_at`, `updated_at`) VALUES (97, 'Vern', 'Ferry', 'kirstin.king@example.net', '532-816-4884x135', '1989-02-10 05:32:06', '2010-07-30 08:55:16');
INSERT INTO `users` (`id`, `first_name`, `last_name`, `email`, `phone`, `created_at`, `updated_at`) VALUES (98, 'Susanna', 'Collier', 'vilma47@example.com', '1-325-860-0289x436', '2008-11-13 08:00:16', '2008-08-20 09:05:31');
INSERT INTO `users` (`id`, `first_name`, `last_name`, `email`, `phone`, `created_at`, `updated_at`) VALUES (99, 'Laurine', 'Thiel', 'elvie32@example.org', '+58(6)7201663510', '2010-09-27 14:55:19', '2000-04-17 13:14:27');
INSERT INTO `users` (`id`, `first_name`, `last_name`, `email`, `phone`, `created_at`, `updated_at`) VALUES (100, 'Jarvis', 'Mayert', 'marlen22@example.net', '203-570-3288', '1986-02-28 01:41:53', '1972-09-07 00:18:47');
INSERT INTO `users` (`id`, `first_name`, `last_name`, `email`, `phone`, `created_at`, `updated_at`) VALUES (101, 'Ezequiel', 'Schroeder', 'jerod46@example.net', '504-544-8550x404', '2007-05-24 20:58:48', '2013-11-20 05:02:20');
INSERT INTO `users` (`id`, `first_name`, `last_name`, `email`, `phone`, `created_at`, `updated_at`) VALUES (102, 'Marcus', 'Leannon', 'dhilll@example.net', '1-562-924-5646x420', '1994-02-13 14:11:51', '1988-07-28 11:17:08');
INSERT INTO `users` (`id`, `first_name`, `last_name`, `email`, `phone`, `created_at`, `updated_at`) VALUES (103, 'Nathanial', 'Davis', 'krajcik.jovani@example.com', '497-034-2605', '1988-10-13 23:46:09', '1976-05-13 17:33:43');
INSERT INTO `users` (`id`, `first_name`, `last_name`, `email`, `phone`, `created_at`, `updated_at`) VALUES (104, 'Harley', 'Treutel', 'sylvia88@example.org', '072-882-6114', '1972-06-17 14:40:54', '1972-08-08 11:44:02');
INSERT INTO `users` (`id`, `first_name`, `last_name`, `email`, `phone`, `created_at`, `updated_at`) VALUES (105, 'Jayden', 'Mohr', 'parker.wuckert@example.net', '(031)650-1001x6710', '1973-02-01 07:09:02', '2010-12-24 18:47:11');
INSERT INTO `users` (`id`, `first_name`, `last_name`, `email`, `phone`, `created_at`, `updated_at`) VALUES (106, 'Edward', 'Eichmann', 'lorenz.batz@example.com', '021-229-8486x73155', '1993-07-04 11:28:26', '1981-07-25 00:01:13');
INSERT INTO `users` (`id`, `first_name`, `last_name`, `email`, `phone`, `created_at`, `updated_at`) VALUES (107, 'Kasey', 'Deckow', 'bryon.olson@example.org', '434-547-4384x997', '1994-04-29 06:23:02', '1985-02-22 17:03:24');
INSERT INTO `users` (`id`, `first_name`, `last_name`, `email`, `phone`, `created_at`, `updated_at`) VALUES (108, 'Thomas', 'Kuhlman', 'casper.sage@example.org', '(640)815-2786x37477', '1982-06-19 15:55:27', '1971-09-26 01:16:46');
INSERT INTO `users` (`id`, `first_name`, `last_name`, `email`, `phone`, `created_at`, `updated_at`) VALUES (109, 'Laury', 'Barton', 'stark.jarret@example.com', '341.091.1311x172', '2005-09-20 06:47:56', '1979-12-31 09:31:02');
INSERT INTO `users` (`id`, `first_name`, `last_name`, `email`, `phone`, `created_at`, `updated_at`) VALUES (110, 'Jimmie', 'Kling', 'donato.krajcik@example.org', '758-028-4607x242', '1987-12-16 17:20:56', '2013-08-06 16:46:23');
INSERT INTO `users` (`id`, `first_name`, `last_name`, `email`, `phone`, `created_at`, `updated_at`) VALUES (111, 'Vivian', 'Parisian', 'tkris@example.org', '+13(7)5209750315', '2011-05-31 00:29:21', '1988-04-02 04:55:50');


