-- MySQL dump 10.13  Distrib 8.0.21, for Linux (x86_64)
--
-- Host: localhost    Database: vk
-- ------------------------------------------------------
-- Server version	8.0.21-0ubuntu0.20.04.4

/*!40101 SET @OLD_CHARACTER_SET_CLIENT=@@CHARACTER_SET_CLIENT */;
/*!40101 SET @OLD_CHARACTER_SET_RESULTS=@@CHARACTER_SET_RESULTS */;
/*!40101 SET @OLD_COLLATION_CONNECTION=@@COLLATION_CONNECTION */;
/*!50503 SET NAMES utf8mb4 */;
/*!40103 SET @OLD_TIME_ZONE=@@TIME_ZONE */;
/*!40103 SET TIME_ZONE='+00:00' */;
/*!40014 SET @OLD_UNIQUE_CHECKS=@@UNIQUE_CHECKS, UNIQUE_CHECKS=0 */;
/*!40014 SET @OLD_FOREIGN_KEY_CHECKS=@@FOREIGN_KEY_CHECKS, FOREIGN_KEY_CHECKS=0 */;
/*!40101 SET @OLD_SQL_MODE=@@SQL_MODE, SQL_MODE='NO_AUTO_VALUE_ON_ZERO' */;
/*!40111 SET @OLD_SQL_NOTES=@@SQL_NOTES, SQL_NOTES=0 */;

--
-- Table structure for table `communities`
--

DROP TABLE IF EXISTS `communities`;
/*!40101 SET @saved_cs_client     = @@character_set_client */;
/*!50503 SET character_set_client = utf8mb4 */;
CREATE TABLE `communities` (
  `id` int unsigned NOT NULL AUTO_INCREMENT COMMENT 'Идентификатор сроки',
  `name` varchar(150) NOT NULL COMMENT 'Название группы',
  `created_at` datetime DEFAULT CURRENT_TIMESTAMP COMMENT 'Время создания строки',
  `updated_at` datetime DEFAULT CURRENT_TIMESTAMP ON UPDATE CURRENT_TIMESTAMP COMMENT 'Время обновления строки',
  PRIMARY KEY (`id`),
  UNIQUE KEY `name` (`name`)
) ENGINE=InnoDB AUTO_INCREMENT=21 DEFAULT CHARSET=utf8mb4 COLLATE=utf8mb4_0900_ai_ci COMMENT='Группы';
/*!40101 SET character_set_client = @saved_cs_client */;

--
-- Dumping data for table `communities`
--

LOCK TABLES `communities` WRITE;
/*!40000 ALTER TABLE `communities` DISABLE KEYS */;
INSERT INTO `communities` VALUES (1,'Corporis occaecati praesentium ex quis quia aut.','2012-08-17 08:51:02','1998-10-04 04:25:41'),(2,'Animi praesentium aut dignissimos vel aut.','1974-04-13 18:13:45','2000-10-30 10:10:26'),(3,'Commodi veniam ratione debitis dolores est vel.','2007-07-05 22:46:22','1976-06-01 22:56:56'),(4,'Quisquam ut modi ipsa nihil dolore.','1988-04-16 08:04:07','2009-04-08 19:03:37'),(5,'Autem rem corrupti maiores sed qui velit et.','1990-03-07 15:01:42','1988-08-18 19:15:15'),(6,'Aliquam dolores eum est voluptatum est possimus sunt.','1971-07-29 06:09:45','1979-01-07 23:16:00'),(7,'Porro unde ipsam earum consequuntur iure dolorem rerum.','1984-02-11 17:13:52','2016-02-02 04:28:40'),(8,'Accusantium enim et necessitatibus error earum.','1986-05-16 12:58:42','1999-03-31 03:46:28'),(9,'Eaque illum veniam nemo consequatur sint maiores ut.','1971-04-22 15:27:37','2008-10-19 07:18:34'),(10,'Sunt laudantium dolorem rem ut inventore magnam aut velit.','2004-03-03 03:39:55','1985-01-01 15:14:55'),(11,'Et atque blanditiis itaque enim a qui qui.','2003-02-21 14:06:36','1984-08-01 13:10:34'),(12,'Cum exercitationem aliquam provident libero soluta.','2017-11-27 11:51:03','1999-05-07 12:12:28'),(13,'Consequatur eos fuga laboriosam consectetur quibusdam nesciunt.','1985-05-25 23:34:06','1987-12-20 02:58:22'),(14,'Vitae culpa qui nulla.','2010-05-11 21:32:06','1971-12-24 22:16:54'),(15,'Iure molestiae et qui sed voluptas mollitia.','1984-08-24 00:07:31','2016-05-23 10:46:49'),(16,'Sint omnis libero ab numquam suscipit.','1975-02-07 02:54:23','1981-06-30 09:43:01'),(17,'Velit numquam quibusdam inventore omnis distinctio.','1979-02-04 08:36:04','2006-10-05 01:57:59'),(18,'Tempora eveniet sed sint commodi officia voluptatem.','1992-12-08 23:23:03','1984-12-07 10:35:23'),(19,'Facere commodi sunt est voluptatem nisi rerum aliquam.','2019-04-19 16:03:32','2017-04-25 21:03:10'),(20,'Eligendi error debitis soluta aperiam unde optio est quam.','1982-11-24 15:47:44','1972-02-17 13:16:15');
/*!40000 ALTER TABLE `communities` ENABLE KEYS */;
UNLOCK TABLES;

--
-- Table structure for table `communities_users`
--

DROP TABLE IF EXISTS `communities_users`;
/*!40101 SET @saved_cs_client     = @@character_set_client */;
/*!50503 SET character_set_client = utf8mb4 */;
CREATE TABLE `communities_users` (
  `community_id` int unsigned NOT NULL COMMENT 'Ссылка на группу',
  `user_id` int unsigned NOT NULL COMMENT 'Ссылка на пользователя',
  `created_at` datetime DEFAULT CURRENT_TIMESTAMP COMMENT 'Время создания строки',
  PRIMARY KEY (`community_id`,`user_id`) COMMENT 'Составной первичный ключ',
  KEY `comm_user_id_fk` (`user_id`),
  CONSTRAINT `comm_user_id_fk` FOREIGN KEY (`user_id`) REFERENCES `users` (`id`) ON DELETE CASCADE,
  CONSTRAINT `community_comm_user_id_fk` FOREIGN KEY (`community_id`) REFERENCES `communities` (`id`) ON DELETE CASCADE
) ENGINE=InnoDB DEFAULT CHARSET=utf8mb4 COLLATE=utf8mb4_0900_ai_ci COMMENT='Участники групп, связь между пользователями и группами';
/*!40101 SET character_set_client = @saved_cs_client */;

--
-- Dumping data for table `communities_users`
--

LOCK TABLES `communities_users` WRITE;
/*!40000 ALTER TABLE `communities_users` DISABLE KEYS */;
INSERT INTO `communities_users` VALUES (1,9,'1987-01-31 22:23:27'),(1,12,'1998-03-13 03:11:34'),(1,46,'1993-08-28 00:29:26'),(1,56,'1987-06-29 14:18:19'),(1,94,'1978-11-16 03:51:20'),(2,3,'1979-10-04 23:24:23'),(2,12,'2014-04-23 06:32:47'),(2,46,'1971-06-23 11:36:59'),(2,64,'1977-10-15 05:11:30'),(2,87,'1998-11-03 03:59:56'),(2,88,'1999-12-21 13:45:06'),(2,106,'1992-02-19 09:29:22'),(3,2,'1979-11-17 15:36:56'),(3,3,'2008-05-13 08:36:10'),(3,44,'2013-02-06 18:56:45'),(3,46,'1974-05-21 18:23:05'),(3,55,'1990-06-14 16:43:30'),(3,73,'1990-04-07 11:21:45'),(3,88,'1992-12-06 00:49:57'),(4,29,'1994-05-31 16:23:23'),(4,94,'2004-05-20 16:34:22'),(5,21,'2001-01-10 06:19:24'),(5,66,'2020-07-18 17:23:11'),(5,69,'1971-05-11 00:53:06'),(5,75,'2007-04-04 01:41:05'),(5,94,'1974-06-13 02:47:16'),(5,104,'1978-03-21 14:31:28'),(6,5,'2016-05-19 09:26:11'),(6,22,'1974-11-23 22:37:47'),(6,43,'2017-04-13 18:51:21'),(6,52,'2008-04-07 12:17:08'),(6,85,'2009-12-28 13:24:59'),(7,45,'1995-05-26 09:23:11'),(7,59,'2014-02-25 22:59:14'),(7,71,'1970-04-13 10:41:05'),(8,17,'2008-01-26 07:21:21'),(8,87,'1990-11-10 21:38:17'),(9,16,'1980-08-22 09:19:16'),(9,45,'1987-12-28 22:27:15'),(9,55,'2001-12-12 03:56:40'),(10,12,'1995-10-20 06:57:33'),(10,39,'2003-03-08 02:11:05'),(10,56,'2017-10-14 21:19:35'),(10,61,'2010-09-07 16:59:35'),(10,75,'1989-08-05 12:18:03'),(11,2,'1978-11-03 02:50:20'),(11,14,'1991-08-15 02:18:41'),(11,30,'1981-10-08 00:37:27'),(11,35,'1994-09-24 14:45:54'),(11,42,'1986-12-11 16:19:21'),(12,36,'1980-09-22 06:00:55'),(12,43,'2008-10-29 05:27:48'),(12,64,'1999-10-13 14:28:30'),(12,68,'1991-07-29 19:46:41'),(12,92,'1989-12-27 17:03:47'),(13,42,'1974-12-03 15:11:19'),(13,47,'2012-10-31 20:03:59'),(13,54,'1975-06-08 07:24:12'),(13,67,'1997-01-16 22:58:20'),(13,74,'1990-02-02 17:19:06'),(13,101,'1996-03-18 18:50:33'),(14,8,'1972-09-14 21:58:21'),(14,23,'1972-04-14 03:13:28'),(14,47,'2008-01-31 14:42:35'),(14,57,'2015-01-26 18:54:56'),(14,66,'1998-06-29 15:05:35'),(14,73,'1971-10-10 03:14:44'),(14,93,'1980-02-09 16:38:30'),(15,10,'1989-09-19 04:30:01'),(15,30,'1976-12-11 06:52:22'),(15,54,'2006-04-14 01:50:07'),(15,55,'2009-08-27 15:24:25'),(15,100,'2006-01-22 23:23:49'),(16,12,'1989-11-17 22:50:01'),(16,28,'1970-11-17 15:38:05'),(16,53,'2011-03-09 15:26:43'),(16,68,'2019-03-19 14:39:32'),(16,101,'2016-10-27 13:16:43'),(17,13,'1993-08-24 11:27:10'),(17,19,'1973-10-17 00:11:56'),(17,29,'2015-02-01 17:41:29'),(17,85,'2000-01-27 14:22:23'),(18,43,'2019-03-10 20:36:19'),(18,59,'1987-06-01 11:45:16'),(18,71,'1975-07-25 16:37:18'),(18,73,'2001-03-26 17:21:53'),(18,96,'1975-04-11 01:33:10'),(18,102,'2015-11-19 01:08:58'),(19,10,'1992-07-13 12:24:28'),(19,14,'1971-03-20 12:21:26'),(19,50,'2000-04-03 09:14:41'),(19,66,'2003-10-24 12:11:38'),(19,92,'2012-12-06 23:04:37'),(19,101,'1986-05-06 19:36:07'),(20,47,'1997-05-11 11:17:03'),(20,54,'2010-11-10 07:45:12'),(20,73,'1981-02-26 20:05:04'),(20,84,'1979-08-10 11:30:36'),(20,93,'1988-12-17 08:35:29'),(20,109,'1994-11-27 19:06:08');
/*!40000 ALTER TABLE `communities_users` ENABLE KEYS */;
UNLOCK TABLES;

--
-- Table structure for table `friendship`
--

DROP TABLE IF EXISTS `friendship`;
/*!40101 SET @saved_cs_client     = @@character_set_client */;
/*!50503 SET character_set_client = utf8mb4 */;
CREATE TABLE `friendship` (
  `user_id` int unsigned NOT NULL COMMENT 'Ссылка на инициатора дружеских отношений',
  `friend_id` int unsigned NOT NULL COMMENT 'Ссылка на получателя приглашения дружить',
  `status_id` int unsigned NOT NULL COMMENT 'Ссылка на статус (текущее состояние) отношений',
  `requested_at` datetime DEFAULT CURRENT_TIMESTAMP COMMENT 'Время отправления приглашения дружить',
  `confirmed_at` datetime DEFAULT NULL COMMENT 'Время подтверждения приглашения',
  `created_at` datetime DEFAULT CURRENT_TIMESTAMP COMMENT 'Время создания строки',
  `updated_at` datetime DEFAULT CURRENT_TIMESTAMP ON UPDATE CURRENT_TIMESTAMP COMMENT 'Время обновления строки',
  PRIMARY KEY (`user_id`,`friend_id`) COMMENT 'Составной первичный ключ',
  KEY `friendship_status_id_fk` (`status_id`),
  CONSTRAINT `friendship_friend_id_fk` FOREIGN KEY (`user_id`) REFERENCES `users` (`id`) ON DELETE CASCADE,
  CONSTRAINT `friendship_status_id_fk` FOREIGN KEY (`status_id`) REFERENCES `friendship_statuses` (`id`),
  CONSTRAINT `friendship_user_id_fk` FOREIGN KEY (`user_id`) REFERENCES `users` (`id`) ON DELETE CASCADE
) ENGINE=InnoDB DEFAULT CHARSET=utf8mb4 COLLATE=utf8mb4_0900_ai_ci COMMENT='Таблица дружбы';
/*!40101 SET character_set_client = @saved_cs_client */;

--
-- Dumping data for table `friendship`
--

LOCK TABLES `friendship` WRITE;
/*!40000 ALTER TABLE `friendship` DISABLE KEYS */;
INSERT INTO `friendship` VALUES (2,15,3,'1982-12-11 08:43:29','1997-01-29 19:33:07','2010-08-20 11:18:19','2020-09-06 18:33:36'),(2,66,3,'1976-09-11 11:29:01','1976-09-30 19:36:49','1983-11-30 12:00:15','2020-09-06 18:33:36'),(2,93,3,'2000-11-22 15:20:22',NULL,'1970-08-20 12:23:38','2020-09-06 18:33:36'),(3,80,3,'1997-09-13 13:39:14','1974-09-30 17:26:03','1998-11-26 12:45:11','2020-09-06 18:33:36'),(4,7,2,'1986-12-23 11:55:10',NULL,'1977-07-18 13:16:35','2020-09-06 18:33:36'),(4,16,3,'2000-04-10 08:53:43',NULL,'1988-03-20 08:13:35','2020-09-06 18:33:36'),(4,110,2,'2014-08-07 00:27:28','1975-08-18 04:08:15','1972-04-12 19:05:58','2020-09-06 18:33:36'),(5,63,2,'1990-03-29 19:48:42','1975-08-14 01:09:03','1979-10-15 01:28:30','2020-09-06 18:33:36'),(5,68,3,'2020-06-12 22:37:22',NULL,'1991-01-17 23:13:36','2020-09-06 18:33:36'),(8,34,2,'1978-07-13 17:32:24',NULL,'1975-08-29 03:47:38','2020-09-06 18:33:36'),(8,87,2,'1996-01-15 15:37:09',NULL,'1985-10-03 04:11:42','2020-09-06 18:33:36'),(9,53,1,'2005-09-30 22:13:19','2019-05-26 20:01:40','1986-06-29 07:56:15','2020-09-06 18:33:36'),(10,92,1,'1999-08-10 07:57:19',NULL,'2012-04-03 01:40:14','2020-09-06 18:33:36'),(10,106,3,'1971-12-28 00:20:03',NULL,'1995-05-25 11:00:50','2020-09-06 18:33:36'),(11,74,1,'2003-04-09 17:10:50',NULL,'1997-05-22 05:37:41','2020-09-06 18:33:36'),(12,57,2,'2020-04-16 15:11:34','1983-05-23 06:30:11','2017-05-04 22:21:52','2002-08-07 02:38:52'),(12,97,2,'2019-04-27 03:50:49','2016-01-29 01:29:50','1976-04-12 10:17:08','1972-09-27 17:08:50'),(14,6,1,'1996-11-15 02:20:20',NULL,'2005-11-14 19:08:40','2020-09-06 18:33:36'),(15,3,2,'1999-05-02 18:17:38',NULL,'1979-01-24 23:15:10','2020-09-06 18:33:36'),(15,7,1,'2008-12-19 04:36:19',NULL,'1973-12-24 13:19:26','2020-09-06 18:33:36'),(15,20,1,'1994-06-15 04:53:33',NULL,'1992-06-20 05:04:54','2020-09-06 18:33:36'),(15,94,3,'1983-11-06 03:11:06',NULL,'1981-01-20 01:31:06','2020-09-06 18:33:36'),(16,18,1,'1980-02-15 12:31:46','2002-04-15 16:57:21','1973-02-04 17:44:29','2020-09-06 18:33:36'),(16,38,1,'2009-05-06 13:57:54','2006-03-24 20:28:43','1977-11-04 17:41:22','2020-09-06 18:33:36'),(16,44,2,'1999-05-27 01:30:28','1990-03-29 23:22:38','2018-03-10 21:42:43','1983-08-25 10:24:03'),(17,26,1,'2006-07-05 11:47:56',NULL,'2004-02-04 14:35:28','1976-12-04 09:04:42'),(19,17,1,'1993-04-23 23:50:22',NULL,'1984-08-09 22:40:50','1983-09-25 18:50:10'),(20,52,3,'1980-12-14 23:09:46',NULL,'2004-06-23 20:41:51','2020-09-06 18:33:36'),(20,100,2,'1980-12-05 01:56:15',NULL,'1995-08-14 23:12:26','2020-09-06 18:33:36'),(21,37,2,'1976-12-06 03:10:50','1991-08-19 00:44:06','1978-11-27 14:39:31','2020-09-06 18:33:36'),(21,70,3,'2004-02-04 12:32:55',NULL,'1996-02-09 08:30:32','2020-09-06 18:33:36'),(21,81,1,'1989-03-06 15:18:36',NULL,'2016-11-23 02:38:58','1976-04-07 01:58:29'),(21,89,3,'2016-10-23 02:18:17',NULL,'1989-04-09 17:47:04','2020-09-06 18:33:36'),(23,59,1,'2017-04-26 23:45:09',NULL,'1996-06-01 13:56:12','2016-04-19 06:22:42'),(23,95,3,'2007-12-02 15:01:51','1993-06-12 07:45:46','1998-10-26 09:03:22','2020-09-06 18:33:36'),(25,30,3,'2019-05-24 16:39:33',NULL,'1992-09-29 00:29:40','2001-09-05 12:51:04'),(27,45,1,'2001-03-06 21:56:48',NULL,'1996-07-09 20:02:21','1982-10-31 10:37:03'),(27,95,1,'1985-02-18 22:55:43','2010-12-23 18:49:27','1970-07-01 00:50:25','2020-09-06 18:33:36'),(28,20,1,'1973-01-13 06:18:40','2015-10-06 10:01:13','1987-12-07 04:59:36','2020-09-06 18:33:36'),(28,41,3,'1992-06-18 09:05:40',NULL,'1984-01-03 15:42:05','2020-09-06 18:33:36'),(29,52,3,'2010-03-21 01:29:00',NULL,'1985-11-01 02:21:23','2020-09-06 18:33:36'),(29,90,1,'1996-11-11 05:20:55',NULL,'1987-07-06 16:41:59','2020-09-06 18:33:36'),(29,95,3,'2008-07-25 10:22:16','1999-01-16 13:09:29','1990-11-06 00:30:50','2020-09-06 18:33:36'),(31,94,2,'1993-07-01 05:53:41',NULL,'1987-01-28 20:55:33','2012-01-10 15:24:23'),(31,96,2,'2012-10-13 14:20:55',NULL,'1998-03-28 13:06:56','2020-09-06 18:33:36'),(32,5,3,'1991-10-29 08:55:21',NULL,'1977-01-04 14:32:00','2020-09-06 18:33:36'),(32,45,2,'1978-06-22 03:58:23',NULL,'2007-02-04 03:24:17','2020-09-06 18:33:36'),(32,104,2,'1990-01-09 17:41:12','1975-07-15 05:47:07','2020-05-14 03:34:34','2020-09-06 18:33:36'),(35,29,1,'1994-03-12 18:06:06','1991-04-11 20:38:02','2005-02-24 08:46:48','2020-09-06 18:33:36'),(35,58,1,'1990-05-24 19:17:17','2007-06-17 23:57:52','1994-01-12 22:05:31','1970-02-08 09:55:04'),(37,11,2,'2017-06-01 21:13:16',NULL,'1988-09-04 23:12:21','2020-09-06 18:33:36'),(37,41,2,'1994-10-29 06:42:27','1974-03-30 19:53:15','1991-05-24 11:26:51','2011-06-21 04:02:39'),(39,35,2,'1999-09-14 07:11:25',NULL,'1978-01-13 20:46:06','2020-09-06 18:33:36'),(39,66,2,'1976-01-19 22:51:59',NULL,'1991-09-04 23:38:14','2011-08-07 16:40:50'),(40,10,2,'2001-03-16 14:10:06',NULL,'1991-06-25 16:07:35','2017-12-16 16:19:55'),(40,35,3,'1985-07-21 00:34:27',NULL,'2012-06-09 00:20:58','2020-09-06 18:33:36'),(40,69,1,'2007-02-15 06:02:03','1982-07-29 13:31:48','2014-08-05 23:49:27','1976-05-31 08:51:10'),(40,101,3,'1990-08-07 08:02:31','2006-07-16 01:17:27','1978-05-21 11:12:18','2020-09-06 18:33:36'),(40,102,3,'2003-05-07 13:59:46','2015-12-09 22:29:37','1987-09-01 09:08:42','2020-09-06 18:33:36'),(40,105,2,'2013-03-13 22:14:35','1987-06-23 14:00:31','2013-03-20 01:42:13','2020-09-06 18:33:36'),(41,11,1,'1979-05-26 10:27:21','1988-04-10 14:57:15','2008-05-12 11:26:20','2020-09-06 18:33:36'),(41,21,3,'1974-01-21 06:15:14','1984-10-20 01:13:00','1985-11-16 21:45:15','1973-09-06 16:53:07'),(41,29,2,'1978-08-10 02:27:28',NULL,'1976-10-09 03:39:08','2020-09-06 18:33:36'),(42,7,1,'2010-12-03 15:03:58',NULL,'2015-01-31 03:59:05','2020-09-06 18:33:36'),(42,19,3,'1997-03-14 15:07:27','1985-11-27 14:53:05','1988-04-03 18:06:06','2020-09-06 18:33:36'),(42,79,3,'2011-02-11 20:39:47',NULL,'1996-10-12 05:33:16','2020-09-06 18:33:36'),(42,86,1,'2010-01-21 02:11:19','1970-08-31 21:48:56','1993-04-25 16:35:11','2020-09-06 18:33:36'),(43,20,3,'1999-11-18 08:25:08','1983-07-06 01:04:00','1978-07-23 00:14:02','2020-09-06 18:33:36'),(43,49,3,'1994-11-28 21:14:21','1985-11-19 04:04:34','1996-03-07 16:27:59','2020-09-06 18:33:36'),(44,40,1,'2002-11-29 15:29:03','2002-06-29 08:56:54','1978-04-16 20:05:31','2020-02-19 00:16:14'),(44,52,1,'1997-12-27 01:45:11',NULL,'2002-12-12 18:56:50','2020-09-06 18:33:36'),(45,70,2,'1978-11-22 08:29:59','1992-01-08 02:52:44','1974-03-22 03:35:03','1980-04-10 21:59:41'),(45,73,3,'1978-05-02 14:12:36','1976-11-04 00:20:48','1982-10-17 00:15:38','2020-09-06 18:33:36'),(45,101,1,'2020-06-25 18:32:29','2011-08-13 11:46:45','1999-02-18 15:09:02','2020-09-06 18:33:36'),(46,47,2,'1980-03-27 01:13:44',NULL,'1981-05-07 07:17:03','2020-09-06 18:33:36'),(46,86,2,'1971-11-10 14:41:37',NULL,'1997-06-22 08:37:04','2020-09-06 18:33:36'),(47,42,3,'2020-05-29 22:11:25','2005-04-30 14:55:34','1972-02-13 12:56:36','1973-10-02 06:46:45'),(47,45,3,'2017-07-17 03:18:06',NULL,'2001-10-03 22:59:30','2020-09-06 18:33:36'),(48,65,3,'1973-04-11 14:15:13','1999-05-18 09:49:04','2004-06-15 10:25:54','1989-02-19 15:17:11'),(48,94,3,'2010-01-03 08:22:27','1996-09-13 00:08:01','1985-02-01 16:23:48','1971-10-28 03:30:49'),(49,18,3,'2012-10-04 01:07:02',NULL,'2019-10-23 01:08:27','2020-09-06 18:33:36'),(49,97,3,'2005-03-12 08:55:43','2013-05-31 17:46:47','1984-10-06 08:37:35','2020-09-06 18:33:36'),(51,1,3,'1987-05-26 23:36:57','2014-02-12 01:03:02','1991-05-26 16:12:04','2020-09-06 18:33:36'),(51,41,3,'2008-08-08 00:14:42','1991-06-27 05:05:01','2005-11-27 03:28:38','2020-09-06 18:33:36'),(52,23,1,'1996-08-14 19:38:58',NULL,'2002-01-13 10:57:40','2020-09-06 18:33:36'),(52,70,2,'1984-07-18 10:58:40',NULL,'1984-01-17 13:23:26','2020-09-06 18:33:36'),(52,76,2,'1991-10-22 13:50:57','2016-04-13 10:10:22','2007-01-11 00:00:04','2007-12-23 21:59:47'),(52,106,1,'1982-08-12 23:12:15',NULL,'2005-03-26 19:29:16','2017-02-07 10:57:21'),(53,82,2,'1981-04-24 02:34:39','1997-07-31 09:45:05','1983-09-20 16:00:46','2020-09-06 18:33:36'),(53,87,3,'1976-09-23 23:43:00',NULL,'2020-08-14 01:24:17','2020-09-06 18:33:36'),(55,26,2,'1977-09-09 10:48:24','2016-11-23 10:15:57','1990-12-27 09:24:53','2020-09-06 18:33:36'),(56,17,1,'2010-09-12 15:26:10','2002-02-11 11:53:18','1971-11-03 15:14:13','2020-09-06 18:33:36'),(58,17,1,'2001-09-19 16:20:07',NULL,'1973-11-18 23:38:13','2020-09-06 18:33:36'),(58,34,2,'2011-04-17 14:39:14',NULL,'2019-01-07 22:19:06','2020-09-06 18:33:36'),(58,77,1,'2019-05-01 22:06:30','2014-08-01 22:05:35','1978-05-20 22:00:38','2020-09-06 18:33:36'),(58,80,2,'1997-03-12 21:59:20','2010-03-26 20:30:16','1986-01-11 14:38:15','2020-09-06 18:33:36'),(60,61,1,'2012-01-05 05:05:46',NULL,'2018-04-06 05:15:02','2020-09-06 18:33:36'),(60,67,3,'1986-09-24 03:42:39',NULL,'1983-03-26 05:28:07','2020-09-06 18:33:36'),(61,12,2,'1974-07-01 02:13:15','1991-07-23 07:09:05','1971-01-21 21:52:01','2020-09-06 18:33:36'),(62,19,3,'1988-03-11 00:10:13','2007-07-25 12:21:28','2017-01-12 02:24:32','2020-09-06 18:33:36'),(62,39,1,'2018-03-08 10:45:14',NULL,'1999-11-18 12:22:25','2020-09-06 18:33:36'),(62,110,2,'1975-12-30 02:33:34',NULL,'2013-03-19 18:18:35','2020-09-06 18:33:36'),(63,19,3,'1977-12-15 23:35:51','2020-06-08 00:53:50','1973-10-01 12:38:32','2020-09-06 18:33:36'),(63,29,3,'2020-05-28 01:01:17','1976-03-11 05:24:39','1972-12-22 09:48:38','2020-09-06 18:33:36'),(63,49,3,'1979-05-16 13:21:18','1997-10-27 12:42:10','1971-07-11 13:49:48','2013-12-25 18:34:11'),(63,70,1,'1975-11-27 20:57:04','1987-11-19 11:27:57','2008-10-13 14:32:47','2020-09-06 18:33:36'),(63,85,2,'1975-04-01 04:35:46','2012-05-21 04:18:27','1984-09-19 22:51:49','2020-09-06 18:33:36'),(64,16,3,'2010-11-10 17:44:38','1987-07-02 23:45:40','1977-02-16 15:09:12','2020-09-06 18:33:36'),(64,38,2,'2004-06-28 18:59:10',NULL,'2020-03-20 11:15:53','1993-09-22 11:58:14'),(64,43,2,'2006-12-15 23:43:57',NULL,'2011-11-26 14:06:58','2020-09-06 18:33:36'),(64,50,1,'2000-05-01 03:36:46',NULL,'2012-12-25 08:07:48','2020-09-06 18:33:36'),(64,87,2,'1971-10-26 10:23:04','1984-05-14 06:47:12','1971-09-16 14:29:34','2020-09-06 18:33:36'),(65,55,3,'2016-11-30 12:24:18','1985-06-19 12:28:21','2014-08-02 03:01:17','2020-09-06 18:33:36'),(67,34,3,'1985-10-17 10:38:32',NULL,'1994-07-02 22:57:56','2020-09-06 18:33:36'),(67,83,3,'1982-06-25 11:46:37',NULL,'2013-11-24 06:52:30','2010-09-03 15:07:40'),(67,109,2,'1997-07-06 14:09:20','2002-09-17 12:27:19','1989-01-11 21:56:16','2020-09-06 18:33:36'),(68,63,3,'1979-08-17 19:08:32',NULL,'1977-08-03 16:51:43','1977-12-01 20:15:15'),(68,75,3,'1999-02-22 07:20:03','2003-03-23 08:41:15','2013-06-15 21:56:32','2020-09-06 18:33:36'),(68,81,3,'1996-04-20 20:31:13','1977-06-12 17:39:09','1981-09-10 17:28:47','1991-04-01 20:07:01'),(69,48,3,'2018-11-23 03:09:04',NULL,'1975-06-27 18:33:08','2020-09-06 18:33:36'),(71,100,1,'1994-09-14 15:30:26',NULL,'1990-07-04 15:37:59','2020-09-06 18:33:36'),(72,73,3,'2011-09-23 01:47:25','1973-12-27 19:30:07','1992-07-07 07:38:45','2020-09-06 18:33:36'),(73,41,2,'2010-07-07 19:57:22',NULL,'2019-12-26 23:59:45','2020-09-06 18:33:36'),(74,17,3,'2015-12-14 20:06:23','2005-07-30 07:50:57','1975-11-15 02:40:49','2020-09-06 18:33:36'),(74,34,1,'2011-07-22 01:17:20',NULL,'2016-07-27 10:32:42','2020-09-06 18:33:36'),(74,59,2,'1976-06-26 22:39:04',NULL,'1970-04-21 04:11:04','2020-09-06 18:33:36'),(75,22,1,'2012-08-04 17:45:41','1990-09-19 08:49:16','2010-07-23 06:49:00','2020-09-06 18:33:36'),(75,44,3,'1989-01-02 12:42:57','2002-06-30 12:03:35','2010-07-18 04:29:23','1999-04-09 02:40:27'),(75,95,1,'1991-07-12 20:05:37',NULL,'1987-02-11 05:01:45','2020-09-06 18:33:36'),(77,11,2,'1974-08-14 03:27:14',NULL,'1982-08-01 07:49:49','1970-09-02 21:31:02'),(79,81,2,'1997-11-03 15:53:17',NULL,'1993-11-25 21:30:25','2020-09-06 18:33:36'),(80,110,2,'1991-03-28 08:11:43',NULL,'1972-10-19 18:57:13','1980-05-14 10:33:23'),(82,18,2,'1986-06-10 05:36:50',NULL,'2006-11-05 05:50:28','2020-09-06 18:33:36'),(82,67,3,'1979-02-26 03:03:11',NULL,'2015-12-30 17:34:44','1972-06-15 05:58:08'),(82,107,3,'2012-05-26 06:55:09','2018-01-13 13:30:58','1996-09-05 09:44:51','2020-09-06 18:33:36'),(83,17,1,'1997-04-27 04:45:42','2011-10-20 05:55:51','1991-06-20 09:42:53','2009-09-18 04:18:56'),(83,64,3,'1998-06-25 16:33:14','1988-05-30 11:59:11','1973-11-22 08:08:19','1973-03-30 20:26:48'),(83,105,1,'1996-02-06 04:59:16',NULL,'2014-01-21 04:55:31','2020-09-06 18:33:36'),(84,71,3,'2020-01-25 03:55:17',NULL,'2016-12-20 21:54:50','2014-12-19 09:56:26'),(85,17,1,'1981-01-24 11:35:41','2019-09-02 01:53:33','2008-10-19 21:21:59','2020-09-06 18:33:36'),(85,36,1,'1997-06-08 23:05:28',NULL,'2014-07-23 01:17:55','2020-09-06 18:33:36'),(85,83,2,'1987-05-15 00:04:22',NULL,'1996-08-19 12:02:45','2020-09-06 18:33:36'),(85,99,1,'2013-09-19 17:45:41','1983-06-11 06:05:24','1996-10-10 03:29:40','2020-09-06 18:33:36'),(87,5,1,'1970-06-12 19:19:31',NULL,'2001-07-20 19:34:59','2020-09-06 18:33:36'),(87,10,1,'1971-08-21 20:52:21','2003-05-09 09:16:27','2020-06-14 12:47:50','2020-09-06 18:33:36'),(87,39,3,'1979-08-02 12:34:51',NULL,'2000-12-25 13:06:06','2018-04-23 08:15:42'),(88,18,1,'1995-06-28 13:49:14','1982-06-23 08:28:36','2019-01-25 04:35:00','2020-09-06 18:33:36'),(88,27,1,'1980-05-24 16:15:25','2012-08-16 21:37:27','1981-01-25 19:47:51','2020-09-06 18:33:36'),(88,43,1,'1999-05-01 05:12:17','1973-04-10 10:05:17','2014-10-05 09:02:39','1979-05-01 05:53:48'),(88,61,1,'1987-05-30 12:44:32',NULL,'1985-10-13 18:36:13','1974-01-22 17:15:36'),(88,82,1,'1976-07-30 22:10:00','2014-10-31 10:05:30','1983-10-03 07:46:41','2020-09-06 18:33:36'),(89,26,1,'2007-08-15 10:06:47','1985-01-30 18:37:06','1980-06-27 18:14:22','2012-03-18 19:40:18'),(89,104,1,'1995-01-21 04:01:24','2007-03-03 15:48:59','1977-02-14 18:38:22','2020-09-06 18:33:36'),(90,75,1,'1970-07-09 04:36:32','1973-09-27 12:52:29','2005-10-11 14:46:10','2020-09-06 18:33:36'),(91,20,2,'2020-02-12 01:54:10',NULL,'2016-12-31 23:17:53','2020-09-06 18:33:36'),(91,41,2,'2017-12-06 23:56:02',NULL,'1970-03-26 23:01:25','2020-09-06 18:33:36'),(92,1,3,'1974-12-31 17:19:33','1979-12-10 01:00:17','1997-01-19 07:01:35','2020-09-06 18:33:36'),(92,19,2,'2017-02-25 20:57:59',NULL,'1971-11-19 12:16:12','2020-09-06 18:33:36'),(92,45,1,'1995-10-26 13:24:12','2002-02-02 12:27:39','1982-11-06 12:51:15','2020-09-06 18:33:36'),(92,59,3,'1979-08-23 05:04:52',NULL,'1977-08-07 03:52:22','2020-09-06 18:33:36'),(92,104,2,'1986-07-28 05:31:45',NULL,'1993-05-22 15:36:03','2020-09-06 18:33:36'),(93,18,3,'1994-11-15 02:47:26','1980-05-22 13:44:47','2000-05-04 21:16:17','2000-05-05 23:11:18'),(93,39,3,'1970-02-04 02:32:40','2005-04-09 06:10:52','1973-02-04 02:34:01','2020-09-06 18:33:36'),(93,78,2,'2002-05-19 12:11:41','1974-02-04 12:25:58','1974-01-19 09:49:53','1989-09-20 04:23:17'),(94,38,1,'2000-11-29 20:59:35','2005-01-14 08:03:02','2005-06-08 22:21:13','2020-09-06 18:33:36'),(95,16,3,'2012-04-30 22:34:47',NULL,'2019-05-25 02:15:12','2020-09-06 18:33:36'),(95,38,1,'2018-03-02 09:34:51','1973-11-27 03:33:27','1990-06-29 06:16:33','2020-09-06 18:33:36'),(95,107,3,'2000-12-08 15:17:58',NULL,'1971-02-09 07:05:26','2020-09-06 18:33:36'),(96,10,2,'2005-07-28 23:16:47','1981-04-10 19:14:53','1986-01-27 23:13:27','2020-09-06 18:33:36'),(96,11,2,'1988-11-02 18:10:36','2014-08-02 04:57:46','1979-01-18 00:53:56','2020-09-06 18:33:36'),(96,61,1,'2012-07-31 08:40:45','2016-11-05 11:40:27','1991-11-21 08:19:34','2020-09-06 18:33:36'),(97,56,3,'1995-02-25 03:10:20',NULL,'1992-09-03 02:29:05','2020-09-06 18:33:36'),(97,78,1,'2001-05-09 03:44:15',NULL,'1994-05-04 21:38:34','2014-01-15 03:23:44'),(97,83,1,'1975-03-21 07:17:31',NULL,'1997-05-18 00:08:04','2020-09-06 18:33:36'),(98,26,3,'2009-10-26 12:43:12','1975-12-24 20:09:26','1978-11-19 16:16:52','2020-09-06 18:33:36'),(98,27,2,'1989-05-23 09:55:21',NULL,'1989-11-27 14:27:58','2020-09-06 18:33:36'),(98,46,2,'2005-03-03 20:05:32',NULL,'1975-11-20 04:48:29','2005-01-20 00:46:44'),(98,53,1,'2008-02-04 20:08:18',NULL,'2020-03-07 01:15:49','2020-09-06 18:33:36'),(98,102,3,'1980-02-18 10:10:08','1978-06-27 09:13:56','1999-09-16 03:54:20','2020-09-06 18:33:36'),(99,68,1,'1989-12-18 01:20:04',NULL,'1984-08-19 23:20:16','2020-09-06 18:33:36'),(99,83,2,'1977-04-27 12:13:45',NULL,'1975-11-30 03:06:28','2020-09-06 18:33:36'),(100,32,1,'2019-03-19 22:59:11',NULL,'1994-10-07 20:53:31','2020-09-06 18:33:36'),(102,106,3,'1971-09-14 03:33:05','1975-07-10 12:28:18','1993-03-28 06:01:59','2020-09-06 18:33:36'),(103,3,3,'1979-08-09 05:36:28',NULL,'1976-09-22 09:22:04','2020-09-06 18:33:36'),(103,23,3,'2016-06-16 14:18:33','1976-02-13 03:05:21','2020-02-14 02:34:38','1975-08-03 07:45:02'),(103,44,3,'1991-12-26 13:24:02',NULL,'2010-02-16 23:17:00','2017-11-17 19:47:51'),(105,56,2,'1999-03-10 15:48:13',NULL,'2012-03-19 09:03:48','2020-09-06 18:33:36'),(106,57,1,'1981-06-15 22:58:39','1971-04-16 14:20:11','2007-08-22 23:54:30','2020-09-06 18:33:36'),(106,62,3,'1978-10-16 19:34:11',NULL,'2000-05-04 06:41:46','2020-09-06 18:33:36'),(106,99,1,'1988-06-03 13:41:45','2001-08-12 14:18:50','2000-11-01 11:02:54','2020-09-06 18:33:36'),(107,16,2,'2004-05-08 05:53:20','2018-03-11 06:44:50','2016-03-07 21:24:49','2010-09-11 00:26:45'),(107,90,3,'1989-07-13 10:34:52',NULL,'1981-07-14 12:38:05','2020-09-06 18:33:36'),(108,22,1,'1981-12-11 23:00:23',NULL,'1973-12-03 03:17:59','2020-09-06 18:33:36'),(108,43,2,'1975-09-10 19:32:56',NULL,'1974-01-27 17:39:44','2020-09-06 18:33:36'),(109,53,3,'2020-07-09 08:24:06',NULL,'1992-11-10 01:33:41','2020-09-06 18:33:36'),(110,56,2,'2003-06-22 03:17:47',NULL,'2018-02-03 23:49:59','2020-09-06 18:33:36'),(110,82,1,'2019-04-01 23:55:05','1987-04-10 21:57:34','1996-10-17 08:31:44','2020-09-06 18:33:36');
/*!40000 ALTER TABLE `friendship` ENABLE KEYS */;
UNLOCK TABLES;

--
-- Table structure for table `friendship_statuses`
--

DROP TABLE IF EXISTS `friendship_statuses`;
/*!40101 SET @saved_cs_client     = @@character_set_client */;
/*!50503 SET character_set_client = utf8mb4 */;
CREATE TABLE `friendship_statuses` (
  `id` int unsigned NOT NULL AUTO_INCREMENT COMMENT 'Идентификатор строки',
  `name` varchar(150) NOT NULL COMMENT 'Название статуса',
  `created_at` datetime DEFAULT CURRENT_TIMESTAMP COMMENT 'Время создания строки',
  `updated_at` datetime DEFAULT CURRENT_TIMESTAMP ON UPDATE CURRENT_TIMESTAMP COMMENT 'Время обновления строки',
  PRIMARY KEY (`id`),
  UNIQUE KEY `name` (`name`)
) ENGINE=InnoDB AUTO_INCREMENT=4 DEFAULT CHARSET=utf8mb4 COLLATE=utf8mb4_0900_ai_ci COMMENT='Статусы дружбы';
/*!40101 SET character_set_client = @saved_cs_client */;

--
-- Dumping data for table `friendship_statuses`
--

LOCK TABLES `friendship_statuses` WRITE;
/*!40000 ALTER TABLE `friendship_statuses` DISABLE KEYS */;
INSERT INTO `friendship_statuses` VALUES (1,'Requested','2020-09-06 18:33:31','2020-09-06 18:33:31'),(2,'Confirmed','2020-09-06 18:33:31','2020-09-06 18:33:31'),(3,'Rejected','2020-09-06 18:33:31','2020-09-06 18:33:31');
/*!40000 ALTER TABLE `friendship_statuses` ENABLE KEYS */;
UNLOCK TABLES;

--
-- Table structure for table `likes`
--

DROP TABLE IF EXISTS `likes`;
/*!40101 SET @saved_cs_client     = @@character_set_client */;
/*!50503 SET character_set_client = utf8mb4 */;
CREATE TABLE `likes` (
  `id` int unsigned NOT NULL AUTO_INCREMENT,
  `user_id` int unsigned NOT NULL,
  `target_id` int unsigned NOT NULL,
  `target_type_id` int unsigned NOT NULL,
  `created_at` datetime DEFAULT CURRENT_TIMESTAMP,
  PRIMARY KEY (`id`),
  KEY `likes_user_id_fk` (`user_id`),
  KEY `target_types_id_fk` (`target_type_id`),
  CONSTRAINT `likes_user_id_fk` FOREIGN KEY (`user_id`) REFERENCES `users` (`id`) ON DELETE CASCADE,
  CONSTRAINT `target_types_id_fk` FOREIGN KEY (`target_type_id`) REFERENCES `target_types` (`id`)
) ENGINE=InnoDB AUTO_INCREMENT=501 DEFAULT CHARSET=utf8mb4 COLLATE=utf8mb4_0900_ai_ci;
/*!40101 SET character_set_client = @saved_cs_client */;

--
-- Dumping data for table `likes`
--

LOCK TABLES `likes` WRITE;
/*!40000 ALTER TABLE `likes` DISABLE KEYS */;
INSERT INTO `likes` VALUES (1,1,10,2,'2020-09-07 04:13:59'),(2,97,49,3,'2020-09-07 04:13:59'),(3,9,90,1,'2020-09-07 04:13:59'),(4,41,40,3,'2020-09-07 04:13:59'),(5,50,26,4,'2020-09-07 04:13:59'),(6,33,18,4,'2020-09-07 04:13:59'),(7,92,90,4,'2020-09-07 04:13:59'),(8,11,27,4,'2020-09-07 04:13:59'),(9,11,60,3,'2020-09-07 04:13:59'),(10,44,26,4,'2020-09-07 04:13:59'),(11,11,60,3,'2020-09-07 04:13:59'),(12,47,37,2,'2020-09-07 04:13:59'),(13,15,37,2,'2020-09-07 04:13:59'),(14,91,32,4,'2020-09-07 04:13:59'),(15,36,19,4,'2020-09-07 04:13:59'),(16,73,6,1,'2020-09-07 04:13:59'),(17,28,13,4,'2020-09-07 04:13:59'),(18,57,45,3,'2020-09-07 04:13:59'),(19,46,60,3,'2020-09-07 04:13:59'),(20,31,67,2,'2020-09-07 04:13:59'),(21,9,18,3,'2020-09-07 04:13:59'),(22,63,24,2,'2020-09-07 04:13:59'),(23,86,34,1,'2020-09-07 04:13:59'),(24,52,25,3,'2020-09-07 04:13:59'),(25,79,83,4,'2020-09-07 04:13:59'),(26,29,16,4,'2020-09-07 04:13:59'),(27,18,8,4,'2020-09-07 04:13:59'),(28,17,18,2,'2020-09-07 04:13:59'),(29,35,60,4,'2020-09-07 04:13:59'),(30,6,36,3,'2020-09-07 04:13:59'),(31,4,34,3,'2020-09-07 04:13:59'),(32,72,97,3,'2020-09-07 04:13:59'),(33,47,32,1,'2020-09-07 04:13:59'),(34,87,84,3,'2020-09-07 04:13:59'),(35,44,43,4,'2020-09-07 04:13:59'),(36,85,73,1,'2020-09-07 04:13:59'),(37,42,70,1,'2020-09-07 04:13:59'),(38,10,78,3,'2020-09-07 04:13:59'),(39,70,66,1,'2020-09-07 04:13:59'),(40,6,66,1,'2020-09-07 04:13:59'),(41,54,38,2,'2020-09-07 04:13:59'),(42,22,28,3,'2020-09-07 04:13:59'),(43,87,13,1,'2020-09-07 04:13:59'),(44,77,75,2,'2020-09-07 04:13:59'),(45,95,44,2,'2020-09-07 04:13:59'),(46,23,23,2,'2020-09-07 04:13:59'),(47,61,67,2,'2020-09-07 04:13:59'),(48,44,75,2,'2020-09-07 04:13:59'),(49,74,52,2,'2020-09-07 04:13:59'),(50,32,44,2,'2020-09-07 04:13:59'),(51,99,16,4,'2020-09-07 04:13:59'),(52,54,30,4,'2020-09-07 04:13:59'),(53,43,53,2,'2020-09-07 04:13:59'),(54,32,42,1,'2020-09-07 04:13:59'),(55,43,73,2,'2020-09-07 04:13:59'),(56,67,23,1,'2020-09-07 04:13:59'),(57,94,31,3,'2020-09-07 04:13:59'),(58,70,30,2,'2020-09-07 04:13:59'),(59,9,27,1,'2020-09-07 04:13:59'),(60,44,4,4,'2020-09-07 04:13:59'),(61,30,84,2,'2020-09-07 04:13:59'),(62,93,77,1,'2020-09-07 04:13:59'),(63,4,97,3,'2020-09-07 04:13:59'),(64,77,63,4,'2020-09-07 04:13:59'),(65,21,58,1,'2020-09-07 04:13:59'),(66,54,91,4,'2020-09-07 04:13:59'),(67,4,34,3,'2020-09-07 04:13:59'),(68,74,5,1,'2020-09-07 04:13:59'),(69,95,69,3,'2020-09-07 04:13:59'),(70,92,80,1,'2020-09-07 04:13:59'),(71,66,65,2,'2020-09-07 04:13:59'),(72,41,24,4,'2020-09-07 04:13:59'),(73,97,4,2,'2020-09-07 04:13:59'),(74,34,83,1,'2020-09-07 04:13:59'),(75,4,88,2,'2020-09-07 04:13:59'),(76,73,81,4,'2020-09-07 04:13:59'),(77,94,5,2,'2020-09-07 04:13:59'),(78,8,4,4,'2020-09-07 04:13:59'),(79,59,12,4,'2020-09-07 04:13:59'),(80,71,11,2,'2020-09-07 04:13:59'),(81,79,67,4,'2020-09-07 04:13:59'),(82,87,41,2,'2020-09-07 04:13:59'),(83,3,76,3,'2020-09-07 04:13:59'),(84,29,30,3,'2020-09-07 04:13:59'),(85,15,94,1,'2020-09-07 04:13:59'),(86,31,88,2,'2020-09-07 04:13:59'),(87,57,50,4,'2020-09-07 04:13:59'),(88,52,16,1,'2020-09-07 04:13:59'),(89,71,81,4,'2020-09-07 04:13:59'),(90,27,53,4,'2020-09-07 04:13:59'),(91,53,15,1,'2020-09-07 04:13:59'),(92,39,44,1,'2020-09-07 04:13:59'),(93,85,12,1,'2020-09-07 04:13:59'),(94,92,42,2,'2020-09-07 04:13:59'),(95,48,35,2,'2020-09-07 04:13:59'),(96,45,33,2,'2020-09-07 04:13:59'),(97,52,67,4,'2020-09-07 04:13:59'),(98,97,46,2,'2020-09-07 04:13:59'),(99,56,62,2,'2020-09-07 04:13:59'),(100,26,2,2,'2020-09-07 04:13:59'),(101,53,67,4,'2020-09-07 04:13:59'),(102,90,12,4,'2020-09-07 04:13:59'),(103,13,97,2,'2020-09-07 04:13:59'),(104,28,9,3,'2020-09-07 04:13:59'),(105,69,69,2,'2020-09-07 04:13:59'),(106,63,14,4,'2020-09-07 04:13:59'),(107,60,58,1,'2020-09-07 04:13:59'),(108,73,36,3,'2020-09-07 04:13:59'),(109,95,93,4,'2020-09-07 04:13:59'),(110,20,61,2,'2020-09-07 04:13:59'),(111,42,71,2,'2020-09-07 04:13:59'),(112,41,12,2,'2020-09-07 04:13:59'),(113,37,82,4,'2020-09-07 04:13:59'),(114,42,18,3,'2020-09-07 04:13:59'),(115,56,93,4,'2020-09-07 04:13:59'),(116,98,3,1,'2020-09-07 04:13:59'),(117,4,48,2,'2020-09-07 04:13:59'),(118,9,53,2,'2020-09-07 04:13:59'),(119,18,83,3,'2020-09-07 04:13:59'),(120,60,15,4,'2020-09-07 04:13:59'),(121,28,56,4,'2020-09-07 04:13:59'),(122,95,99,1,'2020-09-07 04:13:59'),(123,53,33,1,'2020-09-07 04:13:59'),(124,24,5,3,'2020-09-07 04:13:59'),(125,52,1,2,'2020-09-07 04:13:59'),(126,29,7,2,'2020-09-07 04:13:59'),(127,14,29,1,'2020-09-07 04:13:59'),(128,20,97,1,'2020-09-07 04:13:59'),(129,20,35,1,'2020-09-07 04:13:59'),(130,55,38,2,'2020-09-07 04:13:59'),(131,13,88,4,'2020-09-07 04:13:59'),(132,31,59,4,'2020-09-07 04:13:59'),(133,23,14,1,'2020-09-07 04:13:59'),(134,67,30,2,'2020-09-07 04:13:59'),(135,51,11,4,'2020-09-07 04:13:59'),(136,64,19,1,'2020-09-07 04:13:59'),(137,67,18,4,'2020-09-07 04:13:59'),(138,94,2,2,'2020-09-07 04:13:59'),(139,23,36,1,'2020-09-07 04:13:59'),(140,46,97,2,'2020-09-07 04:13:59'),(141,32,27,2,'2020-09-07 04:13:59'),(142,1,94,3,'2020-09-07 04:13:59'),(143,65,13,3,'2020-09-07 04:13:59'),(144,15,62,3,'2020-09-07 04:13:59'),(145,32,67,2,'2020-09-07 04:13:59'),(146,4,97,3,'2020-09-07 04:13:59'),(147,70,33,3,'2020-09-07 04:13:59'),(148,62,52,4,'2020-09-07 04:13:59'),(149,22,83,2,'2020-09-07 04:13:59'),(150,95,29,3,'2020-09-07 04:13:59'),(151,2,36,3,'2020-09-07 04:13:59'),(152,66,2,1,'2020-09-07 04:13:59'),(153,59,55,4,'2020-09-07 04:13:59'),(154,30,50,3,'2020-09-07 04:13:59'),(155,60,14,4,'2020-09-07 04:13:59'),(156,6,60,4,'2020-09-07 04:13:59'),(157,18,53,1,'2020-09-07 04:13:59'),(158,83,91,1,'2020-09-07 04:13:59'),(159,56,61,2,'2020-09-07 04:13:59'),(160,6,15,3,'2020-09-07 04:13:59'),(161,34,4,1,'2020-09-07 04:13:59'),(162,73,11,2,'2020-09-07 04:13:59'),(163,54,59,2,'2020-09-07 04:13:59'),(164,69,55,3,'2020-09-07 04:13:59'),(165,86,18,2,'2020-09-07 04:13:59'),(166,11,56,2,'2020-09-07 04:13:59'),(167,57,49,3,'2020-09-07 04:13:59'),(168,27,8,3,'2020-09-07 04:13:59'),(169,70,74,3,'2020-09-07 04:13:59'),(170,69,69,2,'2020-09-07 04:13:59'),(171,83,1,3,'2020-09-07 04:13:59'),(172,74,4,4,'2020-09-07 04:13:59'),(173,66,44,1,'2020-09-07 04:13:59'),(174,67,75,3,'2020-09-07 04:13:59'),(175,43,92,2,'2020-09-07 04:13:59'),(176,76,90,1,'2020-09-07 04:13:59'),(177,32,98,4,'2020-09-07 04:13:59'),(178,66,53,3,'2020-09-07 04:13:59'),(179,74,70,1,'2020-09-07 04:13:59'),(180,16,7,4,'2020-09-07 04:13:59'),(181,95,25,2,'2020-09-07 04:13:59'),(182,19,79,2,'2020-09-07 04:13:59'),(183,42,100,4,'2020-09-07 04:13:59'),(184,79,67,4,'2020-09-07 04:13:59'),(185,91,60,2,'2020-09-07 04:13:59'),(186,50,71,1,'2020-09-07 04:13:59'),(187,1,98,4,'2020-09-07 04:13:59'),(188,33,6,2,'2020-09-07 04:13:59'),(189,39,98,3,'2020-09-07 04:13:59'),(190,82,82,3,'2020-09-07 04:13:59'),(191,65,41,1,'2020-09-07 04:13:59'),(192,6,14,3,'2020-09-07 04:13:59'),(193,17,30,4,'2020-09-07 04:13:59'),(194,100,5,1,'2020-09-07 04:13:59'),(195,98,20,1,'2020-09-07 04:13:59'),(196,78,68,1,'2020-09-07 04:13:59'),(197,16,65,4,'2020-09-07 04:13:59'),(198,2,69,2,'2020-09-07 04:13:59'),(199,84,6,4,'2020-09-07 04:13:59'),(200,73,28,1,'2020-09-07 04:13:59'),(201,14,12,1,'2020-09-07 04:13:59'),(202,54,15,1,'2020-09-07 04:13:59'),(203,10,17,3,'2020-09-07 04:13:59'),(204,20,36,1,'2020-09-07 04:13:59'),(205,82,57,2,'2020-09-07 04:13:59'),(206,20,83,3,'2020-09-07 04:13:59'),(207,21,42,2,'2020-09-07 04:13:59'),(208,8,97,3,'2020-09-07 04:13:59'),(209,20,12,1,'2020-09-07 04:13:59'),(210,71,48,2,'2020-09-07 04:13:59'),(211,98,4,1,'2020-09-07 04:13:59'),(212,7,63,4,'2020-09-07 04:13:59'),(213,75,95,2,'2020-09-07 04:13:59'),(214,62,61,1,'2020-09-07 04:13:59'),(215,1,56,3,'2020-09-07 04:13:59'),(216,5,99,4,'2020-09-07 04:13:59'),(217,12,13,2,'2020-09-07 04:13:59'),(218,9,53,2,'2020-09-07 04:13:59'),(219,42,90,1,'2020-09-07 04:13:59'),(220,33,4,1,'2020-09-07 04:13:59'),(221,80,45,4,'2020-09-07 04:13:59'),(222,93,7,3,'2020-09-07 04:13:59'),(223,49,83,3,'2020-09-07 04:13:59'),(224,94,61,1,'2020-09-07 04:13:59'),(225,28,71,3,'2020-09-07 04:13:59'),(226,56,57,1,'2020-09-07 04:13:59'),(227,2,67,2,'2020-09-07 04:13:59'),(228,34,90,2,'2020-09-07 04:13:59'),(229,68,95,3,'2020-09-07 04:13:59'),(230,71,42,4,'2020-09-07 04:13:59'),(231,48,57,2,'2020-09-07 04:13:59'),(232,19,81,2,'2020-09-07 04:13:59'),(233,98,46,2,'2020-09-07 04:13:59'),(234,25,27,3,'2020-09-07 04:13:59'),(235,13,88,1,'2020-09-07 04:13:59'),(236,46,21,3,'2020-09-07 04:13:59'),(237,78,84,4,'2020-09-07 04:13:59'),(238,83,52,1,'2020-09-07 04:13:59'),(239,1,68,2,'2020-09-07 04:13:59'),(240,86,15,1,'2020-09-07 04:13:59'),(241,44,64,4,'2020-09-07 04:13:59'),(242,51,86,4,'2020-09-07 04:13:59'),(243,33,29,2,'2020-09-07 04:13:59'),(244,39,57,3,'2020-09-07 04:13:59'),(245,72,51,2,'2020-09-07 04:13:59'),(246,54,45,3,'2020-09-07 04:13:59'),(247,72,74,3,'2020-09-07 04:13:59'),(248,58,22,2,'2020-09-07 04:13:59'),(249,6,27,1,'2020-09-07 04:13:59'),(250,5,70,2,'2020-09-07 04:13:59'),(251,76,65,4,'2020-09-07 04:13:59'),(252,97,88,3,'2020-09-07 04:13:59'),(253,88,88,3,'2020-09-07 04:13:59'),(254,4,99,4,'2020-09-07 04:13:59'),(255,8,99,3,'2020-09-07 04:13:59'),(256,41,3,4,'2020-09-07 04:13:59'),(257,51,79,2,'2020-09-07 04:13:59'),(258,72,31,2,'2020-09-07 04:13:59'),(259,11,30,1,'2020-09-07 04:13:59'),(260,95,22,2,'2020-09-07 04:13:59'),(261,65,44,1,'2020-09-07 04:13:59'),(262,86,61,2,'2020-09-07 04:13:59'),(263,40,64,1,'2020-09-07 04:13:59'),(264,14,65,4,'2020-09-07 04:13:59'),(265,25,72,4,'2020-09-07 04:13:59'),(266,12,2,3,'2020-09-07 04:13:59'),(267,61,83,2,'2020-09-07 04:13:59'),(268,15,77,2,'2020-09-07 04:13:59'),(269,61,89,3,'2020-09-07 04:13:59'),(270,35,95,3,'2020-09-07 04:13:59'),(271,57,80,2,'2020-09-07 04:13:59'),(272,95,95,4,'2020-09-07 04:13:59'),(273,52,97,2,'2020-09-07 04:13:59'),(274,52,73,1,'2020-09-07 04:13:59'),(275,20,76,1,'2020-09-07 04:13:59'),(276,67,76,4,'2020-09-07 04:13:59'),(277,75,32,2,'2020-09-07 04:13:59'),(278,79,87,4,'2020-09-07 04:13:59'),(279,38,88,2,'2020-09-07 04:13:59'),(280,67,55,3,'2020-09-07 04:13:59'),(281,6,6,1,'2020-09-07 04:13:59'),(282,41,67,1,'2020-09-07 04:13:59'),(283,58,55,4,'2020-09-07 04:13:59'),(284,28,44,2,'2020-09-07 04:13:59'),(285,40,95,3,'2020-09-07 04:13:59'),(286,83,56,2,'2020-09-07 04:13:59'),(287,78,1,3,'2020-09-07 04:13:59'),(288,60,80,1,'2020-09-07 04:13:59'),(289,52,5,3,'2020-09-07 04:13:59'),(290,26,25,2,'2020-09-07 04:13:59'),(291,46,99,3,'2020-09-07 04:13:59'),(292,87,63,3,'2020-09-07 04:13:59'),(293,81,42,3,'2020-09-07 04:13:59'),(294,11,52,2,'2020-09-07 04:13:59'),(295,73,87,1,'2020-09-07 04:13:59'),(296,20,52,4,'2020-09-07 04:13:59'),(297,39,95,3,'2020-09-07 04:13:59'),(298,6,54,3,'2020-09-07 04:13:59'),(299,1,45,1,'2020-09-07 04:13:59'),(300,68,79,4,'2020-09-07 04:13:59'),(301,17,11,1,'2020-09-07 04:13:59'),(302,84,9,4,'2020-09-07 04:13:59'),(303,34,94,3,'2020-09-07 04:13:59'),(304,50,52,1,'2020-09-07 04:13:59'),(305,88,12,4,'2020-09-07 04:13:59'),(306,50,55,2,'2020-09-07 04:13:59'),(307,69,62,1,'2020-09-07 04:13:59'),(308,38,73,2,'2020-09-07 04:13:59'),(309,31,7,2,'2020-09-07 04:13:59'),(310,74,52,2,'2020-09-07 04:13:59'),(311,27,24,2,'2020-09-07 04:13:59'),(312,20,85,3,'2020-09-07 04:13:59'),(313,64,29,3,'2020-09-07 04:13:59'),(314,78,30,1,'2020-09-07 04:13:59'),(315,93,15,4,'2020-09-07 04:13:59'),(316,27,49,3,'2020-09-07 04:13:59'),(317,82,12,1,'2020-09-07 04:13:59'),(318,31,16,4,'2020-09-07 04:13:59'),(319,75,18,3,'2020-09-07 04:13:59'),(320,84,16,2,'2020-09-07 04:13:59'),(321,91,70,4,'2020-09-07 04:13:59'),(322,79,59,3,'2020-09-07 04:13:59'),(323,12,84,4,'2020-09-07 04:13:59'),(324,72,7,1,'2020-09-07 04:13:59'),(325,56,33,4,'2020-09-07 04:13:59'),(326,76,97,3,'2020-09-07 04:13:59'),(327,83,48,4,'2020-09-07 04:13:59'),(328,16,1,3,'2020-09-07 04:13:59'),(329,85,52,1,'2020-09-07 04:13:59'),(330,65,11,3,'2020-09-07 04:13:59'),(331,60,23,2,'2020-09-07 04:13:59'),(332,3,13,3,'2020-09-07 04:13:59'),(333,29,85,2,'2020-09-07 04:13:59'),(334,26,20,1,'2020-09-07 04:13:59'),(335,55,3,3,'2020-09-07 04:13:59'),(336,52,1,2,'2020-09-07 04:13:59'),(337,33,24,1,'2020-09-07 04:13:59'),(338,37,19,4,'2020-09-07 04:13:59'),(339,54,22,2,'2020-09-07 04:13:59'),(340,72,17,3,'2020-09-07 04:13:59'),(341,84,17,2,'2020-09-07 04:13:59'),(342,10,55,2,'2020-09-07 04:13:59'),(343,49,15,2,'2020-09-07 04:13:59'),(344,90,67,3,'2020-09-07 04:13:59'),(345,26,33,4,'2020-09-07 04:13:59'),(346,38,25,1,'2020-09-07 04:13:59'),(347,83,79,2,'2020-09-07 04:13:59'),(348,88,5,3,'2020-09-07 04:13:59'),(349,82,32,1,'2020-09-07 04:13:59'),(350,63,79,1,'2020-09-07 04:13:59'),(351,99,73,3,'2020-09-07 04:13:59'),(352,7,40,4,'2020-09-07 04:13:59'),(353,63,84,2,'2020-09-07 04:13:59'),(354,13,63,4,'2020-09-07 04:13:59'),(355,95,45,2,'2020-09-07 04:13:59'),(356,55,60,2,'2020-09-07 04:13:59'),(357,99,85,2,'2020-09-07 04:13:59'),(358,85,41,2,'2020-09-07 04:13:59'),(359,22,61,2,'2020-09-07 04:13:59'),(360,14,51,1,'2020-09-07 04:13:59'),(361,15,35,2,'2020-09-07 04:13:59'),(362,29,64,2,'2020-09-07 04:13:59'),(363,72,59,4,'2020-09-07 04:13:59'),(364,22,69,4,'2020-09-07 04:13:59'),(365,86,96,1,'2020-09-07 04:13:59'),(366,3,60,4,'2020-09-07 04:13:59'),(367,70,80,4,'2020-09-07 04:13:59'),(368,1,38,4,'2020-09-07 04:13:59'),(369,23,53,4,'2020-09-07 04:13:59'),(370,10,67,1,'2020-09-07 04:13:59'),(371,26,12,4,'2020-09-07 04:13:59'),(372,82,58,2,'2020-09-07 04:13:59'),(373,49,11,1,'2020-09-07 04:13:59'),(374,92,47,3,'2020-09-07 04:13:59'),(375,40,32,2,'2020-09-07 04:13:59'),(376,91,42,2,'2020-09-07 04:13:59'),(377,64,4,2,'2020-09-07 04:13:59'),(378,30,64,2,'2020-09-07 04:13:59'),(379,52,74,1,'2020-09-07 04:13:59'),(380,51,8,4,'2020-09-07 04:13:59'),(381,14,5,4,'2020-09-07 04:13:59'),(382,100,51,3,'2020-09-07 04:13:59'),(383,17,22,3,'2020-09-07 04:13:59'),(384,36,96,3,'2020-09-07 04:13:59'),(385,70,34,3,'2020-09-07 04:13:59'),(386,95,96,4,'2020-09-07 04:13:59'),(387,91,64,2,'2020-09-07 04:13:59'),(388,57,33,4,'2020-09-07 04:13:59'),(389,78,1,3,'2020-09-07 04:13:59'),(390,51,42,3,'2020-09-07 04:13:59'),(391,64,42,1,'2020-09-07 04:13:59'),(392,77,23,4,'2020-09-07 04:13:59'),(393,46,80,3,'2020-09-07 04:13:59'),(394,60,18,1,'2020-09-07 04:13:59'),(395,2,73,3,'2020-09-07 04:13:59'),(396,90,62,2,'2020-09-07 04:13:59'),(397,8,24,4,'2020-09-07 04:13:59'),(398,10,58,3,'2020-09-07 04:13:59'),(399,22,31,4,'2020-09-07 04:13:59'),(400,59,20,1,'2020-09-07 04:13:59'),(401,65,51,3,'2020-09-07 04:13:59'),(402,33,93,3,'2020-09-07 04:13:59'),(403,49,48,4,'2020-09-07 04:13:59'),(404,19,15,1,'2020-09-07 04:13:59'),(405,52,2,3,'2020-09-07 04:13:59'),(406,63,54,4,'2020-09-07 04:13:59'),(407,25,93,4,'2020-09-07 04:13:59'),(408,59,32,4,'2020-09-07 04:13:59'),(409,9,2,4,'2020-09-07 04:13:59'),(410,100,54,3,'2020-09-07 04:13:59'),(411,97,66,2,'2020-09-07 04:13:59'),(412,9,17,3,'2020-09-07 04:13:59'),(413,51,72,1,'2020-09-07 04:13:59'),(414,13,48,4,'2020-09-07 04:13:59'),(415,57,85,3,'2020-09-07 04:13:59'),(416,5,69,2,'2020-09-07 04:13:59'),(417,33,79,4,'2020-09-07 04:13:59'),(418,50,58,2,'2020-09-07 04:13:59'),(419,24,100,2,'2020-09-07 04:13:59'),(420,36,97,4,'2020-09-07 04:13:59'),(421,1,66,2,'2020-09-07 04:13:59'),(422,48,51,1,'2020-09-07 04:13:59'),(423,99,63,1,'2020-09-07 04:13:59'),(424,4,65,1,'2020-09-07 04:13:59'),(425,55,44,3,'2020-09-07 04:13:59'),(426,39,31,2,'2020-09-07 04:13:59'),(427,90,40,2,'2020-09-07 04:13:59'),(428,20,18,2,'2020-09-07 04:13:59'),(429,80,17,2,'2020-09-07 04:13:59'),(430,87,92,4,'2020-09-07 04:13:59'),(431,20,99,2,'2020-09-07 04:13:59'),(432,85,14,1,'2020-09-07 04:13:59'),(433,41,53,2,'2020-09-07 04:13:59'),(434,54,43,2,'2020-09-07 04:13:59'),(435,21,54,1,'2020-09-07 04:13:59'),(436,68,24,1,'2020-09-07 04:13:59'),(437,92,19,1,'2020-09-07 04:13:59'),(438,49,80,3,'2020-09-07 04:13:59'),(439,15,23,3,'2020-09-07 04:13:59'),(440,65,27,2,'2020-09-07 04:13:59'),(441,4,9,2,'2020-09-07 04:13:59'),(442,35,79,4,'2020-09-07 04:13:59'),(443,98,31,3,'2020-09-07 04:13:59'),(444,92,89,3,'2020-09-07 04:13:59'),(445,78,80,3,'2020-09-07 04:13:59'),(446,90,54,4,'2020-09-07 04:13:59'),(447,20,10,4,'2020-09-07 04:13:59'),(448,19,26,3,'2020-09-07 04:13:59'),(449,73,53,2,'2020-09-07 04:13:59'),(450,66,96,4,'2020-09-07 04:13:59'),(451,23,65,3,'2020-09-07 04:13:59'),(452,85,58,2,'2020-09-07 04:13:59'),(453,85,28,4,'2020-09-07 04:13:59'),(454,34,21,1,'2020-09-07 04:13:59'),(455,41,3,4,'2020-09-07 04:13:59'),(456,45,53,2,'2020-09-07 04:13:59'),(457,79,11,1,'2020-09-07 04:13:59'),(458,65,63,1,'2020-09-07 04:13:59'),(459,11,93,2,'2020-09-07 04:13:59'),(460,87,36,1,'2020-09-07 04:13:59'),(461,72,11,2,'2020-09-07 04:13:59'),(462,61,88,3,'2020-09-07 04:13:59'),(463,21,31,4,'2020-09-07 04:13:59'),(464,72,78,3,'2020-09-07 04:13:59'),(465,41,80,4,'2020-09-07 04:13:59'),(466,37,60,4,'2020-09-07 04:13:59'),(467,60,35,4,'2020-09-07 04:13:59'),(468,69,61,4,'2020-09-07 04:13:59'),(469,3,24,1,'2020-09-07 04:13:59'),(470,69,19,4,'2020-09-07 04:13:59'),(471,90,81,2,'2020-09-07 04:13:59'),(472,32,55,4,'2020-09-07 04:13:59'),(473,19,63,3,'2020-09-07 04:13:59'),(474,96,9,3,'2020-09-07 04:13:59'),(475,60,25,2,'2020-09-07 04:13:59'),(476,59,52,4,'2020-09-07 04:13:59'),(477,62,59,1,'2020-09-07 04:13:59'),(478,67,8,2,'2020-09-07 04:13:59'),(479,65,13,3,'2020-09-07 04:13:59'),(480,98,89,2,'2020-09-07 04:13:59'),(481,77,38,3,'2020-09-07 04:13:59'),(482,82,31,1,'2020-09-07 04:13:59'),(483,55,47,3,'2020-09-07 04:13:59'),(484,93,64,2,'2020-09-07 04:13:59'),(485,10,30,1,'2020-09-07 04:13:59'),(486,97,33,3,'2020-09-07 04:13:59'),(487,65,7,2,'2020-09-07 04:13:59'),(488,69,30,2,'2020-09-07 04:13:59'),(489,15,51,1,'2020-09-07 04:13:59'),(490,95,45,2,'2020-09-07 04:13:59'),(491,73,39,3,'2020-09-07 04:13:59'),(492,54,46,3,'2020-09-07 04:13:59'),(493,2,4,1,'2020-09-07 04:13:59'),(494,61,62,1,'2020-09-07 04:13:59'),(495,32,91,3,'2020-09-07 04:13:59'),(496,10,79,3,'2020-09-07 04:13:59'),(497,86,34,1,'2020-09-07 04:13:59'),(498,59,56,1,'2020-09-07 04:13:59'),(499,57,68,3,'2020-09-07 04:13:59'),(500,34,69,2,'2020-09-07 04:13:59');
/*!40000 ALTER TABLE `likes` ENABLE KEYS */;
UNLOCK TABLES;

--
-- Table structure for table `media`
--

DROP TABLE IF EXISTS `media`;
/*!40101 SET @saved_cs_client     = @@character_set_client */;
/*!50503 SET character_set_client = utf8mb4 */;
CREATE TABLE `media` (
  `id` int unsigned NOT NULL AUTO_INCREMENT COMMENT 'Идентификатор строки',
  `user_id` int unsigned NOT NULL COMMENT 'Ссылка на пользователя, который загрузил файл',
  `filepath` varchar(255) NOT NULL COMMENT 'Путь к файлу',
  `size` int NOT NULL COMMENT 'Размер файла',
  `metadata` json DEFAULT NULL COMMENT 'Метаданные файла',
  `media_type_id` int unsigned NOT NULL COMMENT 'Ссылка на тип контента',
  `created_at` datetime DEFAULT CURRENT_TIMESTAMP COMMENT 'Время создания строки',
  `updated_at` datetime DEFAULT CURRENT_TIMESTAMP ON UPDATE CURRENT_TIMESTAMP COMMENT 'Время обновления строки',
  PRIMARY KEY (`id`),
  KEY `media_user_id_fk` (`user_id`),
  KEY `media_type_id_fk` (`media_type_id`),
  CONSTRAINT `media_type_id_fk` FOREIGN KEY (`media_type_id`) REFERENCES `media_types` (`id`),
  CONSTRAINT `media_user_id_fk` FOREIGN KEY (`user_id`) REFERENCES `users` (`id`) ON DELETE CASCADE
) ENGINE=InnoDB AUTO_INCREMENT=59 DEFAULT CHARSET=utf8mb4 COLLATE=utf8mb4_0900_ai_ci COMMENT='Медиафайлы';
/*!40101 SET character_set_client = @saved_cs_client */;

--
-- Dumping data for table `media`
--

LOCK TABLES `media` WRITE;
/*!40000 ALTER TABLE `media` DISABLE KEYS */;
INSERT INTO `media` VALUES (1,68,'ducimus',4234,'{\"owner\": \"Iva Langosh\"}',1,'2017-08-08 15:33:15','2020-09-06 18:26:59'),(2,60,'eum',7700,'{\"owner\": \"Ellis Wisozk\"}',2,'2016-02-02 12:51:33','2020-09-06 18:26:59'),(3,95,'nisi',8498,'{\"owner\": \"Arielle Barton\"}',2,'2019-06-25 07:28:03','2020-09-06 18:26:59'),(4,96,'debitis',8073,'{\"owner\": \"Shannon Kessler\"}',3,'1973-05-12 18:43:11','2020-09-06 18:26:59'),(5,94,'quasi',7224,'{\"owner\": \"Enola Pollich\"}',3,'1985-02-20 20:16:43','2020-09-06 18:26:59'),(6,80,'odit',3733,'{\"owner\": \"Triston Hagenes\"}',2,'1981-04-30 18:48:09','2020-09-06 18:26:59'),(7,19,'harum',6319,'{\"owner\": \"Blaise Moen\"}',3,'1971-05-06 19:01:42','2020-09-06 18:26:59'),(8,56,'illo',9676,'{\"owner\": \"Angela Pacocha\"}',2,'2018-04-30 22:41:04','2020-09-06 18:26:59'),(9,20,'suscipit',2266,'{\"owner\": \"Maegan Adams\"}',3,'1999-07-06 16:36:16','2020-09-06 18:26:59'),(10,31,'aliquam',7539,'{\"owner\": \"Joany Howell\"}',1,'2004-02-22 19:03:14','2020-09-06 18:26:59'),(11,97,'perferendis',9257,'{\"owner\": \"Vern Ferry\"}',2,'2016-01-09 23:10:53','2020-09-06 18:26:59'),(12,90,'et',3435,'{\"owner\": \"Kenneth Funk\"}',3,'2011-12-08 15:10:36','2020-09-06 18:26:59'),(13,58,'maiores',8917,'{\"owner\": \"Owen Corkery\"}',3,'1995-02-28 09:21:33','2020-09-06 18:26:59'),(14,19,'perferendis',8135,'{\"owner\": \"Blaise Moen\"}',3,'1990-05-18 20:18:50','2020-09-06 18:26:59'),(15,21,'reiciendis',1869,'{\"owner\": \"Toy Casper\"}',2,'1973-03-30 13:54:08','2020-09-06 18:26:59'),(16,48,'fugit',5105,'{\"owner\": \"Damien Hayes\"}',1,'2010-07-04 02:34:03','2020-09-06 18:26:59'),(17,76,'nobis',2473,'{\"owner\": \"Mariam Mante\"}',1,'1970-07-24 02:44:27','2020-09-06 18:26:59'),(18,34,'distinctio',4553,'{\"owner\": \"Arnold Watsica\"}',3,'1981-09-25 09:25:07','2020-09-06 18:26:59'),(19,42,'atque',2894,'{\"owner\": \"Precious Flatley\"}',2,'2000-09-16 17:34:42','2020-09-06 18:26:59'),(20,7,'veritatis',8722,'{\"owner\": \"Dillan Yundt\"}',2,'2008-11-05 04:10:05','2020-09-06 18:26:59'),(21,8,'aut',9384,'{\"owner\": \"Ophelia Fritsch\"}',3,'1975-10-24 22:40:34','2020-09-06 18:26:59'),(22,19,'omnis',6105,'{\"owner\": \"Blaise Moen\"}',2,'2015-11-08 02:55:53','2020-09-06 18:26:59'),(23,69,'natus',9027,'{\"owner\": \"Cyrus Rodriguez\"}',1,'1994-01-07 04:46:28','2020-09-06 18:26:59'),(24,91,'tempora',3967,'{\"owner\": \"Violet Wyman\"}',2,'1996-06-20 23:16:53','2020-09-06 18:26:59'),(25,45,'dolor',5029,'{\"owner\": \"Manley Bins\"}',2,'2020-01-30 07:06:56','2020-09-06 18:26:59'),(26,52,'ducimus',1774,'{\"owner\": \"Ibrahim Dickens\"}',1,'2006-03-21 10:14:29','2020-09-06 18:26:59'),(27,23,'et',1794,'{\"owner\": \"Frederick Oberbrunner\"}',2,'1983-06-06 19:02:00','2020-09-06 18:26:59'),(28,60,'accusantium',1224,'{\"owner\": \"Ellis Wisozk\"}',1,'1993-03-30 18:49:15','2020-09-06 18:26:59'),(29,29,'fuga',8177,'{\"owner\": \"Cole Mills\"}',2,'1974-07-17 14:29:53','2020-09-06 18:26:59'),(30,67,'at',177370,'{\"owner\": \"Zion Schaden\"}',1,'1981-07-29 07:20:41','2020-09-06 18:26:59'),(31,47,'pariatur',7685,'{\"owner\": \"Earlene Wisoky\"}',3,'1996-11-22 20:31:22','2020-09-06 18:26:59'),(32,32,'hic',8772,'{\"owner\": \"Jailyn Beer\"}',3,'2018-06-11 09:16:58','2020-09-06 18:26:59'),(33,20,'enim',3981,'{\"owner\": \"Maegan Adams\"}',2,'2017-01-04 06:08:09','2020-09-06 18:26:59'),(34,2,'consequuntur',1495,'{\"owner\": \"Brenda Okuneva\"}',2,'2012-01-06 18:44:44','2020-09-06 18:26:59'),(35,50,'natus',5169,'{\"owner\": \"Paula Collins\"}',2,'2000-08-13 22:25:18','2020-09-06 18:26:59'),(36,43,'qui',8827,'{\"owner\": \"Myrtice West\"}',2,'2006-05-12 10:10:45','2020-09-06 18:26:59'),(37,67,'dolor',9508,'{\"owner\": \"Zion Schaden\"}',3,'2009-10-15 08:54:39','2020-09-06 18:26:59'),(38,4,'rerum',8286,'{\"owner\": \"Maye Abernathy\"}',3,'2020-06-02 10:33:03','2020-09-06 18:26:59'),(39,19,'corporis',6382,'{\"owner\": \"Blaise Moen\"}',2,'1988-01-30 21:06:08','2020-09-06 18:26:59'),(40,83,'recusandae',5822,'{\"owner\": \"Florencio Haley\"}',2,'1976-06-13 05:44:11','2020-09-06 18:26:59'),(41,55,'modi',1811,'{\"owner\": \"Kaitlyn Rutherford\"}',3,'1974-01-28 07:42:14','2020-09-06 18:26:59'),(42,29,'enim',3529,'{\"owner\": \"Cole Mills\"}',1,'1983-10-16 18:40:29','2020-09-06 18:26:59'),(43,76,'consequatur',5194,'{\"owner\": \"Mariam Mante\"}',3,'1987-04-13 15:10:57','2020-09-06 18:26:59'),(44,94,'et',6506,'{\"owner\": \"Enola Pollich\"}',3,'2017-05-15 11:09:03','2020-09-06 18:26:59'),(45,42,'et',1176,'{\"owner\": \"Precious Flatley\"}',3,'2000-03-23 06:45:15','2020-09-06 18:26:59'),(46,27,'cupiditate',6855,'{\"owner\": \"Jackson Ruecker\"}',1,'2001-02-02 06:37:13','2020-09-06 18:26:59'),(47,10,'ea',1110,'{\"owner\": \"Lindsay Schmidt\"}',3,'1971-08-22 13:07:14','2020-09-06 18:26:59'),(48,68,'asperiores',7624,'{\"owner\": \"Iva Langosh\"}',2,'1973-11-05 20:47:02','2020-09-06 18:26:59'),(49,10,'magnam',7144,'{\"owner\": \"Lindsay Schmidt\"}',2,'1976-12-31 10:33:42','2020-09-06 18:26:59'),(50,43,'blanditiis',3286,'{\"owner\": \"Myrtice West\"}',3,'2002-03-06 22:50:12','2020-09-06 18:26:59'),(51,86,'dolorem',6800,'{\"owner\": \"Leanna Herman\"}',3,'1970-12-10 07:38:20','2020-09-06 18:26:59'),(52,1,'et',7664,'{\"owner\": \"Elvie Lebsack\"}',1,'1996-07-08 16:26:20','2020-09-06 18:26:59'),(53,47,'veritatis',387991,'{\"owner\": \"Earlene Wisoky\"}',3,'1985-02-10 16:22:16','2020-09-06 18:26:59'),(54,32,'voluptatibus',2488,'{\"owner\": \"Jailyn Beer\"}',3,'1978-07-06 12:26:07','2020-09-06 18:26:59'),(55,18,'dolorem',5848,'{\"owner\": \"Abdul Shields\"}',3,'2017-05-31 00:12:03','2020-09-06 18:26:59'),(56,95,'quibusdam',3086,'{\"owner\": \"Arielle Barton\"}',3,'1983-03-19 02:20:17','2020-09-06 18:26:59'),(57,20,'ut',8450,'{\"owner\": \"Maegan Adams\"}',2,'2007-10-02 08:14:51','2020-09-06 18:26:59'),(58,16,'sed',397845,'{\"owner\": \"Lucie McGlynn\"}',1,'2004-01-24 21:04:33','2020-09-06 18:26:59');
/*!40000 ALTER TABLE `media` ENABLE KEYS */;
UNLOCK TABLES;

--
-- Table structure for table `media_types`
--

DROP TABLE IF EXISTS `media_types`;
/*!40101 SET @saved_cs_client     = @@character_set_client */;
/*!50503 SET character_set_client = utf8mb4 */;
CREATE TABLE `media_types` (
  `id` int unsigned NOT NULL AUTO_INCREMENT COMMENT 'Идентификатор строки',
  `name` varchar(255) NOT NULL COMMENT 'Название типа',
  `created_at` datetime DEFAULT CURRENT_TIMESTAMP COMMENT 'Время создания строки',
  `updated_at` datetime DEFAULT CURRENT_TIMESTAMP ON UPDATE CURRENT_TIMESTAMP COMMENT 'Время обновления строки',
  PRIMARY KEY (`id`),
  UNIQUE KEY `name` (`name`)
) ENGINE=InnoDB AUTO_INCREMENT=4 DEFAULT CHARSET=utf8mb4 COLLATE=utf8mb4_0900_ai_ci COMMENT='Типы медиафайлов';
/*!40101 SET character_set_client = @saved_cs_client */;

--
-- Dumping data for table `media_types`
--

LOCK TABLES `media_types` WRITE;
/*!40000 ALTER TABLE `media_types` DISABLE KEYS */;
INSERT INTO `media_types` VALUES (1,'photo','2020-09-06 18:25:06','2020-09-06 18:25:06'),(2,'video','2020-09-06 18:25:06','2020-09-06 18:25:06'),(3,'audio','2020-09-06 18:25:06','2020-09-06 18:25:06');
/*!40000 ALTER TABLE `media_types` ENABLE KEYS */;
UNLOCK TABLES;

--
-- Table structure for table `messages`
--

DROP TABLE IF EXISTS `messages`;
/*!40101 SET @saved_cs_client     = @@character_set_client */;
/*!50503 SET character_set_client = utf8mb4 */;
CREATE TABLE `messages` (
  `id` int unsigned NOT NULL AUTO_INCREMENT COMMENT 'Идентификатор строки',
  `from_user_id` int unsigned NOT NULL COMMENT 'Ссылка на отправителя сообщения',
  `to_user_id` int unsigned NOT NULL COMMENT 'Ссылка на получателя сообщения',
  `body` text NOT NULL COMMENT 'Текст сообщения',
  `is_important` tinyint(1) DEFAULT NULL COMMENT 'Признак важности',
  `is_delivered` tinyint(1) DEFAULT NULL COMMENT 'Признак доставки',
  `created_at` datetime DEFAULT CURRENT_TIMESTAMP COMMENT 'Время создания строки',
  `updated_at` datetime DEFAULT CURRENT_TIMESTAMP ON UPDATE CURRENT_TIMESTAMP COMMENT 'Время обновления строки',
  PRIMARY KEY (`id`),
  KEY `messages_from_user_id_fk` (`from_user_id`),
  KEY `messages_to_user_id_fk` (`to_user_id`),
  CONSTRAINT `messages_from_user_id_fk` FOREIGN KEY (`from_user_id`) REFERENCES `users` (`id`),
  CONSTRAINT `messages_to_user_id_fk` FOREIGN KEY (`to_user_id`) REFERENCES `users` (`id`)
) ENGINE=InnoDB AUTO_INCREMENT=501 DEFAULT CHARSET=utf8mb4 COLLATE=utf8mb4_0900_ai_ci COMMENT='Сообщения';
/*!40101 SET character_set_client = @saved_cs_client */;

--
-- Dumping data for table `messages`
--

LOCK TABLES `messages` WRITE;
/*!40000 ALTER TABLE `messages` DISABLE KEYS */;
INSERT INTO `messages` VALUES (1,22,81,'Ut nisi non et similique. Facilis consequatur quia inventore voluptas vero. Aut impedit quidem veniam totam autem. Distinctio minus et commodi earum. Quaerat totam inventore quam laborum voluptatem velit.',0,1,'1991-08-26 03:41:03','2020-09-06 18:23:49'),(2,36,39,'Tempora quae temporibus consequatur similique dolore. Est distinctio dignissimos amet quia molestias dolorum. Libero ipsa quidem distinctio qui.',0,1,'1996-06-03 02:29:28','2020-09-06 18:23:49'),(3,84,5,'Et tenetur quaerat quia. Voluptates iure tempora qui non. Facilis exercitationem omnis qui non enim aperiam in.',1,1,'2001-03-01 03:21:18','2020-09-06 18:23:49'),(4,70,34,'Qui officiis pariatur dolores sunt iure. Laudantium beatae perspiciatis beatae ad. Sunt nam velit eum. Similique voluptates dolor qui quisquam itaque architecto et.',0,1,'2003-08-21 19:31:07','2020-09-06 18:23:49'),(5,62,7,'Rem ex autem voluptatem ut non rerum id. Architecto at hic soluta blanditiis nulla.',1,0,'1981-04-29 15:36:15','2020-09-06 18:23:49'),(6,48,19,'Omnis enim fugiat voluptatem repellat unde alias. Voluptas repudiandae voluptates iusto consequatur nesciunt. Vel earum sed consequatur fugit ad fugit quae. Modi aut voluptas cumque.',0,0,'1973-09-28 18:39:31','2020-09-06 18:23:49'),(7,48,85,'Perferendis in dolor voluptatem quia sequi repudiandae. Provident voluptatem temporibus eius sequi totam voluptas. Ipsa rerum qui quos autem unde ullam impedit. Porro a error eos in accusamus aliquam iste. Id iure laborum quisquam sint delectus deserunt recusandae accusantium.',0,1,'1988-02-09 22:17:08','2020-09-06 18:23:49'),(8,79,39,'Ipsa rem dolor necessitatibus rerum fuga reiciendis voluptatibus. Et maiores accusantium quas dignissimos qui inventore. Voluptatem id impedit dicta corporis excepturi veritatis quae. Ut nemo eius provident.',0,1,'2004-09-03 12:28:54','2020-09-06 18:23:49'),(9,59,76,'Ea est non ducimus rem nesciunt rerum voluptas amet. Ut asperiores sint mollitia minus dolorem. Voluptate harum doloribus deserunt commodi nulla et et. Vel tenetur ad dolores tempora alias.',1,0,'1985-12-14 21:14:34','2020-09-06 18:23:49'),(10,3,85,'Et occaecati fugiat dignissimos sint deleniti. Fugit voluptatibus dolor quasi velit aut dolores mollitia. Magni illo pariatur odio iusto molestiae ducimus voluptatibus. Dolore amet commodi eligendi quaerat. Itaque praesentium cumque vel sint ut et ratione quia.',1,0,'2005-10-04 07:05:38','2020-09-06 18:23:49'),(11,16,23,'Repellendus aut voluptas repudiandae impedit. Aut dignissimos suscipit placeat iure. Ad temporibus voluptatibus ut unde incidunt. Rerum tempora quod cupiditate et.',0,1,'2003-03-26 23:49:40','2020-09-06 18:23:49'),(12,69,75,'Dolor excepturi esse quasi enim laboriosam voluptatem qui. Quaerat pariatur quod quisquam deserunt numquam. Voluptatem sed sed et eos consequatur.',1,0,'1972-08-10 06:26:24','2020-09-06 18:23:49'),(13,68,15,'Ut quia repudiandae repellat qui adipisci molestiae consequatur. Eum eum modi inventore aut impedit dolores. Voluptatibus vel est eaque in et sint sapiente.',0,1,'1999-07-17 22:25:00','2020-09-06 18:23:49'),(14,70,2,'Corrupti similique provident deserunt. Modi quidem nesciunt voluptas voluptatem possimus.',1,0,'2002-08-11 10:27:01','2020-09-06 18:23:49'),(15,3,8,'Et alias quia et odio. Odit delectus ut fuga molestiae reprehenderit voluptas. Eaque sunt perferendis sit.',1,1,'2000-09-21 01:15:40','2020-09-06 18:23:49'),(16,31,32,'Doloribus corrupti ut eos. Saepe velit ut voluptatibus accusamus. Illo autem ullam nihil.',1,1,'2011-07-07 18:40:26','2020-09-06 18:23:49'),(17,63,19,'Non error odio repudiandae quaerat. Qui alias veniam maiores eum. Deleniti quidem omnis animi ipsa laudantium sed. Aperiam odit perferendis unde eligendi cumque.',1,0,'1988-12-01 22:37:01','2020-09-06 18:23:49'),(18,6,74,'Impedit libero rerum blanditiis. Perferendis voluptatum ut et maxime. Ab in repellendus ipsum dolorem molestias alias. Consequatur laborum adipisci eaque magnam voluptatibus et.',1,1,'1982-02-09 22:31:28','2020-09-06 18:23:49'),(19,49,26,'Est sequi ratione eaque reiciendis consequatur dolor non non. Et ullam debitis sequi dignissimos est vel veniam nihil. In aliquid veniam sit sunt et. Et et nihil voluptas itaque odit quam quia recusandae.',1,1,'1970-08-01 00:39:39','2020-09-06 18:23:49'),(20,79,18,'Vero quia aut voluptas nihil voluptatem consequatur. Beatae tenetur voluptas aut reiciendis voluptas magnam. Ut sint nam nihil adipisci recusandae atque.',1,0,'2001-03-08 21:46:08','2020-09-06 18:23:49'),(21,51,100,'Quasi incidunt fugiat enim repudiandae tempore. Et nisi commodi ipsa laborum. Modi pariatur itaque doloremque mollitia culpa quidem et. Ut quibusdam sint nostrum aut temporibus odit facere. Omnis maxime ducimus dolorem qui ducimus qui.',1,0,'2012-06-08 16:57:24','2020-09-06 18:23:49'),(22,49,44,'Aut maiores eius quos nihil qui. Cupiditate sunt ut aliquid qui cupiditate numquam. Molestiae omnis unde incidunt aut ad ex.',1,1,'1990-12-31 00:37:13','2020-09-06 18:23:49'),(23,71,22,'Neque non ex distinctio sunt assumenda explicabo mollitia. Ut expedita ipsa velit hic laborum. Quis aut nostrum modi est porro ab culpa. Consequuntur minus iure et porro ullam id.',0,0,'2010-02-03 21:11:31','2020-09-06 18:23:49'),(24,97,18,'Officia possimus praesentium sit accusamus quibusdam laudantium error magnam. Modi enim ex tenetur recusandae excepturi neque ea.',0,0,'1991-07-14 22:04:00','2020-09-06 18:23:49'),(25,1,47,'Sit fugiat et nulla voluptate minima et mollitia. Aliquam eum quasi aut dolores est modi. Et provident aut a nostrum dolorum voluptatem facere. Facere magni et iste perspiciatis iste.',1,1,'1987-11-14 18:54:19','2020-09-06 18:23:49'),(26,34,30,'Laudantium maxime eveniet distinctio. Dolorem nostrum sint et non excepturi dolor illum. Dicta nulla consequuntur expedita ducimus sed. Tenetur eum sequi quo quidem et vero.',1,1,'2008-09-09 02:13:44','2020-09-06 18:23:49'),(27,45,36,'Esse sint voluptatem laborum enim temporibus ad. Quos voluptatem illo voluptas optio delectus modi consectetur.',1,0,'1993-11-23 02:30:37','2020-09-06 18:23:49'),(28,43,8,'Alias ullam a fugiat id provident. Quasi quia ut debitis consequatur. Quasi omnis eum perspiciatis. Reiciendis et ut officiis ea optio veritatis.',1,0,'1989-09-30 06:21:52','2020-09-06 18:23:49'),(29,11,30,'Quia ullam nulla aut velit voluptas possimus quis. Esse natus quia accusamus ea expedita occaecati vero et. Voluptates facilis excepturi deserunt. Laboriosam ipsa officiis eveniet et iusto reiciendis et. Et ipsam quisquam voluptas libero.',1,1,'1986-06-19 22:04:55','2020-09-06 18:23:49'),(30,16,90,'Commodi et dolorem iusto distinctio mollitia unde voluptatem debitis. Vero qui omnis quam facere consectetur similique sint. Aliquam veritatis accusantium ut nobis minima est.',0,1,'2007-11-28 19:08:42','2020-09-06 18:23:49'),(31,3,44,'Suscipit eos inventore consequatur qui et. Aliquid dolor doloremque consequatur cumque quia laboriosam numquam. Non suscipit et ratione alias saepe.',0,0,'1987-09-19 19:01:07','2020-09-06 18:23:49'),(32,12,26,'Enim corporis aut rerum vel. Iste sequi rerum odit alias. Consequatur quo porro necessitatibus harum nobis corrupti.',0,1,'1994-05-14 11:04:03','2020-09-06 18:23:49'),(33,95,95,'Voluptatibus omnis dicta molestias commodi quia laborum. Nam asperiores quos ut eos. Perspiciatis odio asperiores dolor et sint perferendis similique. Id ut officiis quis tempore quam.',0,1,'2012-04-18 22:11:42','2020-09-06 18:23:49'),(34,88,57,'Quia et ipsam non tenetur pariatur distinctio quia sapiente. Facilis aut id ab nulla dolor. Et voluptatem voluptatibus deleniti natus. Adipisci illo occaecati et corporis fugiat omnis.',1,0,'1977-09-02 04:27:43','2020-09-06 18:23:49'),(35,20,28,'Similique numquam ut omnis sunt neque explicabo. Eum voluptatibus quasi occaecati magnam temporibus nostrum consequatur. Non sit explicabo totam. Voluptatum porro quia qui et quaerat. Quam eligendi provident ipsum qui sunt.',0,1,'2002-08-22 03:39:45','2020-09-06 18:23:49'),(36,78,8,'Temporibus omnis ad est perspiciatis. Laudantium quibusdam ea ut aut officiis non. Sit earum nihil quia omnis voluptas consectetur itaque.',1,1,'1984-10-28 00:01:20','2020-09-06 18:23:49'),(37,4,96,'Delectus aspernatur debitis hic dolorem. Magnam hic eum aut dignissimos ipsam dolores. Voluptatem in animi aut beatae commodi voluptas.',0,1,'1979-11-07 20:14:54','2020-09-06 18:23:49'),(38,70,58,'Eos eum iusto asperiores nisi eos. Asperiores saepe quia ab non. Corrupti dolorem ratione exercitationem blanditiis non maxime.',1,1,'2012-12-31 14:56:53','2020-09-06 18:23:49'),(39,80,26,'Eum ipsum illum totam rem. Delectus aspernatur aut aut dolores quis quo est illum. Et quibusdam aliquid aut nemo molestiae ut.',0,0,'2000-01-05 05:42:27','2020-09-06 18:23:49'),(40,90,73,'Velit dolore ut voluptatem nihil ab. Et ipsum ut perspiciatis similique possimus quis vel. Non sed assumenda nobis expedita ut ipsum et. Suscipit eius iste adipisci unde.',0,0,'1970-11-16 22:40:46','2020-09-06 18:23:49'),(41,93,47,'Recusandae maiores quae nulla quasi provident. Doloremque animi assumenda explicabo eum est quia nesciunt. Esse cumque commodi corporis hic non eius. Tenetur dolor in voluptatibus blanditiis aut dolorem.',0,0,'1977-06-20 13:48:59','2020-09-06 18:23:49'),(42,55,35,'Delectus perferendis iure ullam ducimus optio voluptatem. Sit id aut pariatur minus commodi nesciunt totam. Tempore consequatur sit eaque enim debitis odit ad. In sint illo non molestiae.',1,1,'1979-09-10 09:55:59','2020-09-06 18:23:49'),(43,8,34,'Ipsa officiis sit debitis voluptas. Commodi alias nesciunt est alias laudantium delectus.',0,1,'2006-06-03 13:43:37','2020-09-06 18:23:49'),(44,48,37,'Ea neque sed minus quis et. Et sint dolorum ipsum est assumenda consequuntur et. Laudantium autem quia animi dolores consectetur doloremque. Unde deleniti eveniet cum non.',0,1,'1995-02-04 21:34:41','2020-09-06 18:23:49'),(45,38,79,'Sed nihil rerum optio omnis eveniet corrupti ipsum. Eos occaecati ipsam ut eligendi non et.',0,0,'2001-07-13 22:30:15','2020-09-06 18:23:49'),(46,81,69,'Adipisci dolore sit ex qui. Rerum ipsum neque voluptatum a molestiae dolorum eos. Molestias dicta qui perferendis qui sint iusto expedita. Dolore deserunt quia in.',0,1,'1975-02-17 21:50:48','2020-09-06 18:23:49'),(47,98,86,'In vero quaerat sit aperiam repudiandae. Cumque aliquid et iste ut magnam velit nostrum. Et error eum sed ratione dolores quia doloribus aut. Ea corporis quam ut perferendis a quae ut.',0,1,'1991-05-30 01:30:54','2020-09-06 18:23:49'),(48,35,16,'Animi soluta quasi numquam sit culpa iure itaque. Ut nemo recusandae nemo deserunt dolor et. Ea est aliquam cupiditate.',1,1,'1975-04-05 22:55:36','2020-09-06 18:23:49'),(49,76,31,'Quo et dolorum eaque. Architecto explicabo est cum tempore. Dolores et incidunt saepe maxime et omnis quam et. Sed iusto eos aperiam iure aut rem sequi. Eius excepturi exercitationem nisi et labore sed voluptatem.',1,0,'2000-05-23 03:49:34','2020-09-06 18:23:49'),(50,26,36,'Itaque corporis quae facere quod distinctio totam quaerat aperiam. Consequatur fugit iure libero et. Ut facere tenetur aut qui sed. Voluptatem repellendus dolorem illo omnis incidunt et atque repellat. Doloribus animi voluptatum provident officia nesciunt impedit quo.',1,1,'1996-06-03 02:02:17','2020-09-06 18:23:49'),(51,100,94,'Totam quas sit commodi expedita. Repudiandae temporibus non qui et. Est quia quod soluta in explicabo velit.',1,0,'2005-04-22 06:47:28','2020-09-06 18:23:49'),(52,68,59,'Suscipit ut doloremque labore similique. Sequi distinctio et nulla ut atque. Recusandae pariatur quia laboriosam et. Ex autem et voluptatem excepturi et aut.',1,0,'2005-02-19 11:06:40','2020-09-06 18:23:49'),(53,90,74,'Odio nulla voluptas sunt neque sit. Laborum nisi optio corporis ut repudiandae sunt dolore ea. Ut voluptatibus excepturi sit facere. Qui asperiores enim qui nemo sed aut et.',1,0,'1989-10-13 18:59:36','2020-09-06 18:23:49'),(54,97,63,'Rerum fugiat repellendus aut magnam quos. Occaecati dolorem enim qui rem eaque esse velit est. Earum error omnis ea ullam. Alias delectus pariatur quidem sint. Quis saepe dolores quis odit dicta et.',1,1,'1984-08-17 13:46:56','2020-09-06 18:23:49'),(55,25,36,'Accusamus aut illo asperiores fugiat quia fugiat repellat. Pariatur reprehenderit est sint sequi sit. Quia in quia minima reprehenderit. Dignissimos non aspernatur modi repudiandae rerum excepturi minus.',1,0,'1986-09-26 21:44:23','2020-09-06 18:23:49'),(56,3,8,'Vero ab quo ducimus possimus voluptatem. Magni assumenda fugiat quae dolor. Quisquam omnis ipsam odit veniam perspiciatis cumque. Velit recusandae corporis et.',0,0,'1999-09-26 01:11:39','2020-09-06 18:23:49'),(57,29,22,'Omnis autem soluta animi iure. Sit molestias suscipit voluptates unde. Aut nostrum totam quae accusamus sed.',1,1,'1971-01-04 18:21:40','2020-09-06 18:23:49'),(58,23,46,'Magni aperiam eaque temporibus saepe molestiae nihil dolorem. Ea maxime iste soluta velit non. Hic tenetur veniam dignissimos et qui sed. Exercitationem aut voluptatem maiores similique.',1,0,'2012-10-22 06:36:48','2020-09-06 18:23:49'),(59,61,67,'Eligendi sint aut labore occaecati animi consequatur dignissimos praesentium. Libero dicta dolor rerum qui ab. Facilis corporis id qui est omnis vitae esse ipsam.',1,1,'2005-05-03 09:09:06','2020-09-06 18:23:49'),(60,52,58,'Perspiciatis fugiat ullam voluptatem. Iusto voluptatem blanditiis labore numquam quas. Ducimus quis animi a temporibus ipsam eum.',1,1,'2019-11-19 14:57:12','2020-09-06 18:23:49'),(61,34,97,'Occaecati earum repellendus ullam quos dolor. Illo ratione vel et in aspernatur itaque delectus. Est dolor ut corrupti. Velit facere ratione iure aliquam. Dolores sunt unde tempora aut nisi.',1,0,'2006-05-23 11:50:47','2020-09-06 18:23:49'),(62,81,15,'Praesentium quia voluptatem est reiciendis adipisci similique ea. Sunt delectus ex excepturi quia libero. Sequi iste inventore enim odio. Et voluptates quo dolorem.',1,1,'2005-03-01 20:26:36','2020-09-06 18:23:49'),(63,32,12,'Molestiae ipsum et exercitationem ad asperiores. Et dolore nesciunt magnam voluptates sit porro. Dolorem nam maiores possimus natus debitis facilis. Totam at quasi qui est sed.',1,1,'2018-03-19 07:42:27','2020-09-06 18:23:49'),(64,65,90,'Iste ipsam magnam et dolorem in et in. Est dignissimos qui nesciunt quae architecto rem nemo. Adipisci dicta qui enim natus.',0,1,'1997-10-06 09:36:00','2020-09-06 18:23:49'),(65,54,99,'Hic architecto et est sequi. Praesentium in aliquid laudantium asperiores qui voluptatibus. Excepturi asperiores porro nisi voluptatibus voluptatem omnis aliquam. Quasi eligendi dolores non et. Consequatur et in doloremque molestiae asperiores consequatur iusto.',1,1,'1990-10-12 08:14:33','2020-09-06 18:23:49'),(66,32,63,'Autem quas eveniet qui tempora iste. Incidunt sed mollitia illo quasi.',1,1,'1998-04-30 03:30:44','2020-09-06 18:23:49'),(67,18,99,'Autem deserunt eaque labore consequatur est eos quis. Molestiae quia et facilis nulla eligendi officiis minus. Asperiores hic sit perspiciatis.',0,1,'1990-06-06 19:28:59','2020-09-06 18:23:49'),(68,44,20,'Veniam omnis ut voluptatem fugiat saepe consequatur labore corporis. Totam possimus eveniet in molestiae et adipisci qui aperiam. Omnis dignissimos necessitatibus iusto culpa. Esse voluptates eos minus excepturi ea explicabo ut. Earum aut aut ea qui molestiae mollitia.',0,1,'1974-09-06 14:53:44','2020-09-06 18:23:49'),(69,66,71,'Provident non qui aperiam omnis. Modi ipsa id est. Et numquam eos repellat itaque aut aut consectetur. Praesentium veniam rerum perferendis est.',1,1,'1987-12-06 09:48:25','2020-09-06 18:23:49'),(70,58,77,'Cumque quia fuga officia sed nemo optio aliquam. Commodi labore qui qui recusandae nesciunt aut aspernatur. Nulla nam facilis est non.',1,1,'2016-04-09 08:33:39','2020-09-06 18:23:49'),(71,8,12,'Asperiores tempora esse veritatis sit commodi id cumque. Qui animi omnis nulla voluptatem. Accusamus rerum quod laudantium architecto.',0,0,'1988-11-13 08:00:58','2020-09-06 18:23:49'),(72,32,24,'Animi voluptatibus quo qui et adipisci pariatur. Temporibus minus sit accusantium recusandae.',1,1,'1977-09-24 07:57:05','2020-09-06 18:23:49'),(73,25,50,'Est voluptas et fugit debitis dolor hic magni. Iste reiciendis laboriosam consequatur dolor. Blanditiis eaque molestiae aut quam tempore laudantium explicabo. Perferendis ad aliquam quae deserunt veritatis porro aliquam natus.',1,1,'2002-03-18 06:03:09','2020-09-06 18:23:49'),(74,77,34,'Delectus est illum eos laudantium. Reprehenderit possimus adipisci aut perferendis impedit illum veritatis. Pariatur minima maxime id porro ut quaerat.',0,0,'1991-08-27 13:06:46','2020-09-06 18:23:49'),(75,39,91,'Doloremque est eveniet alias eveniet ullam dolores. Nostrum natus nostrum harum dolorem rerum. Qui repellat dolorum et a voluptatem repudiandae.',0,1,'1986-02-20 03:19:52','2020-09-06 18:23:49'),(76,39,21,'Itaque officiis voluptas voluptas. Rem et iure explicabo inventore. Quam voluptate aliquam enim aperiam magnam quo deleniti ut. Maiores magni odit dolorem ex odio officiis.',1,0,'2019-10-11 10:52:59','2020-09-06 18:23:49'),(77,89,82,'Ratione autem ut ut quia quo non atque. Perferendis a eligendi consequatur qui in et sed dolorem. Natus ex quisquam repudiandae optio. Repellat amet deserunt consequatur architecto nam. Dolor et quae dolor et rem.',0,1,'1973-08-22 17:52:20','2020-09-06 18:23:49'),(78,40,55,'Minima maxime iste debitis sint. Nesciunt dolorum saepe veniam sit vitae voluptas facere quisquam. Dolorum itaque tenetur voluptas aut labore dolores. Minus animi beatae nihil est.',1,1,'1999-12-29 16:33:43','2020-09-06 18:23:49'),(79,55,7,'Dolorem libero aut non et. Enim unde commodi porro consequatur architecto eum et facere. Sint ipsum earum labore et quis. Ut consequuntur ipsum asperiores eveniet quaerat.',0,1,'2010-10-31 18:09:25','2020-09-06 18:23:49'),(80,72,38,'Error deleniti sed sed voluptatibus est. Tempora repellat dolorem iure omnis ut. Unde qui enim necessitatibus optio eius et perferendis. Ea tempora quia tempora nihil est quam impedit.',0,0,'1992-07-24 03:13:51','2020-09-06 18:23:49'),(81,73,49,'Sint fuga sapiente et provident. Natus eum ut autem ad enim aliquam. Qui perspiciatis repellendus accusantium possimus non perspiciatis sint. Ut illo blanditiis reiciendis deserunt qui qui vitae.',0,0,'2019-09-12 17:09:52','2020-09-06 18:23:49'),(82,28,89,'Eius neque dolore rerum saepe fugiat est. Aut qui voluptatum qui omnis. Consectetur in quis quos et alias assumenda natus voluptas.',1,0,'2014-07-31 06:13:51','2020-09-06 18:23:49'),(83,64,53,'Laboriosam delectus et et non neque qui. Quod quia qui aut soluta quasi. Optio dignissimos aut et aliquid rem tenetur ipsam. Vero nemo voluptas magnam ducimus soluta eos et. Velit occaecati reprehenderit necessitatibus corrupti dolores quibusdam.',1,0,'1973-04-12 21:17:41','2020-09-06 18:23:49'),(84,70,91,'Ea id vel maxime modi aut. Quis doloremque ut ducimus id. Quia delectus incidunt unde sit omnis fuga cumque. Aut qui eos qui vero.',0,1,'2001-05-04 04:29:34','2020-09-06 18:23:49'),(85,46,55,'Ut enim enim autem ut similique nemo. Nihil repellendus officia doloremque et laudantium voluptates. Accusantium odit qui ut illo. Et officia tempora quia sint excepturi laborum tempora.',1,0,'1985-02-07 14:40:18','2020-09-06 18:23:49'),(86,37,19,'Rem sed eos eos soluta. Nihil numquam iste sint vero. Maxime reiciendis architecto voluptas.',1,0,'1988-01-16 13:25:04','2020-09-06 18:23:49'),(87,82,54,'Est modi aliquam ratione aspernatur tempora occaecati dolores. Reiciendis quibusdam fugit consequatur error exercitationem ducimus doloribus. Quae dolorem ut dolor quis pariatur. Quae maxime repellendus velit neque itaque autem.',1,1,'1978-03-25 20:59:01','2020-09-06 18:23:49'),(88,22,48,'Aut et nam at qui quod sunt. Quis tempora consequatur qui est. Corrupti unde corrupti ratione voluptate dolor deleniti.',0,0,'2000-03-19 02:08:59','2020-09-06 18:23:49'),(89,73,21,'Unde autem harum aut enim. Modi totam ut temporibus accusantium sint non ut atque. Autem corporis cumque est quidem eum reiciendis. Quia et qui exercitationem architecto vel officiis voluptatem.',0,0,'2015-09-21 10:21:49','2020-09-06 18:23:49'),(90,85,64,'Distinctio fugit corrupti harum quae qui dolorem voluptatibus. Nesciunt voluptas quis alias iste quia ab reiciendis. Qui id accusamus molestiae esse.',0,1,'2013-08-21 18:22:34','2020-09-06 18:23:49'),(91,63,23,'Beatae quia iste sint placeat deserunt quia rerum. Nemo doloribus aut nostrum enim quis sint. Aperiam aliquam ea qui beatae. Rerum repudiandae voluptas quam rerum ut ex.',0,1,'2018-09-06 08:48:30','2020-09-06 18:23:49'),(92,25,55,'Ea consectetur repudiandae beatae dolor numquam debitis. Nesciunt laudantium molestiae odit accusantium modi. Et nesciunt atque quis distinctio numquam sed. Eos praesentium aliquid aut suscipit ratione consequatur.',1,0,'2007-06-20 16:48:29','2020-09-06 18:23:49'),(93,100,33,'Vel iure suscipit exercitationem natus eius culpa. Id voluptate qui tempore culpa hic.',0,0,'2001-03-26 07:41:56','2020-09-06 18:23:49'),(94,67,34,'Atque temporibus at dolorem ea autem iure accusantium. Natus rerum at fugit eaque. Et ex reiciendis quia consequatur numquam et officia. Quae distinctio qui vitae impedit est.',1,1,'2009-09-15 20:55:05','2020-09-06 18:23:49'),(95,70,47,'Soluta veritatis qui id ex. Fugiat dolore voluptatibus facere et aliquam magni nobis. Numquam ut totam omnis eligendi quam. Repellat ut ex consequatur et.',0,0,'1977-01-20 01:27:41','2020-09-06 18:23:49'),(96,24,77,'Ad eum animi voluptas voluptas et assumenda. Ut nesciunt sapiente sunt veniam perferendis voluptas consectetur. Possimus dolor dignissimos quaerat voluptas voluptate id ut.',1,0,'1972-04-22 06:39:58','2020-09-06 18:23:49'),(97,15,41,'Et velit possimus rerum quibusdam alias non. Architecto blanditiis quidem optio autem nisi eos minima. Et quia enim quia reiciendis.',1,1,'2011-07-25 16:03:35','2020-09-06 18:23:49'),(98,62,87,'Est culpa quia explicabo consequuntur voluptatem. Dolorem recusandae saepe quisquam. Facere a veritatis aut eaque modi.',1,1,'2003-04-22 16:59:56','2020-09-06 18:23:49'),(99,49,82,'Est cum quidem qui delectus. Et saepe in iste. Velit rerum sequi adipisci omnis aliquam aut rem.',1,1,'1989-04-05 17:45:39','2020-09-06 18:23:49'),(100,63,68,'Amet alias at odit et nostrum distinctio similique. Aliquid beatae fugit repudiandae. Perferendis et error quaerat labore.',1,1,'1997-11-09 22:01:48','2020-09-06 18:23:49'),(101,51,52,'Molestiae explicabo aut rem nihil voluptatum. Enim iste quod animi hic molestiae magni. Delectus quasi error a autem. Culpa omnis et quisquam blanditiis nulla animi necessitatibus.',1,0,'1976-08-20 06:30:16','2020-09-06 18:23:49'),(102,6,75,'Voluptatem ab beatae ab deleniti sequi sed et. Earum eum recusandae nobis eos molestias optio necessitatibus. Explicabo quia voluptatem aut sit assumenda atque.',1,0,'2017-03-20 20:00:09','2020-09-06 18:23:49'),(103,54,44,'Minima aut qui fugiat velit error vel. Nemo magni sequi libero porro.',1,0,'2006-02-02 10:56:16','2020-09-06 18:23:49'),(104,58,58,'Illum omnis consectetur rerum qui possimus ut. Distinctio neque sit sunt placeat dolorem et. Velit voluptas in adipisci autem sed.',0,1,'2017-04-12 17:35:35','2020-09-06 18:23:49'),(105,15,100,'Ad quis eos in tempore inventore. Voluptatibus dolorum quisquam amet velit. Necessitatibus quas sit cum.',0,0,'2000-01-07 12:51:20','2020-09-06 18:23:49'),(106,54,70,'Libero omnis dignissimos tempora beatae natus ea dolores. Dolorem aliquid modi veniam natus quam. Quisquam ratione qui soluta velit laudantium quae sed. Tempore excepturi ea laborum minus voluptatem nihil aperiam.',0,0,'2004-10-12 07:45:31','2020-09-06 18:23:49'),(107,88,28,'Quis animi et ut excepturi architecto aliquid et. Occaecati est et magnam libero. Enim quod asperiores aut aperiam. Modi earum necessitatibus sit omnis sit.',0,1,'2001-06-26 05:34:17','2020-09-06 18:23:49'),(108,75,93,'Sunt fugit qui et sit nobis. Ut pariatur voluptas quis et nulla dolorem dolor. Quam sit sit pariatur dolor pariatur ea.',0,1,'2000-12-07 23:58:42','2020-09-06 18:23:49'),(109,39,15,'Ea rerum quasi nihil consequatur numquam id. Itaque eveniet veniam veniam amet libero. Reiciendis accusamus et animi dolor quia voluptates consequatur.',0,1,'1991-03-27 11:27:36','2020-09-06 18:23:49'),(110,58,43,'Ullam et dolorum tempora saepe accusamus. Et voluptatem non labore provident optio tenetur. Est repellendus repellat voluptatem. Ea excepturi quia quam voluptate aut officiis ipsum.',0,1,'1973-07-23 21:46:52','2020-09-06 18:23:49'),(111,41,77,'Quis quia autem recusandae aliquid. Tenetur minima reprehenderit quasi sed numquam consequatur. Qui saepe distinctio tempore excepturi fuga excepturi et. Consequatur vel qui cupiditate beatae ea placeat dolorum.',1,1,'1985-06-15 00:19:26','2020-09-06 18:23:49'),(112,61,72,'Dolores quo numquam ut dolor et. Culpa rerum ut veritatis recusandae sunt cumque tenetur. Ut inventore eveniet cumque tenetur asperiores eius accusantium.',0,0,'1971-01-04 21:40:46','2020-09-06 18:23:49'),(113,75,62,'Ut suscipit quidem corporis est. Voluptas sint tempora iste aliquid ipsum eaque. Perferendis perferendis excepturi expedita dolorem reiciendis beatae.',1,1,'1987-09-10 11:19:48','2020-09-06 18:23:49'),(114,81,21,'Voluptas corporis voluptatem doloribus facere. Delectus similique non mollitia ad optio eveniet mollitia. Consequuntur temporibus asperiores et nobis est tenetur impedit. Recusandae qui qui distinctio eaque.',0,0,'2004-01-01 11:14:11','2020-09-06 18:23:49'),(115,60,37,'Nisi sed maiores eum enim quibusdam. Officiis fuga non dolores ut. Dolores ea incidunt incidunt non ut. Voluptatem quis et a ipsam facere reprehenderit.',1,1,'1973-10-09 13:55:19','2020-09-06 18:23:49'),(116,3,5,'Ut quia natus ducimus veritatis maiores. Doloribus autem natus odio placeat quia facilis. Laborum voluptas omnis culpa ut soluta expedita. Dolores in omnis eum. Qui enim sit qui aliquid sed nesciunt.',1,0,'2008-02-11 19:18:43','2020-09-06 18:23:49'),(117,17,69,'Cum dolor et esse velit. Aut amet repellendus et sunt iusto et. Sit ea dolore recusandae fuga ut voluptates. Qui et voluptas possimus.',0,0,'1971-09-20 21:40:31','2020-09-06 18:23:49'),(118,91,49,'Rerum aspernatur reprehenderit commodi qui suscipit eaque. Fuga quia quo dolor est dolorum unde dolorem repellat. Nihil eos sunt magnam officiis in amet voluptatum. Facere laborum laboriosam numquam sapiente aut.',0,0,'1996-10-08 18:04:53','2020-09-06 18:23:49'),(119,71,7,'Est cum est ipsam recusandae rerum. Quibusdam et est et quo modi incidunt illum. Vel qui quae qui exercitationem nesciunt itaque. Nobis et et rem omnis quia.',1,0,'2019-12-01 00:54:19','2020-09-06 18:23:49'),(120,22,88,'Laborum aut impedit excepturi dolor quo. Cupiditate corrupti facilis minus consequatur sed asperiores iste. Inventore dolor animi id. Dolorem exercitationem quia aut sunt maiores.',0,1,'1999-11-03 06:57:29','2020-09-06 18:23:49'),(121,75,11,'Quam rem sint at consequatur neque eaque. Vitae omnis aut aperiam voluptas. Sequi odio aut aut soluta nesciunt blanditiis beatae.',1,1,'1987-08-21 16:57:37','2020-09-06 18:23:49'),(122,29,11,'Doloremque porro recusandae maxime recusandae. In officia enim deserunt odit et molestias. Nulla reiciendis aut qui.',0,1,'2003-01-12 01:37:47','2020-09-06 18:23:49'),(123,68,8,'Consequatur qui consectetur blanditiis at. Enim autem nihil voluptas amet. Omnis cupiditate veniam minus dicta non reiciendis veritatis aut.',0,1,'1976-02-05 15:34:28','2020-09-06 18:23:49'),(124,35,50,'Maxime aperiam dignissimos aspernatur quos accusantium. Alias aut eum aliquam perspiciatis velit aut recusandae.',0,1,'1994-05-14 00:38:46','2020-09-06 18:23:49'),(125,45,73,'Architecto recusandae velit est perspiciatis facere. Sed eligendi assumenda veritatis consequatur porro ipsa velit fugit. Harum nulla architecto repellendus dolor suscipit. Repellendus nulla sint aliquam odit repellendus est error.',1,1,'2020-01-05 09:32:51','2020-09-06 18:23:49'),(126,32,39,'Aliquid ad doloribus culpa ab sapiente ullam. Quia perferendis consequatur quasi culpa. Ut laudantium quo amet quia ut. Non sit reiciendis deleniti repellendus id dolorum dolores.',0,1,'1977-02-03 20:33:35','2020-09-06 18:23:49'),(127,98,75,'Necessitatibus odio vel provident iusto molestiae veniam rem. Aliquam veniam nemo voluptas autem totam. Soluta sint quaerat rerum voluptates perspiciatis qui tempora praesentium.',1,0,'1973-12-25 18:03:28','2020-09-06 18:23:49'),(128,78,64,'Distinctio repudiandae quia est est sapiente et. Omnis qui aspernatur beatae et explicabo dignissimos. Asperiores aperiam sint veniam ratione commodi odit.',1,0,'1970-10-11 01:06:50','2020-09-06 18:23:49'),(129,88,46,'Rerum voluptatem tenetur cupiditate consequatur temporibus. Et porro error occaecati voluptas. Dicta ut et maxime beatae dignissimos.',0,1,'1973-09-17 02:55:31','2020-09-06 18:23:49'),(130,64,83,'Laudantium rerum ipsum blanditiis incidunt voluptatem. Libero necessitatibus repellendus vel mollitia doloremque. Ab voluptatem est quia accusantium sed perspiciatis. Sit illum nesciunt a non enim.',1,1,'2000-01-28 22:46:29','2020-09-06 18:23:49'),(131,21,55,'Numquam amet veritatis autem dignissimos cum ut. Qui consequatur ad et et molestias saepe. Culpa culpa delectus et velit. Maiores officiis quia facere dolor voluptatem natus.',1,1,'2005-04-04 11:32:21','2020-09-06 18:23:49'),(132,12,95,'Quis sequi debitis voluptates. Laboriosam consequatur nisi consectetur consequatur. Vero nesciunt ut officiis dolorem labore.',1,1,'1975-05-11 21:38:04','2020-09-06 18:23:49'),(133,37,100,'Enim non alias inventore dolores aut. Atque repudiandae debitis maxime perferendis optio impedit pariatur. Et sed omnis atque velit voluptas aut ut.',1,0,'2000-03-01 20:33:17','2020-09-06 18:23:49'),(134,91,51,'Autem quo perferendis voluptatibus eaque qui consequuntur. Hic possimus officiis inventore fugiat.',0,0,'1992-06-11 09:50:41','2020-09-06 18:23:49'),(135,83,63,'Amet iure ex earum enim necessitatibus minus. Tenetur commodi hic molestiae veritatis vero facilis illum quia. Corporis aut ut ut enim.',1,0,'2009-08-10 12:24:04','2020-09-06 18:23:49'),(136,63,27,'Id voluptatem ut est nihil dolorum consequatur dolor molestiae. Impedit possimus necessitatibus distinctio dicta vel voluptate. Laborum quibusdam autem consequatur pariatur.',1,1,'1972-12-09 03:14:15','2020-09-06 18:23:49'),(137,44,41,'Dolorum nobis id qui adipisci maiores sequi in. Rerum qui et non sit dolorem dolorum. Sunt repellat ut aut.',1,0,'2014-04-07 09:49:00','2020-09-06 18:23:49'),(138,73,41,'Quo commodi officiis earum voluptas ratione odio quisquam. Suscipit suscipit aliquid maiores ratione animi mollitia. Sit ut perferendis doloribus ab molestias similique tempora. Et natus voluptatem in et libero distinctio aut.',0,0,'1976-12-16 03:20:01','2020-09-06 18:23:49'),(139,83,93,'Molestiae nobis quaerat autem nisi at. Occaecati corporis vel voluptas. Labore nobis sit nulla eos minus minima minima.',0,0,'2000-09-09 11:14:18','2020-09-06 18:23:49'),(140,16,99,'Excepturi voluptatem sit minus non accusantium eveniet. Omnis aut enim velit ut soluta possimus. Sint similique eius possimus. Inventore quia neque assumenda qui quia.',1,0,'2011-07-16 18:58:04','2020-09-06 18:23:49'),(141,46,32,'Aut et dolorum quo tempora neque explicabo. Quisquam cumque quia et est aspernatur ut laboriosam. Rem nihil placeat accusamus asperiores consequatur minus ut deleniti.',0,0,'1983-08-27 10:41:36','2020-09-06 18:23:49'),(142,24,23,'Consectetur dicta sunt asperiores. Dignissimos consequatur velit ipsam et distinctio deleniti animi magni. Alias aut repudiandae quia voluptas et.',0,1,'1996-09-17 22:47:42','2020-09-06 18:23:49'),(143,41,36,'Magnam voluptas eum nobis voluptas ut. Veniam aut ipsam eum nesciunt et molestiae sit. Minima aspernatur libero est est amet. Quia tempora architecto autem et.',1,0,'1973-09-07 18:41:56','2020-09-06 18:23:49'),(144,55,67,'Dolor et aut consequatur dignissimos dicta. Aliquam totam quo distinctio odio quos repellendus dolore error.',1,1,'2015-12-08 07:26:35','2020-09-06 18:23:49'),(145,71,52,'Quibusdam amet officiis quia enim enim omnis accusamus. Quisquam esse quod eum similique nihil sequi. Impedit beatae autem et vel et et nam.',0,1,'1971-07-02 07:53:16','2020-09-06 18:23:49'),(146,46,74,'Reprehenderit molestiae consequatur perferendis quia iusto. Iure tempore ut maiores optio. Nesciunt ut cum voluptatem qui vel animi. Voluptas voluptatem est et itaque.',0,1,'1974-11-04 23:08:25','2020-09-06 18:23:49'),(147,34,45,'Dolor est numquam nobis aut numquam debitis iusto. Praesentium aperiam ut sed. Sint expedita eligendi quasi nostrum et et. Optio dolore et asperiores repellendus corrupti.',1,1,'2001-09-08 23:10:32','2020-09-06 18:23:49'),(148,23,77,'Animi consequatur deserunt ab. Consequatur et quis iusto in. Nisi sunt accusamus illo quisquam.',1,1,'1976-12-06 17:47:27','2020-09-06 18:23:49'),(149,19,63,'Aut inventore a nemo quibusdam. Qui autem recusandae ducimus facere. Corrupti et quisquam id labore iure aut.',1,1,'1974-09-15 18:20:07','2020-09-06 18:23:49'),(150,58,100,'Quo ratione itaque consectetur eos quis. Aut rerum ex est voluptatibus.',0,1,'1998-02-22 00:46:38','2020-09-06 18:23:49'),(151,25,25,'Rerum voluptas omnis perspiciatis voluptas quaerat alias voluptatem. Rerum omnis qui omnis consequuntur. Id voluptates dolorem incidunt eum qui odit.',1,1,'2010-06-17 00:51:09','2020-09-06 18:23:49'),(152,48,65,'Ut impedit autem qui excepturi mollitia. Natus aut ut numquam possimus. Autem quasi ex est ex blanditiis omnis occaecati. Qui in omnis voluptatem voluptatem.',0,1,'1987-07-17 21:50:51','2020-09-06 18:23:49'),(153,82,13,'Qui autem atque asperiores saepe voluptate modi. Praesentium fugiat impedit nesciunt reiciendis. Cum maiores laborum voluptatibus dolorem eius nihil incidunt.',0,0,'2011-06-05 02:37:21','2020-09-06 18:23:49'),(154,19,56,'Esse quia eligendi dolorum quo. Voluptas sint omnis aut. Est exercitationem ipsam nesciunt non dolores. Saepe nostrum necessitatibus voluptatem asperiores rerum quis.',1,0,'2015-07-04 01:28:02','2020-09-06 18:23:49'),(155,24,48,'Rerum id cum rem tempora. Ex id rerum corrupti consequuntur similique. Aut consectetur quaerat possimus et dolor rerum consequatur. Consequatur amet tenetur velit enim inventore.',0,1,'1980-10-20 09:28:15','2020-09-06 18:23:49'),(156,71,8,'Voluptas necessitatibus est tenetur architecto reiciendis eaque ea. Autem quidem deleniti a error alias. Nihil est aperiam animi.',0,0,'2008-06-08 21:13:19','2020-09-06 18:23:49'),(157,29,20,'Quidem aut qui optio a saepe aut. Et omnis quibusdam velit similique. Atque consequuntur blanditiis et nobis qui.',1,0,'1994-12-13 04:26:49','2020-09-06 18:23:49'),(158,13,2,'Voluptatem totam assumenda voluptatum consequuntur omnis voluptas. Adipisci aut incidunt pariatur eos soluta dolor. Eum deserunt at porro accusamus perferendis culpa laboriosam.',1,1,'2012-10-09 06:27:48','2020-09-06 18:23:49'),(159,72,53,'Autem numquam eveniet et ipsum alias voluptas. Molestias iusto vero aperiam repellat. Eum quibusdam non nihil in.',1,1,'2004-05-24 23:21:22','2020-09-06 18:23:49'),(160,50,91,'Commodi ut recusandae nam perferendis sunt rem eaque. Illum vero voluptatibus et odit. Iure et commodi distinctio dolor quasi sapiente. Eligendi et aut corporis iste et perspiciatis quam.',1,1,'1975-08-23 04:35:05','2020-09-06 18:23:49'),(161,5,48,'Facere eos iure voluptas earum maxime aut porro. Error harum quis quo voluptatibus. Enim consequatur est consectetur repudiandae voluptatem ipsum. Est ipsa impedit ducimus et impedit.',1,1,'1994-01-22 20:39:40','2020-09-06 18:23:49'),(162,28,93,'Tenetur est repellat beatae consequuntur. Numquam assumenda itaque minus magnam est odio praesentium. Sint veniam rem necessitatibus ut aperiam voluptatem. Voluptatibus consectetur illo eius incidunt et aut et quisquam. Voluptatem consequuntur necessitatibus necessitatibus cum molestiae deleniti veritatis.',1,1,'2015-02-08 04:01:52','2020-09-06 18:23:49'),(163,81,26,'Iure architecto laudantium omnis cumque quo laudantium ea. Et ut blanditiis libero vel animi tempore beatae harum. Fuga ea similique tempore omnis molestias dolor. Dolorem fugit a quod rerum voluptate vel. Repellat omnis ipsum rem magnam dolores asperiores perspiciatis.',0,1,'2013-06-25 15:58:08','2020-09-06 18:23:49'),(164,85,49,'Hic necessitatibus sed cupiditate odio voluptatem accusamus est blanditiis. Ut voluptas nihil laudantium quia est. Tenetur consequatur qui quia consequatur expedita laudantium pariatur.',1,1,'1973-12-24 11:33:19','2020-09-06 18:23:49'),(165,89,97,'Similique ullam voluptas quia omnis et velit voluptas. Cumque placeat facere vel ducimus nihil et.',1,1,'2003-08-31 20:37:10','2020-09-06 18:23:49'),(166,18,100,'Necessitatibus cupiditate possimus sunt. Dolorem quibusdam ut nostrum dolor tempora quia. Exercitationem veniam eum mollitia est.',0,0,'1997-03-02 05:00:06','2020-09-06 18:23:49'),(167,45,26,'Porro laborum ducimus expedita nihil corporis. Odit magnam non officiis tenetur labore.',0,1,'2017-11-18 19:37:43','2020-09-06 18:23:49'),(168,92,83,'Corporis est qui ratione ut recusandae. Pariatur maiores deleniti cum reiciendis quia aut laudantium. Nulla dolorum illo incidunt hic. Alias non voluptatibus libero recusandae recusandae eum vero. Harum quibusdam quaerat nobis rerum porro.',1,1,'1972-11-22 23:23:55','2020-09-06 18:23:49'),(169,40,49,'Quisquam culpa eaque omnis aliquid laudantium. Est ut tenetur molestiae sit quia molestiae. Illo provident deleniti aut veniam culpa qui. Asperiores architecto dolorum nostrum quidem.',1,1,'2010-07-04 19:08:30','2020-09-06 18:23:49'),(170,25,79,'Quia rerum quis natus non sunt iste atque. Voluptatum magnam enim voluptatem nobis impedit. Id tempore aut molestiae officia facilis sed. Aperiam commodi dolor quas nesciunt delectus ut maxime.',0,0,'2007-08-28 09:46:42','2020-09-06 18:23:49'),(171,17,50,'Ducimus nostrum blanditiis autem inventore quaerat dolores. Cum blanditiis in debitis. Dolores mollitia fugit velit voluptas qui earum. Rem ut blanditiis expedita veritatis.',0,1,'1988-08-06 10:57:50','2020-09-06 18:23:49'),(172,95,27,'Adipisci non similique quam magni facilis ipsam. Et eligendi et sed et. Dolores voluptate distinctio id recusandae itaque. Praesentium similique voluptatem et qui aut.',1,1,'2010-11-22 00:09:57','2020-09-06 18:23:49'),(173,49,65,'Laudantium perferendis architecto delectus aut perspiciatis unde. Perferendis quisquam tenetur qui quas quod totam fugiat sint. Cupiditate sit neque deserunt asperiores earum dolores accusamus.',1,0,'1972-02-25 18:35:56','2020-09-06 18:23:49'),(174,78,95,'Et sit sed ullam et cupiditate veniam. Porro iste illo autem distinctio. Et aut sunt dolor voluptatem.',0,0,'1975-09-10 18:16:22','2020-09-06 18:23:49'),(175,40,16,'Ipsum est quibusdam facilis porro. Cupiditate et nobis est sint consectetur ipsa. Sunt ipsum consequatur repellat nulla. Exercitationem sapiente eos quo aut fuga ipsa accusantium. Exercitationem vel voluptates corrupti qui ratione.',0,0,'2010-03-01 07:20:21','2020-09-06 18:23:49'),(176,58,41,'Odit cumque quia ducimus corrupti. Deserunt repellat commodi dicta quaerat. Consequatur sed aut assumenda. Architecto est corporis eos quae asperiores.',0,0,'1985-01-23 18:22:44','2020-09-06 18:23:49'),(177,31,29,'Itaque quibusdam accusamus facilis ut id veritatis. Temporibus ratione fugiat nemo et. Soluta enim deleniti sit voluptatibus et in. Voluptatibus temporibus eveniet veniam explicabo quas.',1,1,'2016-05-09 14:26:07','2020-09-06 18:23:49'),(178,55,86,'Adipisci consequatur dolores est cumque placeat. Qui repellendus reprehenderit ut odio sint aliquid aut. Exercitationem vel vero quisquam occaecati culpa dolore. Quisquam ducimus sit rerum quos.',1,0,'1998-10-14 06:06:42','2020-09-06 18:23:49'),(179,64,63,'Rem illum quia consectetur. Nulla totam sint et temporibus quia et. Inventore consequatur est voluptatem odio velit ea. Et reprehenderit ratione quo ipsum. Quia et velit beatae nisi et eos.',1,0,'2016-07-01 17:29:43','2020-09-06 18:23:49'),(180,24,28,'Laudantium aut ratione aliquam. Consequatur aut eius labore ipsa aut est magni id.',1,0,'2002-12-07 15:51:49','2020-09-06 18:23:49'),(181,68,57,'Voluptatum repudiandae architecto officia sit. Commodi eveniet dolores enim assumenda voluptas enim. Nobis occaecati soluta ratione pariatur sit sit. Incidunt illo ut et et qui necessitatibus. Aut dolor dicta ut molestiae voluptas cupiditate illum labore.',1,1,'2016-09-06 09:54:09','2020-09-06 18:23:49'),(182,78,20,'Soluta sit qui nesciunt dolores nam. Unde et temporibus delectus non repellendus. Et dolor et ipsum consequatur.',0,0,'2009-04-14 23:31:55','2020-09-06 18:23:49'),(183,66,69,'Molestiae dolorem itaque ad repellendus cumque laboriosam. Expedita qui sit molestiae temporibus harum qui. Placeat iste est ad dolor. Error voluptatem nulla pariatur vitae. Maxime debitis nemo sunt reiciendis hic ipsum veritatis.',1,0,'1988-04-01 11:26:00','2020-09-06 18:23:49'),(184,47,29,'Eius voluptas aspernatur aut. Libero eum dolorem nisi. Quaerat laborum aliquam illo labore alias. Inventore rem in rerum ullam. Eos totam praesentium distinctio ea suscipit.',1,1,'1988-11-12 13:16:12','2020-09-06 18:23:49'),(185,3,28,'Eaque id hic quia deserunt eius dolore corporis maiores. Illum voluptatem ducimus pariatur rem perspiciatis exercitationem. Explicabo dolor unde eligendi temporibus repellat corrupti mollitia. Rerum blanditiis sunt et enim est et occaecati.',1,1,'2000-12-15 15:18:37','2020-09-06 18:23:49'),(186,29,62,'Doloribus provident consectetur tenetur et rem. Quisquam porro enim saepe deserunt tempore quo illum maxime. Alias officia voluptatem sit.',1,1,'1972-07-23 10:00:02','2020-09-06 18:23:49'),(187,24,30,'Labore est voluptatem soluta aut. Alias voluptate nisi eaque deleniti. Possimus quasi neque dolor qui quia velit. Repellat ratione qui expedita placeat dolorum rerum.',0,0,'1995-01-08 06:43:36','2020-09-06 18:23:49'),(188,78,2,'Velit tenetur cum enim et iusto. Quo ullam aliquid dolores eius quo omnis. Enim totam corrupti amet est repellat est repellendus.',0,1,'1971-07-20 14:53:59','2020-09-06 18:23:49'),(189,73,58,'Molestiae accusantium dicta aut optio. Sit veritatis provident quasi vel. Velit dolore eligendi adipisci tempora commodi iusto voluptatem doloremque.',1,0,'2002-05-21 12:04:05','2020-09-06 18:23:49'),(190,71,83,'Quibusdam assumenda dicta ea. Est nisi nisi non dolorum.',1,1,'1983-02-16 20:53:45','2020-09-06 18:23:49'),(191,99,46,'Rerum quibusdam qui quaerat delectus. Vel est omnis natus accusamus velit nihil alias. Totam excepturi a enim eos iusto. Sit provident dignissimos maiores. Nam odio omnis sit sit earum.',1,1,'1996-03-31 02:46:51','2020-09-06 18:23:49'),(192,33,26,'Consequatur omnis repellat quas et atque. Aliquid exercitationem vel fugiat et aut. Est quidem voluptates est. Sunt magni aut corporis voluptatem eaque labore magnam sed.',0,0,'1979-11-02 10:38:24','2020-09-06 18:23:49'),(193,29,66,'Esse est magnam eos vero quis itaque. Nisi placeat iure recusandae. Quam consequuntur labore magni similique laudantium numquam.',0,0,'1990-06-17 12:22:48','2020-09-06 18:23:49'),(194,43,16,'Nulla vero quia quisquam molestiae dolorem. Sint suscipit facere qui accusantium repudiandae voluptatem ut.',1,1,'1998-07-10 15:25:33','2020-09-06 18:23:49'),(195,51,5,'Sequi cupiditate officiis accusamus asperiores iste commodi. Expedita non facilis mollitia magnam iure perspiciatis.',0,0,'1973-11-12 17:19:48','2020-09-06 18:23:49'),(196,73,49,'Ut et quia eius provident atque. Dolorem quod suscipit sunt maxime id. Voluptatibus et est quod aperiam.',1,1,'2003-01-10 09:56:57','2020-09-06 18:23:49'),(197,24,72,'Aut incidunt aut minus nam corporis. Quia voluptatem exercitationem qui molestias ex ut. Sint magnam quis vel.',0,0,'2006-01-04 02:58:18','2020-09-06 18:23:49'),(198,87,22,'Similique iure quibusdam minima pariatur. Accusantium aperiam sint ut quos earum. Dolorem exercitationem alias doloribus fugit et odit inventore nihil. Facilis asperiores non ab qui. Aut dolore porro velit.',0,0,'2006-06-10 01:07:02','2020-09-06 18:23:49'),(199,45,60,'Sit iste voluptate eligendi quia excepturi rerum. Autem est tempora ex consequatur. Debitis reiciendis ut enim molestiae aut velit. Sunt eligendi officiis qui voluptas corrupti.',1,0,'2007-08-07 08:05:42','2020-09-06 18:23:49'),(200,63,36,'Autem dicta magni ut. Sunt ipsa quaerat deleniti officia excepturi enim repellat.',1,1,'2003-11-26 05:25:26','2020-09-06 18:23:49'),(201,90,41,'Et recusandae corporis aliquam dignissimos ducimus sit velit. Labore est rem optio rerum suscipit explicabo autem.',1,1,'2013-10-27 12:27:48','2020-09-06 18:23:49'),(202,35,50,'Possimus ut adipisci autem atque omnis ipsa. Eos et atque autem reprehenderit. Libero voluptas ratione enim incidunt non. Aut sint consequatur minus tenetur illo culpa.',0,1,'2011-12-07 13:24:47','2020-09-06 18:23:49'),(203,44,69,'Nihil qui magni blanditiis sed repellat. Ut sit pariatur deleniti. Sit repellendus qui aperiam minima quia doloremque. Officia odit repellat et ea.',0,0,'1992-02-07 10:01:30','2020-09-06 18:23:49'),(204,12,56,'Accusantium explicabo qui autem accusantium. Ut culpa necessitatibus perspiciatis eos. Laboriosam aut et fuga corporis nemo eos sit enim. Exercitationem alias rerum quis sequi placeat culpa nesciunt eos.',1,1,'2002-02-10 08:29:58','2020-09-06 18:23:49'),(205,41,35,'Quo doloribus ex sint aut sint rerum earum. Sed non dolorem recusandae ullam. Itaque dolor ut ad modi tempora.',0,1,'1998-12-24 18:45:30','2020-09-06 18:23:49'),(206,53,61,'Fugiat est laboriosam beatae delectus. Corporis nam voluptatum vero aliquid velit tenetur. Ad et sed in perspiciatis nihil sit explicabo et. Perferendis voluptas veritatis molestias distinctio.',0,0,'1980-08-28 15:16:30','2020-09-06 18:23:49'),(207,46,44,'Architecto doloremque assumenda sint consequatur. Nihil iure recusandae qui explicabo praesentium. Qui voluptatem fugiat magni occaecati ea deserunt. Quia non iusto aut eos.',0,1,'2006-06-04 12:34:17','2020-09-06 18:23:49'),(208,82,77,'Quod vel ut ut. Numquam magni aut voluptates maiores ipsum. Id sint excepturi rerum tenetur veniam omnis et. Et qui vel dignissimos fugiat minima consequatur ut.',0,1,'2002-03-04 15:12:20','2020-09-06 18:23:49'),(209,41,71,'Consectetur sit incidunt facilis et sit doloribus soluta. Vitae autem rerum saepe. Ratione in harum dolores qui delectus accusamus qui iure. Quidem sed harum voluptate error.',0,0,'2003-06-14 08:59:41','2020-09-06 18:23:49'),(210,33,53,'Ad necessitatibus distinctio numquam quia dignissimos itaque non. Ex deserunt laboriosam delectus placeat nulla mollitia voluptas omnis. Ullam necessitatibus sequi ducimus commodi consequuntur voluptatem. Eum recusandae sed laborum voluptatem.',0,0,'2008-10-03 23:11:23','2020-09-06 18:23:49'),(211,63,58,'Et iste minima ut voluptatem. Nihil facilis minus nihil praesentium sed incidunt libero. Animi qui ut nostrum. Quo totam doloribus omnis ad nemo.',0,0,'1982-12-10 19:02:17','2020-09-06 18:23:49'),(212,99,21,'Et et facere in minus officiis ipsam. Totam in sed aut adipisci molestiae odit corrupti. Aut soluta sunt qui debitis exercitationem labore nisi.',0,0,'1977-06-12 23:06:52','2020-09-06 18:23:49'),(213,8,75,'Tempora veritatis et ullam est. Veniam harum cum ipsa cum. Ipsum sed quia delectus laudantium alias itaque. Consequatur et aut magnam nihil.',0,0,'2011-01-23 03:00:38','2020-09-06 18:23:49'),(214,51,29,'Rem sit odio nisi ab non eum aperiam. Voluptatem fugiat autem deserunt ipsam accusamus. Ut incidunt quam reiciendis dignissimos distinctio inventore.',0,0,'1986-06-06 04:57:55','2020-09-06 18:23:49'),(215,93,77,'Fugit molestiae unde velit. Similique beatae voluptas placeat in quis placeat. Quos numquam ipsa sit quibusdam voluptas.',0,1,'1988-07-25 02:44:32','2020-09-06 18:23:49'),(216,3,86,'Cumque dolorem a corporis repellat reiciendis quibusdam. Molestias delectus laudantium eum enim dicta eum omnis. Harum eum consectetur qui veniam itaque dolor saepe. Maxime et et praesentium laborum at.',1,1,'1997-04-18 12:58:25','2020-09-06 18:23:49'),(217,21,46,'Eveniet nemo vel consequatur saepe impedit omnis. Itaque voluptatem nulla labore quisquam architecto dolor.',1,1,'2015-07-18 06:35:54','2020-09-06 18:23:49'),(218,64,84,'Laudantium possimus reiciendis assumenda rerum expedita cum adipisci. Animi perferendis aut sed ipsa exercitationem et. Laboriosam non vel eius nemo velit dolorem. Ut natus et aut et suscipit quas ut.',0,1,'1993-02-08 13:33:59','2020-09-06 18:23:49'),(219,27,81,'Porro in consequatur optio mollitia nostrum. Aut est dolores rem iste quo et delectus. Alias incidunt perferendis voluptate alias sint eos. Quia nostrum occaecati dolores id est earum.',1,0,'2006-11-19 12:25:01','2020-09-06 18:23:49'),(220,25,83,'Odio quia facere nihil nobis ducimus voluptatibus sapiente. Nobis qui velit dolorum. Illum aut inventore aut officiis eligendi id.',0,0,'1977-01-23 12:57:35','2020-09-06 18:23:49'),(221,38,39,'Soluta rerum sint itaque aut vero. Labore id qui accusamus sit possimus. Praesentium reiciendis quae similique modi. Repudiandae adipisci sit debitis dicta eum quo.',0,1,'2013-06-23 05:34:00','2020-09-06 18:23:49'),(222,81,88,'Quas inventore quis expedita voluptatibus dolorem inventore. Voluptas unde praesentium totam repudiandae laborum animi minus iusto. Ullam doloribus tempora odit fugiat ipsa quis sapiente odit. Illum molestiae beatae corporis non magni nesciunt ut.',1,0,'1972-05-25 16:41:49','2020-09-06 18:23:49'),(223,96,16,'Quia qui unde earum ea molestiae aut facere. Iure eos eum non. Quae quis et ut nesciunt recusandae nulla.',0,0,'1981-04-01 13:34:45','2020-09-06 18:23:49'),(224,92,13,'Optio quisquam qui corrupti mollitia consequuntur. Maxime vel blanditiis eius non culpa sapiente temporibus. Dicta voluptatibus occaecati et eaque.',0,1,'1982-09-24 15:37:46','2020-09-06 18:23:49'),(225,87,94,'Quo ipsa quo sed laborum harum. Ad facere eaque et nulla alias. Consequatur laboriosam et totam aut. Commodi sed cupiditate aliquam velit.',0,0,'1970-07-16 01:25:34','2020-09-06 18:23:49'),(226,9,64,'Voluptatum et at aliquid incidunt praesentium. Quisquam ab assumenda quisquam ea enim tempora.',0,0,'1978-10-02 14:37:14','2020-09-06 18:23:49'),(227,91,65,'Explicabo esse mollitia facilis eum eos. Aut magni ea aut ratione incidunt ea. Nesciunt modi iure unde ipsa placeat.',0,0,'2014-07-04 03:42:14','2020-09-06 18:23:49'),(228,49,48,'Earum voluptates nisi consequatur unde sequi et omnis. Illo architecto facere architecto voluptatum placeat.',1,1,'2020-06-17 00:00:29','2020-09-06 18:23:49'),(229,95,30,'Est voluptatibus nulla a. Quo saepe rerum sit aut quas aliquam ullam. Nesciunt voluptas reiciendis consequatur enim. Libero id inventore veniam iusto voluptas earum accusantium a.',1,0,'1971-02-23 02:52:20','2020-09-06 18:23:49'),(230,66,38,'Corporis officiis nemo vero totam. Aut totam voluptatem reprehenderit est accusantium. Officia repudiandae dolor aspernatur dolorum placeat dolores.',0,0,'1998-01-20 03:43:30','2020-09-06 18:23:49'),(231,93,50,'Dolor quis quo recusandae sit. Similique accusantium deleniti vero omnis sed enim. Minus voluptatum nisi voluptatem recusandae quasi. Sit qui ut iste animi.',1,1,'1987-08-27 03:39:23','2020-09-06 18:23:49'),(232,71,5,'In reprehenderit autem voluptates id reiciendis aut. Quidem ratione qui est blanditiis delectus. Aut voluptas temporibus vero consequatur eveniet perferendis delectus.',0,0,'1992-02-18 17:26:15','2020-09-06 18:23:49'),(233,13,47,'Aut veritatis vero a quo soluta vitae maxime. Unde aut ea laudantium sed. Laborum odit et inventore aut adipisci ipsam provident distinctio. Aliquam veritatis reiciendis ut.',1,1,'1974-11-12 00:26:25','2020-09-06 18:23:49'),(234,97,44,'Repellat dolores necessitatibus cupiditate accusantium. Eligendi accusamus alias sapiente aut quae facere exercitationem. Qui vero ut beatae in delectus id non.',1,0,'1998-08-06 21:16:08','2020-09-06 18:23:49'),(235,28,6,'Iusto modi praesentium est hic optio. Et mollitia voluptatem mollitia corporis. Est exercitationem mollitia facere beatae suscipit asperiores. Quos repellendus quos corporis qui sint soluta voluptas. Omnis ipsa accusamus enim enim iure iusto.',0,1,'1975-12-13 04:57:10','2020-09-06 18:23:49'),(236,48,20,'Ut possimus sed sequi in alias quae a ut. Quo veritatis et eum fugit qui nihil. Et quaerat accusantium ut quia.',0,0,'1970-09-29 18:16:25','2020-09-06 18:23:49'),(237,56,17,'Ad voluptas veniam iusto et ratione maxime quisquam. Ut fuga et sit quibusdam aut corporis et. Aspernatur harum omnis nesciunt et sint sit in. Esse consequatur accusamus facere cum.',0,1,'1987-07-18 14:30:40','2020-09-06 18:23:49'),(238,19,45,'Dicta consequuntur consectetur molestiae aut dolor est sit aspernatur. Laboriosam laboriosam delectus aut. Dolore quia soluta quis similique sit.',1,0,'1986-03-31 07:37:58','2020-09-06 18:23:49'),(239,66,96,'Atque et et autem sint assumenda qui est. Quae enim mollitia et sunt expedita. Ex quisquam numquam harum rem fugit quia excepturi et.',0,1,'1981-10-11 12:26:43','2020-09-06 18:23:49'),(240,79,5,'Consequatur hic totam laboriosam molestiae omnis aut. Vel voluptatem in facere quam qui modi deleniti sit. Cumque aliquid doloremque autem ea numquam porro.',1,1,'1998-10-26 07:11:23','2020-09-06 18:23:49'),(241,91,39,'Mollitia non consequuntur veniam et aut. Aliquid et ut placeat animi. Veritatis corporis quas eligendi et optio aut et. Enim qui adipisci alias quaerat qui similique.',1,0,'1995-11-30 11:19:52','2020-09-06 18:23:49'),(242,22,93,'Mollitia eveniet quaerat optio nihil cumque. Alias ut unde est blanditiis facere. In quia non atque ut dolore consequatur ipsa. Sint ut nobis ex mollitia rem non.',0,1,'2010-03-04 16:19:35','2020-09-06 18:23:49'),(243,99,16,'Eaque earum ipsum ea aperiam iure sapiente maxime. Eligendi dolorem iure at est iure neque. Repellat cupiditate odit tempore quos. Aliquam et rerum enim ipsa voluptates qui.',1,0,'2017-04-25 21:20:35','2020-09-06 18:23:49'),(244,83,64,'Est labore libero consequatur explicabo saepe ea nostrum. Sunt voluptatem pariatur velit corporis commodi velit. Ipsa aspernatur occaecati eos quia laborum facere deserunt. Laudantium aut ut veniam.',1,1,'1997-07-08 03:54:15','2020-09-06 18:23:49'),(245,74,74,'Quis qui enim similique cumque dolor cupiditate dolor. Rem facere hic iste facere iusto. Adipisci atque omnis est recusandae ex voluptas. Veniam non nostrum dolore animi ducimus labore a.',0,1,'1995-05-02 02:16:37','2020-09-06 18:23:49'),(246,50,26,'Itaque quae dolorum dolores omnis quo. Dignissimos modi et pariatur omnis. Et blanditiis aut error sunt beatae.',0,0,'2010-11-22 11:25:43','2020-09-06 18:23:49'),(247,79,16,'Perspiciatis iusto sapiente est dolore. Libero voluptas deleniti ut blanditiis quia et beatae. Repudiandae numquam quo sapiente inventore aspernatur distinctio.',0,1,'1974-03-13 15:34:27','2020-09-06 18:23:49'),(248,43,67,'Accusantium dolorem porro ut. Qui totam repudiandae mollitia dolorem eveniet eos tenetur.',1,1,'2013-04-27 14:43:54','2020-09-06 18:23:49'),(249,6,27,'Nobis est molestias repellat possimus repellat. Asperiores et aut ut possimus quo vitae. Iste minus sequi labore porro ratione possimus ipsam.',1,1,'1979-07-21 18:51:14','2020-09-06 18:23:49'),(250,19,11,'Fuga officia ad a pariatur. Esse quia et sapiente cumque et cumque. Aut et sequi voluptatem non sunt rerum.',1,1,'2012-10-04 11:05:40','2020-09-06 18:23:49'),(251,96,50,'Quisquam eum error optio repellat. Enim expedita tenetur velit autem expedita. Necessitatibus facilis quaerat sit est dolorum. Nostrum perferendis et ut est.',1,1,'2009-06-20 16:06:00','2020-09-06 18:23:49'),(252,61,52,'Odit similique exercitationem hic. Quas autem quo id nihil consequatur. Omnis libero dolorem iste magnam aut aut maxime. Eos non est culpa non sunt culpa assumenda ut.',0,0,'1997-04-01 06:54:09','2020-09-06 18:23:49'),(253,77,29,'Maiores ut possimus excepturi esse a. Vel laudantium nisi fugit. Autem hic et repudiandae numquam dolorem a. Non reprehenderit quidem nesciunt in non sed tempora.',0,0,'1984-06-13 01:34:32','2020-09-06 18:23:49'),(254,14,83,'Est nobis excepturi quibusdam magnam dolor quos cum. Enim quis similique harum distinctio nihil et recusandae. Et similique debitis et illum.',1,0,'2007-12-28 22:41:17','2020-09-06 18:23:49'),(255,71,6,'Fugiat neque molestias non adipisci dolor maxime dolorem. Voluptate qui debitis ipsa occaecati non repellat. Quis ut vitae itaque et placeat sunt eos minus. Ratione impedit ea magnam voluptas adipisci.',0,1,'1977-05-24 13:44:02','2020-09-06 18:23:49'),(256,18,73,'Quia praesentium voluptates sunt quam nihil magnam neque voluptatem. Et sint et aut fuga provident dicta voluptatem. Ab sunt eum quo enim est. Qui perspiciatis quo placeat dolorem non qui.',0,0,'1980-10-22 09:07:29','2020-09-06 18:23:49'),(257,7,18,'Provident dolorem ducimus dolorem et. Id iste assumenda sequi neque numquam accusantium occaecati omnis. Qui animi dolor in et voluptatum.',1,0,'1980-09-27 15:29:30','2020-09-06 18:23:49'),(258,66,76,'Eum maiores quia eum id laudantium et nam. Sed et labore tempora consequuntur quos laborum sit. Quam dolorem dolor expedita. Libero consequuntur reprehenderit animi id pariatur aspernatur voluptatem.',1,1,'2009-07-31 17:02:27','2020-09-06 18:23:49'),(259,84,89,'Omnis ratione asperiores et. Aspernatur animi voluptas architecto dolores iure eum. Error libero iste quae atque quia possimus.',1,1,'1979-12-25 17:12:51','2020-09-06 18:23:49'),(260,93,99,'Impedit et numquam rerum sint ab qui quia laudantium. Voluptatem voluptatem ut placeat nisi sunt. In consectetur est asperiores soluta ut.',0,1,'1992-03-05 04:28:44','2020-09-06 18:23:49'),(261,15,76,'Molestias tempora ducimus officiis repudiandae sapiente iusto sed. Unde quas magni dolor.',1,1,'2005-06-29 10:08:08','2020-09-06 18:23:49'),(262,36,49,'Quae nostrum qui nemo totam tenetur. Aut omnis numquam beatae quia et qui harum est. Molestiae non eaque accusamus ea dignissimos. Perferendis molestiae dolorem eveniet nemo.',1,0,'1993-06-11 00:26:48','2020-09-06 18:23:49'),(263,39,46,'Amet aspernatur recusandae aut magni blanditiis temporibus nihil qui. Dicta odio aut soluta et et. Ea sed quia soluta rerum sunt ab saepe. Iste quod voluptas temporibus nesciunt officiis et nihil quia.',0,0,'2011-01-22 17:06:57','2020-09-06 18:23:49'),(264,14,32,'Molestias et sed culpa consequatur dolorem quae quidem. Accusantium sequi voluptas doloremque omnis atque molestiae totam. Ut exercitationem fugit animi qui debitis velit. Placeat nisi a quidem sapiente voluptas.',0,0,'1996-11-03 14:58:55','2020-09-06 18:23:49'),(265,18,91,'Perferendis nam at veniam doloremque earum. Odit veritatis maxime molestiae labore alias qui. Mollitia nisi quia distinctio id. Voluptas molestias quae quia earum incidunt.',1,0,'2007-01-09 21:22:26','2020-09-06 18:23:49'),(266,1,30,'Fugit dolor delectus iusto rerum iure quis beatae. Labore provident aut nemo magnam aut eveniet laboriosam. Et quo similique ducimus. Autem ratione consequatur iusto temporibus et laboriosam aut.',0,0,'1982-02-12 21:31:14','2020-09-06 18:23:49'),(267,49,53,'Eum consectetur beatae non vero voluptatum officia earum ducimus. Beatae laboriosam consequuntur voluptate pariatur maxime. Ut velit officia natus ab molestias.',1,1,'1982-07-01 15:50:08','2020-09-06 18:23:49'),(268,20,38,'Aperiam at eos eos est fugiat minima repellendus. Laudantium animi necessitatibus explicabo officia non doloribus. Assumenda rerum quia omnis minima non possimus dignissimos ut.',0,0,'1987-02-17 18:46:06','2020-09-06 18:23:49'),(269,30,36,'Vel natus inventore non dignissimos et consequatur quisquam. Ea cupiditate tenetur expedita commodi. Incidunt qui dicta ut aliquid quia consequatur. Consequatur dignissimos commodi esse ut pariatur.',0,0,'1972-02-17 20:54:49','2020-09-06 18:23:49'),(270,89,38,'Fuga quia pariatur et quia eveniet cum. Dolor praesentium sint quia sit incidunt.',0,0,'2015-01-08 00:53:06','2020-09-06 18:23:49'),(271,20,86,'Consequatur deserunt ut consequatur. Et ducimus vero aliquid et voluptas nesciunt. Quos esse adipisci quis delectus et facilis alias. Est magnam deserunt eaque quo et optio optio. Aliquam hic officiis nulla dolores commodi sit eum.',1,1,'2019-07-18 14:24:41','2020-09-06 18:23:49'),(272,71,95,'Tempora aut in quis dolorum. Sapiente quisquam odit suscipit cum officiis iure cum sed. Fugiat repellendus et est enim numquam. Magni enim nobis voluptatem quas.',0,1,'2015-09-18 05:42:04','2020-09-06 18:23:49'),(273,63,30,'Natus rem vero et minus. Natus magni et distinctio sequi. Non inventore quod sed libero at. Quo qui eveniet pariatur nostrum suscipit.',0,0,'1984-10-15 06:46:01','2020-09-06 18:23:49'),(274,58,99,'Et qui quod quod soluta quidem nostrum. Modi quidem mollitia non a occaecati.',1,1,'1985-06-15 03:16:59','2020-09-06 18:23:49'),(275,21,9,'Eveniet repellendus qui quis qui quisquam. Sed ipsa totam enim libero consequatur vel reiciendis. Tenetur voluptatum et qui culpa. Ullam accusamus sit dolorem voluptate alias numquam.',0,0,'2010-07-28 12:22:18','2020-09-06 18:23:49'),(276,82,83,'Assumenda odio reiciendis facere nobis dolor quis voluptas. Quae reiciendis ut iusto officia porro et consequuntur sint. Voluptatem facilis voluptatum neque earum.',0,0,'1993-07-22 03:57:30','2020-09-06 18:23:49'),(277,67,84,'Sed mollitia quaerat nemo dolorum. Qui velit maiores qui quis. Porro earum doloremque dignissimos dolores impedit libero quia laborum. Explicabo et quis consequatur saepe. Quo vel quia nisi ipsa similique.',0,0,'1983-04-04 07:08:57','2020-09-06 18:23:49'),(278,20,47,'Quod sapiente id non vel veniam. Esse illum reiciendis accusantium dignissimos facere illo laboriosam sit. Maiores aliquid non culpa ipsum.',1,0,'1985-04-04 17:27:21','2020-09-06 18:23:49'),(279,75,35,'Accusantium aliquam blanditiis rerum laborum libero aut sequi. Doloremque iste sed rerum amet modi fugit. Vel beatae dolorem magni est alias.',0,1,'1971-02-22 05:21:43','2020-09-06 18:23:49'),(280,50,44,'Magni id sunt et autem tenetur sapiente consequuntur. Sed quisquam natus autem aspernatur qui dolores. Voluptate earum provident veniam commodi. Eaque ad labore deserunt dolor corrupti.',0,1,'2018-06-07 13:10:12','2020-09-06 18:23:49'),(281,70,16,'Voluptates quas vel sapiente est. Adipisci corporis placeat voluptatibus unde officiis. Eveniet magnam sapiente qui voluptas natus ad totam. Aliquam dolorem sit vero officiis ratione id odio.',0,1,'1998-08-05 03:18:35','2020-09-06 18:23:49'),(282,69,95,'Sint laudantium aliquid quis fugit et nobis. Eius eum eum sed est modi quisquam ut id. Et sunt ipsam dolores quaerat. Aut ut pariatur facere est.',0,0,'2010-10-01 08:13:08','2020-09-06 18:23:49'),(283,70,63,'Occaecati alias sint omnis voluptate dolore aliquam. Totam consequuntur aut velit magnam vitae assumenda rerum. Consequuntur et aspernatur sed dolor adipisci id excepturi eos.',0,1,'1985-05-27 05:53:40','2020-09-06 18:23:49'),(284,7,42,'Sit possimus architecto blanditiis est odit labore quibusdam. Nam quo rerum non. Nemo qui ipsa alias et voluptas ut et nam.',1,1,'2014-10-12 06:14:38','2020-09-06 18:23:49'),(285,91,28,'Mollitia placeat quis magnam. Quis consequatur dolorum molestiae. Eum ad aut eum et sit.',1,1,'1994-10-29 03:09:02','2020-09-06 18:23:49'),(286,66,46,'Temporibus culpa voluptatum aut illum omnis consequuntur. Sed qui voluptatem tenetur ex. Excepturi harum excepturi repudiandae consequatur est doloribus.',1,0,'1976-03-19 09:26:29','2020-09-06 18:23:49'),(287,31,17,'Animi non sapiente non sint quis qui aut doloremque. Laudantium necessitatibus et culpa quia suscipit voluptatibus molestiae. Deserunt et ducimus quidem dicta consequatur dolor.',1,1,'1983-07-03 03:25:09','2020-09-06 18:23:49'),(288,93,11,'Error doloribus voluptas quidem eum veniam quae omnis. Tenetur nemo ipsum illo vero vel omnis id. Quia aspernatur sed totam dolorum. Inventore consequatur sunt natus numquam at.',0,0,'2009-10-09 06:44:43','2020-09-06 18:23:49'),(289,78,55,'Occaecati saepe est explicabo est magnam fugiat cum. Molestiae ut repellendus cumque nemo sunt aliquid aut. Consequatur reprehenderit animi fugit dolore similique.',1,0,'1978-07-21 15:46:10','2020-09-06 18:23:49'),(290,42,43,'Autem quisquam consequuntur unde reprehenderit. Praesentium doloribus expedita dolorem ut voluptas nihil.',0,0,'2001-11-26 00:16:30','2020-09-06 18:23:49'),(291,91,24,'Eveniet et officiis veritatis rerum voluptatem. Voluptatem qui repudiandae non aliquid qui quia id. Non iste praesentium ut id dignissimos fugit. Qui nobis harum asperiores.',0,0,'2005-09-15 20:28:50','2020-09-06 18:23:49'),(292,48,67,'Est recusandae corporis dignissimos delectus nam aut recusandae sit. Exercitationem minus nihil dolore et est quis dolores. Aut et recusandae dicta vero. Autem qui optio tempora cupiditate laboriosam veniam omnis.',1,1,'2019-01-29 18:17:41','2020-09-06 18:23:49'),(293,88,41,'Suscipit iure aut soluta voluptatum quia dolorem. Et optio recusandae libero voluptates sed aut necessitatibus. Porro facere eveniet architecto illum quibusdam. Corrupti aut atque quidem nulla cumque et.',1,1,'1985-09-28 08:37:42','2020-09-06 18:23:49'),(294,42,84,'Voluptatem quam sint aut illo odit cumque. Soluta qui quia voluptates voluptates pariatur delectus. Molestiae et necessitatibus voluptatem voluptatem eveniet voluptatem. Et consequatur totam in eligendi et et.',1,1,'1990-06-15 21:17:29','2020-09-06 18:23:49'),(295,94,17,'Earum dolor animi mollitia. Ipsum sint culpa omnis quo. Alias omnis atque temporibus.',1,1,'1971-01-29 02:31:51','2020-09-06 18:23:49'),(296,4,66,'Beatae repellendus sapiente animi minus repudiandae cum possimus. Nihil consequatur repellendus tempore fugiat vitae aut deleniti quibusdam. Voluptas consequatur rem et perferendis neque sunt odit. Soluta aut inventore rerum voluptas et corporis sint.',0,1,'2020-04-15 14:30:07','2020-09-06 18:23:49'),(297,18,91,'Ullam temporibus suscipit alias perspiciatis mollitia fugiat. Dolorem maiores non magni blanditiis tempore ex ea. Est exercitationem sequi ipsum. Accusamus veniam hic veritatis labore vero in maiores. Accusantium ea excepturi animi dicta quia.',1,0,'1980-07-25 13:25:14','2020-09-06 18:23:49'),(298,1,31,'Consequatur saepe nemo quis molestias dignissimos et. Dolorum quos excepturi perferendis in ullam ut deserunt.',0,1,'1978-10-06 16:52:06','2020-09-06 18:23:49'),(299,51,64,'Molestiae quis enim voluptatibus. A dolorem autem aut qui sed molestiae. Delectus ea consectetur vero perferendis sunt.',1,1,'2007-04-16 19:48:31','2020-09-06 18:23:49'),(300,64,28,'Ut eos temporibus sed beatae. Eaque et sint fuga deleniti et asperiores numquam.',1,0,'2008-09-10 05:48:33','2020-09-06 18:23:49'),(301,48,56,'Quam harum voluptatem rerum sunt qui molestiae ut. Ullam enim est dolorem sapiente dolorem repellendus ut. Ullam voluptate eum quia molestiae optio.',1,1,'1998-06-18 17:44:42','2020-09-06 18:23:49'),(302,33,99,'Repudiandae ab exercitationem pariatur harum. Eaque consequatur eaque cupiditate molestiae. Explicabo ut enim deserunt labore dolore consequatur beatae. Qui iste distinctio ea nostrum quaerat ipsam minima.',0,0,'2016-08-05 20:40:25','2020-09-06 18:23:49'),(303,95,79,'Iste ut officia molestiae id tempore. Odio laboriosam porro ullam consequatur. Aut rerum facilis est nemo sint aut. Quia non fugiat nihil labore iusto quis officiis.',0,1,'1999-08-10 12:55:48','2020-09-06 18:23:49'),(304,10,11,'Fugit voluptatem excepturi eum quae. Vitae incidunt temporibus dolores omnis dolores. Harum aut blanditiis voluptatem et ipsum aliquid. Recusandae natus qui non rerum nihil.',1,0,'1993-12-26 03:02:02','2020-09-06 18:23:49'),(305,23,84,'Provident dolor at laudantium fuga minima odit. Optio cum distinctio autem aut reiciendis sit. Adipisci qui veritatis ipsa sit ea qui molestiae.',1,1,'1987-03-25 14:10:47','2020-09-06 18:23:49'),(306,51,1,'Iure explicabo odio corporis maxime quae dolorem saepe quis. Ullam qui dolore aliquam culpa sint. Dolorem numquam dolores praesentium quia culpa et sed. Et aut ad quaerat.',0,1,'2020-01-27 21:03:23','2020-09-06 18:23:49'),(307,51,50,'Blanditiis tenetur quia consequatur temporibus tempore. In non aut incidunt. Omnis ut a autem. Saepe vero animi quibusdam nulla quaerat.',0,0,'1993-07-15 17:50:56','2020-09-06 18:23:49'),(308,99,42,'Totam fugiat ut est id recusandae vero. Reprehenderit eos est quidem eligendi non perspiciatis sint. Consequatur iste officiis quae voluptas quia. Quas assumenda eum aut laborum.',1,0,'1976-11-03 18:07:40','2020-09-06 18:23:49'),(309,13,37,'Doloribus earum rem laudantium cum in cupiditate. Numquam sed pariatur expedita totam aut sint. Qui quia incidunt velit est.',1,1,'1987-10-06 13:19:40','2020-09-06 18:23:49'),(310,49,32,'Saepe doloribus sit odit voluptate. Nihil in non animi saepe est officia cumque. Possimus voluptas reprehenderit quia neque consequatur officia quod.',0,0,'1989-06-22 14:13:01','2020-09-06 18:23:49'),(311,12,65,'Et dolores esse dignissimos soluta iusto perferendis corrupti. Veritatis harum est possimus quisquam id vel. Qui nihil dolores eius in et.',0,0,'1977-08-10 23:53:52','2020-09-06 18:23:49'),(312,86,35,'Sapiente esse laborum facilis id iure omnis. Cumque voluptatem omnis provident odio. Suscipit distinctio aliquid quas perferendis. Optio non tenetur hic laboriosam.',0,0,'1989-08-23 21:56:00','2020-09-06 18:23:49'),(313,17,79,'Iste modi voluptate ducimus explicabo. Consectetur commodi dolor itaque ut est tempore. Et dolores doloremque nisi ipsum impedit. Fuga sed alias magnam harum saepe nihil.',0,0,'1982-03-13 21:40:48','2020-09-06 18:23:49'),(314,42,73,'Vel nihil rerum eos consequatur asperiores libero. Nulla sed saepe reprehenderit. Excepturi saepe quis ipsum voluptatem. Corporis mollitia quis est consequuntur vel ad vero.',1,1,'2009-06-15 04:25:09','2020-09-06 18:23:49'),(315,40,79,'Quia nesciunt eum a quia repellendus eveniet reprehenderit. Voluptas repudiandae laudantium dolorem omnis sint. Quia ut qui ex praesentium. Illum sint debitis officiis at dolores iusto.',0,1,'1971-11-29 08:04:48','2020-09-06 18:23:49'),(316,74,34,'Magnam consequatur dolorum veniam facere dolorum. Dolore aut autem soluta dolores. Amet placeat deleniti voluptatem nesciunt qui.',1,1,'1983-01-14 19:57:53','2020-09-06 18:23:49'),(317,48,38,'Aut molestias voluptate nostrum similique. Tenetur qui consequatur sunt facere porro et voluptatum autem. Et totam quia et consequatur ut.',1,1,'1985-08-05 11:52:05','2020-09-06 18:23:49'),(318,44,5,'Cupiditate minima quo id qui illum. Qui alias et dolor ut dolorum ratione sint quia. Aliquid sed est quo reprehenderit.',1,1,'1976-12-31 15:32:15','2020-09-06 18:23:49'),(319,92,44,'Modi et recusandae omnis. At sint qui esse nemo. Fuga laborum dolorem ex repellat harum ducimus rem neque. Ipsam neque dolores ad animi.',0,0,'2011-12-12 13:40:46','2020-09-06 18:23:49'),(320,45,90,'Illum fuga porro cum ut ratione non. Est dolores odio saepe odio. Possimus molestias perferendis repellat.',1,1,'2018-09-20 22:48:55','2020-09-06 18:23:49'),(321,18,17,'Cum ea tempora ipsum vel quam occaecati omnis. Et voluptatem accusantium enim architecto. Adipisci voluptas qui doloribus hic nihil. Architecto sequi animi omnis expedita blanditiis dolor cum laboriosam.',0,0,'1974-01-26 02:45:11','2020-09-06 18:23:49'),(322,30,99,'Et quibusdam placeat tenetur repellendus voluptatem velit. Dolor ut magnam at fugit rerum sed vel. Est ut ut voluptatem dolore.',0,1,'2014-07-23 23:19:31','2020-09-06 18:23:49'),(323,6,30,'Accusamus ipsa ad unde blanditiis rerum. Veritatis magnam nisi odio aliquam. Laudantium voluptatibus suscipit voluptatem omnis tempora soluta animi voluptatem. Sed et eveniet fuga minus maxime rerum.',1,0,'2016-04-29 09:33:26','2020-09-06 18:23:49'),(324,34,77,'Accusamus officiis maiores inventore odio dolorem et. Ut quo excepturi et.',0,0,'1973-04-01 01:36:58','2020-09-06 18:23:49'),(325,82,81,'Laboriosam voluptates aspernatur dicta libero nisi dolor. Sit esse ea consequatur. Nobis dolorem et incidunt nihil iste dolores. Quia saepe facilis possimus et fuga unde quae.',0,1,'1980-01-22 05:46:11','2020-09-06 18:23:49'),(326,57,40,'Sed perferendis voluptatem et nam. Eius suscipit ut sit numquam nam dolorum quisquam sed. Velit aut exercitationem ipsam vel repellat repellat.',0,0,'2009-04-09 02:28:36','2020-09-06 18:23:49'),(327,29,24,'Delectus voluptatem similique modi sequi. Aut sit eum et. Enim non eos voluptatem qui nemo. Nesciunt et et ab omnis.',1,0,'2001-04-07 05:27:56','2020-09-06 18:23:49'),(328,33,92,'In consequatur quia molestiae incidunt neque doloremque. Suscipit necessitatibus repellendus illum enim cumque. Nobis qui ut amet corporis esse omnis quia. Officiis voluptates culpa earum nostrum qui et.',1,0,'2005-06-16 23:29:11','2020-09-06 18:23:49'),(329,62,31,'Cum voluptatem delectus magni recusandae vitae. Aut ut ut perspiciatis provident vel quod inventore. Iste porro voluptates eveniet inventore explicabo hic culpa. Hic magni debitis numquam quae et.',0,1,'1985-11-21 13:11:25','2020-09-06 18:23:49'),(330,69,50,'Delectus error molestias aut et facere. Est illum porro ex beatae qui possimus. Error fugiat in perferendis provident. Laborum dignissimos eaque dolorem.',0,1,'1990-02-08 06:34:22','2020-09-06 18:23:49'),(331,43,67,'Nihil optio omnis accusantium consequatur voluptatem ut adipisci et. Alias qui accusamus id odit possimus numquam tempora. Quibusdam earum odio eum dignissimos ut.',0,1,'1990-04-17 05:19:25','2020-09-06 18:23:49'),(332,3,16,'Tenetur consectetur enim id aut nostrum optio. Magnam ex accusantium molestiae. Consequatur nostrum eos dolorem autem. Illo necessitatibus aut et mollitia.',1,1,'1987-06-18 08:25:09','2020-09-06 18:23:49'),(333,68,94,'Maxime aspernatur dignissimos vero ut fugiat eos provident. Repellat autem corporis est et tempora. Aperiam quisquam explicabo sapiente minima. Voluptatum nihil laudantium beatae architecto sunt non.',0,1,'1984-12-17 10:43:34','2020-09-06 18:23:49'),(334,64,38,'Quis ut magnam iure facilis natus eligendi ut. Numquam incidunt necessitatibus corrupti quasi veritatis. Perferendis porro qui alias mollitia expedita quo quas. Qui assumenda autem quibusdam et amet amet numquam.',0,1,'2014-09-05 03:00:51','2020-09-06 18:23:49'),(335,96,68,'Qui voluptatibus qui modi quo eligendi esse sed quaerat. Rem earum autem accusantium eius. Omnis officiis tenetur non distinctio repellat reprehenderit. Numquam dicta aliquam maxime autem.',1,0,'2004-08-09 00:23:19','2020-09-06 18:23:49'),(336,48,39,'Sunt quod et sunt provident nam aut eum. Quasi odit voluptates aut tempore est eum. Doloribus repellendus eligendi eius voluptas. Porro illo voluptatem error quaerat distinctio.',0,0,'2012-03-19 09:04:13','2020-09-06 18:23:49'),(337,50,31,'Suscipit veniam distinctio delectus repudiandae odit. Amet doloremque cupiditate debitis nulla error porro non accusantium. Quasi rerum reprehenderit officiis quo. At mollitia et libero et. Iusto ratione in dolorem quis.',1,0,'2009-01-07 18:23:20','2020-09-06 18:23:49'),(338,6,34,'Molestiae aut harum sit tenetur sunt velit laborum inventore. Ut omnis id consectetur aut praesentium iste. Placeat voluptatem non provident rerum.',1,0,'1971-08-12 23:23:14','2020-09-06 18:23:49'),(339,53,63,'Nesciunt iure voluptates consequuntur sed. Ea sed impedit reprehenderit dolore ad asperiores facilis vitae. Velit dolores rem libero ipsam. Qui doloremque totam dolor similique sed facilis et.',1,1,'1974-07-18 14:15:36','2020-09-06 18:23:49'),(340,54,80,'Ut alias blanditiis deserunt soluta pariatur repellat. At quam unde eum. Ea veniam quo minus voluptatibus sequi voluptatem. Facilis quae quia dolores voluptas et tenetur. Molestiae nihil sequi possimus maiores necessitatibus cum optio quidem.',1,0,'1985-03-09 17:17:37','2020-09-06 18:23:49'),(341,39,54,'Sit optio alias laborum voluptas. Eos ut enim sunt autem ullam. Veritatis est quia in illo id consequatur debitis. Rerum fugit assumenda nemo enim numquam possimus ut.',1,0,'2005-04-21 13:03:50','2020-09-06 18:23:49'),(342,50,91,'Minima qui molestiae vitae assumenda. Earum quos voluptatum qui ipsa et. Cum iusto cupiditate dignissimos recusandae similique occaecati quia. Officia sint reprehenderit numquam sit dolore.',1,1,'1972-03-06 04:11:09','2020-09-06 18:23:49'),(343,4,45,'Nihil accusamus cumque expedita est. Saepe labore dolorem animi laborum aliquam et delectus. Placeat facilis deserunt sint unde tempore. Harum soluta est nostrum sed quas eius.',1,1,'1982-03-28 00:07:29','2020-09-06 18:23:49'),(344,14,36,'Aliquam a blanditiis aperiam aliquam esse facilis et labore. Quis aut ut quis eligendi magni.',1,0,'1982-01-24 04:32:39','2020-09-06 18:23:49'),(345,34,65,'Modi aut et consequatur sequi. Non sequi dolor incidunt et necessitatibus sed. Quia et quas neque quia esse excepturi atque ad. Error autem velit cum.',0,1,'1977-11-03 01:49:59','2020-09-06 18:23:49'),(346,21,8,'Blanditiis aut aspernatur veniam totam eius sint. Facere laudantium tempora et nobis ea quis. Eaque accusamus vel non ratione voluptates rem. Soluta modi amet officia in. Iure dolor qui ullam.',1,0,'2009-05-21 18:05:29','2020-09-06 18:23:49'),(347,77,62,'Exercitationem libero omnis voluptas similique quos placeat molestias. Est blanditiis sed nihil cum perspiciatis. Fugiat quasi ratione molestiae.',1,1,'1999-06-19 09:22:14','2020-09-06 18:23:49'),(348,79,6,'Cumque autem provident illum laborum. Consequatur harum ea dolorem dolores sed placeat. Vel consequatur aut sint eum quo. Ipsam qui suscipit molestiae et.',1,1,'1973-04-28 00:20:01','2020-09-06 18:23:49'),(349,92,44,'Dolores alias libero libero cumque qui minima. Incidunt cumque aut non quis. Atque eius tempore quasi saepe neque voluptate est.',1,0,'2019-07-18 16:15:17','2020-09-06 18:23:49'),(350,43,83,'Repellat voluptatem dolore sequi est. Quia facere aliquam ut sed quia. Corrupti id velit possimus ut vero voluptas. Sit dicta ea harum enim nihil autem. Adipisci voluptas esse omnis harum.',0,1,'1991-05-13 00:37:36','2020-09-06 18:23:49'),(351,86,78,'Ut impedit dignissimos adipisci quod eius impedit corrupti. Non nobis ab ad sint quo quod exercitationem. Est reiciendis ut voluptas. Exercitationem porro rerum facere quia et quis. Quas atque eveniet pariatur maxime fugit accusantium.',1,1,'1978-02-03 11:16:57','2020-09-06 18:23:49'),(352,32,25,'Similique natus voluptate deserunt cumque ratione id dolore. Et qui eum porro quis reprehenderit qui. Illo commodi accusantium hic aperiam.',1,0,'1995-05-21 20:54:19','2020-09-06 18:23:49'),(353,28,65,'Occaecati eius facere ut voluptatem magnam sed officiis eos. Quas quos exercitationem eaque.',0,1,'2001-01-03 12:42:07','2020-09-06 18:23:49'),(354,41,9,'Sed ut ut dolorum architecto consectetur soluta. Vel architecto consequatur aut sit qui libero. Qui dignissimos iste esse ex sequi ullam beatae.',0,1,'1974-07-21 03:48:42','2020-09-06 18:23:49'),(355,23,88,'Eos aut corporis hic nesciunt illo qui quia. Rerum magnam consequatur amet culpa harum. Debitis quod hic error impedit quia. Alias perferendis ut expedita excepturi qui.',1,1,'1979-08-09 04:50:31','2020-09-06 18:23:49'),(356,68,78,'Aut non animi officiis sed. Quam autem eum quod occaecati ut illo ullam fugit. Qui tenetur non quaerat aut voluptas.',0,1,'1980-11-17 08:20:33','2020-09-06 18:23:49'),(357,86,94,'Expedita sed totam laudantium maiores corporis. Quia ea repudiandae at. Voluptatem rerum est similique ut.',0,1,'1984-06-07 11:04:33','2020-09-06 18:23:49'),(358,13,83,'Qui mollitia perferendis eum harum aspernatur dolor quia. In optio quia voluptatum non. Recusandae ullam in aut quia repellat odit excepturi. Neque excepturi porro debitis.',1,1,'2004-11-19 20:04:47','2020-09-06 18:23:49'),(359,77,32,'Et quidem quis similique vitae ad est et. Perspiciatis dolor aut iste accusantium hic delectus est. Veritatis placeat accusantium aperiam id sed.',0,1,'2007-06-30 11:33:31','2020-09-06 18:23:49'),(360,31,58,'Ut aut cupiditate consectetur ut alias laboriosam nemo. Distinctio labore placeat aspernatur eligendi est officiis temporibus. Nemo repellat magni et totam eos. Est cupiditate sint nobis sit quia.',1,0,'2003-10-14 07:21:03','2020-09-06 18:23:49'),(361,95,100,'Distinctio inventore et blanditiis. Laborum adipisci iure accusamus iste maiores aut. Reiciendis quisquam eos sint nihil qui harum aut vel. Ut omnis est quisquam sint non sed.',0,1,'1971-05-04 07:41:03','2020-09-06 18:23:49'),(362,16,81,'Quisquam non quidem et velit facilis tempore. Saepe corporis fugiat doloremque maiores in impedit accusamus. Et quis reiciendis praesentium modi.',1,0,'2009-01-24 22:47:23','2020-09-06 18:23:49'),(363,55,31,'Quibusdam quod non vel aut. Numquam excepturi laborum dolorum voluptates voluptatem vel dolores incidunt. Est cum vel est aut molestias vel quisquam quod.',0,1,'1972-02-02 14:10:29','2020-09-06 18:23:49'),(364,89,54,'Omnis iste rem id repellat. Quo ut esse excepturi odit. Nemo repudiandae dolor qui autem distinctio. Sunt repudiandae aut et asperiores eos cupiditate. Omnis eaque omnis assumenda.',0,0,'2008-10-20 15:43:43','2020-09-06 18:23:49'),(365,1,44,'Laudantium dicta quis sed aut. Optio odit cumque a perspiciatis eos.',0,0,'1981-06-22 16:07:42','2020-09-06 18:23:49'),(366,14,41,'Dolor et enim cum fugiat et. Culpa quis minima quisquam qui. Laborum nulla provident aperiam tenetur. Beatae similique eius voluptas nisi voluptatem sit.',1,1,'2019-05-17 13:28:36','2020-09-06 18:23:49'),(367,59,73,'Sed quo voluptas iusto dolorem iste sint et. Quos eos incidunt reiciendis. Eius nobis dolores error quidem nihil aperiam.',1,0,'1990-06-16 03:46:52','2020-09-06 18:23:49'),(368,87,14,'Occaecati corrupti qui ab fuga molestias et. Magnam soluta necessitatibus eum fugiat corrupti voluptas. Repudiandae omnis qui non repellendus doloribus hic. Veritatis illo quas ratione asperiores omnis qui quia et.',1,0,'2002-10-26 22:33:44','2020-09-06 18:23:49'),(369,11,13,'Qui dolores perferendis blanditiis. Qui deleniti fugiat porro labore. Optio et eveniet fugit.',1,1,'1979-05-01 16:50:30','2020-09-06 18:23:49'),(370,32,20,'Nam corporis omnis quas sed voluptate. Officia provident cum molestiae rerum et ex. Magni aut corporis temporibus accusamus ipsum tempore.',1,1,'1997-11-06 13:08:05','2020-09-06 18:23:49'),(371,5,63,'Autem eveniet quia quasi et deleniti et. Sint nulla quam illo reiciendis. Praesentium accusamus nihil tempora totam aperiam. Ut reiciendis debitis recusandae hic suscipit a qui.',0,0,'2014-12-26 03:11:48','2020-09-06 18:23:49'),(372,1,16,'Rem dolorem at consectetur. Voluptas tempora ut odio voluptatem exercitationem. Distinctio aut quas architecto exercitationem quam nostrum et debitis. Ipsum laborum inventore sed sed reiciendis.',1,0,'1979-02-13 11:23:28','2020-09-06 18:23:49'),(373,75,26,'Et ut nemo laudantium necessitatibus consequatur nulla sit. Ut illum temporibus adipisci soluta ut qui voluptate. Quo perferendis qui est labore tempora. Ut temporibus nihil nemo ducimus eligendi a earum.',0,0,'1977-02-09 12:47:45','2020-09-06 18:23:49'),(374,4,44,'Fuga aut qui aut cupiditate vel. Inventore nisi officiis architecto labore corrupti nulla. Omnis eum aut quis adipisci perspiciatis. Qui vel et soluta quam voluptatem autem mollitia.',1,1,'1978-09-09 07:32:27','2020-09-06 18:23:49'),(375,7,2,'Dignissimos vitae nemo debitis magnam voluptatem dolorem. Dicta quia officiis id quidem. Eius sunt nihil sed expedita reprehenderit et.',0,0,'2007-12-10 17:15:37','2020-09-06 18:23:49'),(376,87,31,'Labore quasi id cupiditate ut aspernatur. Illo eveniet nobis est delectus occaecati perspiciatis. Dignissimos inventore ducimus quaerat in.',1,1,'1981-01-24 17:41:51','2020-09-06 18:23:49'),(377,92,66,'Facere culpa quis aliquam iusto voluptas sed dolor. Quia totam tempora repellendus maxime. Sunt sit aut vel numquam dicta. Dolorem praesentium voluptas odit consequatur aut qui.',1,0,'2020-03-31 11:52:20','2020-09-06 18:23:49'),(378,53,67,'Fuga omnis harum sit eum beatae voluptates ab. Id aliquid est eaque quos accusamus esse impedit. Eum mollitia aliquid asperiores aut explicabo ex error. Qui magnam sunt dolorum perspiciatis. Praesentium sed quaerat velit delectus vel fuga.',0,1,'1999-03-12 10:56:14','2020-09-06 18:23:49'),(379,74,69,'Adipisci aspernatur dignissimos et labore qui vel eum est. Suscipit et ducimus numquam qui. Neque quo aut voluptatum quidem earum incidunt temporibus provident. Praesentium similique voluptates quia.',1,0,'1997-01-17 23:22:26','2020-09-06 18:23:49'),(380,22,1,'Saepe doloremque repellendus natus qui quibusdam occaecati. Esse sit beatae reprehenderit. Velit et veritatis eligendi dolorem.',1,1,'1977-04-14 10:52:04','2020-09-06 18:23:49'),(381,42,4,'Quo nihil et odit consequuntur. Fugit officiis facere odio. Hic harum maxime minus voluptatibus ab ut.',0,0,'1999-08-03 01:57:11','2020-09-06 18:23:49'),(382,96,65,'Expedita et qui sequi et. Aperiam id velit quis numquam. Vel sed saepe sed dolore.',0,1,'1998-03-28 22:31:04','2020-09-06 18:23:49'),(383,38,96,'Impedit et maiores est dolore quia. In dolores ut culpa et. Consectetur minus consequuntur dolorem et.',0,1,'1992-03-14 23:51:53','2020-09-06 18:23:49'),(384,63,28,'Repudiandae expedita dolorem provident officia. Iure qui tempore consequatur dolor provident.',0,0,'1992-06-11 08:41:32','2020-09-06 18:23:49'),(385,49,62,'Provident eaque animi est et fugit. Eos hic sint quo deleniti. Voluptate quia est sed. Qui molestias eveniet et ut mollitia quis totam.',0,1,'2008-09-02 18:49:51','2020-09-06 18:23:49'),(386,60,15,'Harum aperiam aspernatur aut voluptatibus excepturi nam nobis. Laudantium non necessitatibus aut modi. Accusamus hic hic beatae ut officia aliquid. Sed accusamus sint recusandae sunt et molestiae.',1,1,'2004-05-20 17:51:16','2020-09-06 18:23:49'),(387,93,19,'Et eveniet iste enim non similique. Consequuntur alias dolores et repellendus dolores. Qui sunt ipsa quo iusto totam velit.',1,1,'1974-03-10 18:29:34','2020-09-06 18:23:49'),(388,18,30,'Id molestiae hic sapiente quo eos. Et maxime quod quaerat recusandae aut quia reprehenderit. Distinctio dolorem aut voluptatem qui est magnam qui tempore. Nihil et similique illum maiores aperiam. Ipsum ratione incidunt id repudiandae incidunt.',0,0,'1973-03-18 18:46:27','2020-09-06 18:23:49'),(389,95,88,'Eos sit incidunt dolores pariatur est. Veniam est odio accusamus. Quaerat non molestiae officia deserunt et omnis similique. Ducimus maxime dolorum dolorem quibusdam ullam ut commodi.',1,1,'2018-11-23 06:12:10','2020-09-06 18:23:49'),(390,51,91,'Reprehenderit non et tenetur sint assumenda consequuntur aut. Est deleniti blanditiis eaque magnam. Sed dolorum quis aliquam iste aut et rerum voluptatem. Magni unde vitae unde qui suscipit ipsum.',0,1,'2005-04-29 10:47:02','2020-09-06 18:23:49'),(391,100,29,'Doloremque ipsum totam est consequatur dolor reiciendis. Sit possimus excepturi quibusdam voluptate temporibus tempore. Et rerum beatae distinctio dolorem ut nam. Rerum et deleniti sit accusamus harum.',1,0,'1979-04-21 18:03:55','2020-09-06 18:23:49'),(392,45,36,'Quidem laudantium eius nemo a. Quo nihil non nobis voluptas rerum nostrum. Accusamus sed magni repellendus eos qui. Sint assumenda reiciendis ipsam velit.',1,1,'2020-02-10 15:11:11','2020-09-06 18:23:49'),(393,46,23,'Voluptatibus reprehenderit cumque dolores accusamus et debitis porro. Voluptatum veniam consequatur omnis eum culpa quibusdam debitis minus. Explicabo accusantium consequuntur quibusdam voluptatum quos vero. Dolorem quam ut eaque veritatis quibusdam molestiae dolor.',1,1,'2006-06-01 10:59:40','2020-09-06 18:23:49'),(394,74,2,'Quae accusamus esse illo ad minima sed. Sunt explicabo omnis ut ut repudiandae est saepe. Dolor illo optio ducimus est quasi. Non iusto hic sed ad sit nihil dolorem.',1,0,'1998-06-02 08:52:45','2020-09-06 18:23:49'),(395,85,20,'Recusandae unde ut et nam voluptas nobis et et. Dolores esse modi provident vitae deleniti nobis. Id optio occaecati non et.',0,1,'1984-10-30 00:58:50','2020-09-06 18:23:49'),(396,44,61,'In sed doloremque et ut qui vero exercitationem. Voluptas animi sint molestiae et non voluptatum. Et accusamus hic rerum eum quia laborum quis.',1,0,'2007-01-20 17:10:27','2020-09-06 18:23:49'),(397,72,77,'Officia assumenda accusamus id illum aut velit voluptatibus. Sequi autem distinctio dolor voluptatem omnis doloremque consequatur. Tempore reiciendis rerum impedit pariatur corrupti voluptatibus quo. Quis provident voluptates earum quia rerum enim.',1,1,'1983-07-13 07:32:42','2020-09-06 18:23:49'),(398,67,3,'Ut atque incidunt nulla doloribus et. Facere recusandae consequatur enim quaerat suscipit est voluptatem. Iste porro neque cumque voluptatem asperiores.',1,0,'1976-10-23 17:42:47','2020-09-06 18:23:49'),(399,13,58,'Consequatur rem animi eaque eos quo aut. Molestiae vel iusto expedita sit dolores incidunt doloremque. Inventore accusamus et quia suscipit vero iusto est unde.',1,0,'2013-12-29 17:12:03','2020-09-06 18:23:49'),(400,49,69,'Corporis quam atque doloremque rerum id dolorem. Qui dolor ipsum nam quae sit. Omnis est qui omnis eaque aut hic.',0,0,'1994-06-02 17:39:39','2020-09-06 18:23:49'),(401,100,91,'Eos aut culpa dolores iure vel. Asperiores doloremque deserunt voluptatem.',0,1,'2013-11-25 17:02:57','2020-09-06 18:23:49'),(402,56,7,'Nobis id voluptatem explicabo maiores error. Et officia numquam officia culpa facere qui impedit. Sed praesentium dolores praesentium veritatis expedita. Molestiae vero provident sit a impedit eius corrupti.',1,0,'2010-08-05 23:07:09','2020-09-06 18:23:49'),(403,67,11,'Nihil nam culpa officiis placeat qui velit. Reiciendis nam molestias minima. Recusandae porro eos assumenda itaque.',1,1,'1985-07-14 09:21:24','2020-09-06 18:23:49'),(404,53,31,'Debitis quaerat deserunt exercitationem ad. Eius omnis laudantium reprehenderit ut consequatur aut dolores.',0,1,'1981-08-15 05:20:01','2020-09-06 18:23:49'),(405,95,83,'Reprehenderit ea numquam provident. In facilis nemo a repudiandae. Porro dolorem dolorum distinctio placeat saepe ab praesentium possimus.',0,0,'2016-05-25 22:19:04','2020-09-06 18:23:49'),(406,28,91,'Laudantium ut saepe corrupti voluptatem. Accusantium aut qui fuga ut. Voluptas rerum aliquid temporibus voluptatem dolor dolores est.',0,0,'2004-08-11 16:52:32','2020-09-06 18:23:49'),(407,71,81,'Voluptatem fugiat quo perferendis. Ducimus amet dolorem sequi numquam voluptatibus facere et. Quibusdam deserunt non nemo quo placeat magnam ex. Officia rerum molestiae sint sed minima illo sed voluptas.',1,0,'1974-01-28 10:21:31','2020-09-06 18:23:49'),(408,92,18,'Est quae explicabo praesentium magnam enim non. In ut ullam eaque consequatur. Pariatur inventore perspiciatis iure. Sapiente vero nemo accusantium qui voluptates qui et.',1,1,'1996-01-11 17:02:26','2020-09-06 18:23:49'),(409,11,99,'Perspiciatis cumque dolorem debitis temporibus quia optio. Velit molestias eum dolore est reiciendis non. Inventore nam voluptatibus doloribus quisquam. Numquam animi repudiandae non velit tenetur.',0,0,'2008-10-01 10:32:13','2020-09-06 18:23:49'),(410,65,25,'Minus voluptas sit aut dolorem qui. Rerum qui quas distinctio non optio harum eos ab. Quia ipsa et adipisci saepe et rerum ullam. Et enim dolor in fugit adipisci qui.',0,0,'1997-07-15 16:25:24','2020-09-06 18:23:49'),(411,28,68,'Ut molestiae tempore odio blanditiis officia quia ut. Voluptatibus exercitationem ipsum quia quisquam cum amet sapiente. Velit omnis reprehenderit veniam doloribus eos sint. Deserunt maiores unde dolores soluta pariatur maiores totam ut.',0,1,'1975-09-29 07:21:11','2020-09-06 18:23:49'),(412,54,65,'Aut quis blanditiis voluptates pariatur a dolore. Nihil omnis aperiam incidunt quia. Deserunt accusamus et illo est ducimus consectetur. Quo neque quam ut voluptatem iure autem beatae. Et ipsum quos autem et minima.',0,1,'1979-01-03 19:07:28','2020-09-06 18:23:49'),(413,63,18,'Qui harum iste laboriosam et illum nemo dolorem. Vel harum unde a. Nisi nisi iure facilis quis.',1,1,'1996-03-08 15:14:33','2020-09-06 18:23:49'),(414,3,60,'Esse odit rerum quae distinctio itaque. At dignissimos tempora ea molestiae labore.',0,1,'2010-10-03 14:31:48','2020-09-06 18:23:49'),(415,88,61,'Ut vel vel deleniti voluptas saepe commodi. Assumenda fuga rerum consequatur atque labore. Eligendi et reprehenderit perspiciatis ut qui.',1,1,'2003-11-01 17:13:30','2020-09-06 18:23:49'),(416,42,25,'Autem non ullam minus omnis officia magni. Tempora est excepturi sed explicabo deserunt quisquam ut ut. Impedit sint quia cumque vel. Harum non voluptatibus ducimus quis cumque.',0,1,'2018-07-13 01:54:49','2020-09-06 18:23:49'),(417,100,23,'Debitis quia id et et ut non. Ab eveniet provident voluptatum adipisci voluptatem. Ut sunt unde quo quod explicabo nisi. Consequuntur blanditiis veniam cumque est itaque.',1,0,'1980-10-23 20:10:50','2020-09-06 18:23:49'),(418,15,5,'Maxime tempore ipsa sed. Soluta aut incidunt odio non eveniet. Sed eum itaque dolores.',0,0,'2005-12-13 19:22:21','2020-09-06 18:23:49'),(419,80,85,'Ducimus impedit minus nihil et. Quo quibusdam rem totam iure minima id. Quisquam suscipit molestias voluptatibus sit saepe enim pariatur.',1,1,'2013-09-06 02:46:42','2020-09-06 18:23:49'),(420,84,63,'Et eaque cumque in ipsam qui. Dolor consequatur eius et sed est consectetur est. Distinctio quia ut sed nobis minus ea eum. Reiciendis vero voluptas aliquid dicta.',0,1,'1990-09-03 09:26:33','2020-09-06 18:23:49'),(421,64,30,'Velit et autem sit quasi occaecati. Laudantium ut ab praesentium sint. Numquam tempore consequatur quisquam. Libero molestias ipsam facilis fuga eligendi commodi inventore occaecati.',1,1,'2013-07-14 03:22:38','2020-09-06 18:23:49'),(422,56,89,'Voluptatem ducimus a dignissimos atque dolore corporis voluptatem. Consequatur provident aut ipsam consequatur. Sit consequatur est aut voluptatem ipsum.',0,1,'2009-10-16 06:27:06','2020-09-06 18:23:49'),(423,76,12,'Numquam sapiente quasi itaque deleniti assumenda dolores. Corporis praesentium accusantium eveniet ipsum quis commodi mollitia commodi. Corrupti voluptatem in illum quia qui assumenda aliquid.',1,1,'2007-03-18 16:12:15','2020-09-06 18:23:49'),(424,33,30,'Omnis iste numquam dolorum quod est laboriosam qui. Maxime expedita qui recusandae delectus dolores.',1,1,'2014-03-22 04:54:43','2020-09-06 18:23:49'),(425,50,58,'Sequi rerum aspernatur nostrum aut sapiente praesentium velit. Temporibus repudiandae pariatur nam rem aliquam. Sunt officia voluptatum sapiente beatae totam omnis.',0,0,'2011-10-18 00:42:35','2020-09-06 18:23:49'),(426,42,33,'Impedit fugit ratione quod architecto quis enim nam natus. Doloribus quos assumenda pariatur aut repellendus sed esse ut. Dicta impedit qui dignissimos cupiditate ea omnis. Quia quas mollitia et laboriosam. Sed eaque in rerum deleniti placeat veritatis.',0,1,'1977-02-03 15:21:53','2020-09-06 18:23:49'),(427,40,99,'Repellendus optio voluptatibus tenetur iste quis illum est. Quae atque sed consequatur facilis expedita provident. Libero culpa sit vero dolorum qui.',1,0,'2007-05-16 00:17:56','2020-09-06 18:23:49'),(428,77,86,'Nostrum nulla facilis sed. Eos voluptatem mollitia reprehenderit aliquid doloribus sit accusantium. Aut rem ratione nesciunt facilis occaecati.',0,0,'1997-02-12 01:24:57','2020-09-06 18:23:49'),(429,100,40,'Quos adipisci autem veniam alias tempore ea. Numquam omnis ratione nisi voluptas.',0,1,'2017-08-27 20:41:22','2020-09-06 18:23:49'),(430,98,71,'Ut necessitatibus unde sequi. Excepturi non aut harum tempore. Aliquid veritatis ea laboriosam aspernatur alias nihil iusto.',0,0,'1986-05-01 03:14:51','2020-09-06 18:23:49'),(431,60,88,'Hic eveniet odit aut et incidunt est quasi magnam. Minima rerum qui qui exercitationem et nemo. Similique autem saepe eos.',1,0,'1979-07-28 12:18:02','2020-09-06 18:23:49'),(432,60,36,'Voluptatem et facilis provident mollitia cumque placeat magni qui. Rerum necessitatibus enim quisquam. Qui velit beatae ad velit voluptatem temporibus et.',0,0,'1973-02-21 10:32:47','2020-09-06 18:23:49'),(433,1,93,'Rem dignissimos vero odio aut reprehenderit voluptas soluta. Magni numquam non doloremque sunt. Ut possimus ut dolores consequatur atque molestiae. Nemo exercitationem eligendi repudiandae hic.',1,1,'1990-11-14 09:07:46','2020-09-06 18:23:49'),(434,61,29,'Repellat eaque consequuntur ipsum sit. Itaque ex ullam nihil omnis similique velit. Vitae qui possimus ipsum adipisci velit voluptatem.',1,1,'1984-09-18 12:47:58','2020-09-06 18:23:49'),(435,59,7,'Et sint qui excepturi molestiae magni maiores maiores. Et similique quaerat deleniti maxime. Quia officiis vitae voluptatem sint recusandae aut deleniti.',1,1,'1997-11-28 01:55:16','2020-09-06 18:23:49'),(436,57,65,'Ipsam enim modi sit repudiandae sint ad. Ut quas quia nisi eligendi natus temporibus eligendi. Porro dolores commodi minima deserunt.',0,1,'1999-12-27 19:17:26','2020-09-06 18:23:49'),(437,53,71,'Amet optio sint consequatur amet dolor minus dolores harum. Est soluta molestiae ipsam quidem. Eligendi sunt laboriosam eos consequatur enim.',1,1,'2006-01-08 20:14:35','2020-09-06 18:23:49'),(438,94,59,'Dolores natus omnis quis asperiores nobis illum cum aut. Commodi ut illo velit dignissimos voluptatum.',0,1,'1994-07-10 17:53:22','2020-09-06 18:23:49'),(439,10,72,'Voluptas nobis in veritatis et adipisci. Et ut porro sint a aliquam. Ipsam impedit consequatur corrupti minima. Eligendi vel exercitationem temporibus impedit vero.',0,1,'2003-01-13 04:57:11','2020-09-06 18:23:49'),(440,32,40,'Qui et possimus ullam rerum consequatur doloribus quia iure. Nihil doloribus animi qui sed autem. Itaque est omnis qui iusto magni quibusdam iure.',0,0,'1992-10-04 08:41:39','2020-09-06 18:23:49'),(441,6,10,'Eum eaque adipisci repellendus in. Velit occaecati harum nostrum dicta fugit. Quaerat aut sapiente debitis amet ad officia et quod.',0,0,'1990-01-09 23:53:54','2020-09-06 18:23:49'),(442,32,29,'Quod quae ut aut totam esse. Voluptates quae quos occaecati quia. Autem nemo quam illum vero ut. Nam laborum illo est dicta.',0,1,'2011-01-07 00:51:53','2020-09-06 18:23:49'),(443,49,57,'Voluptatem laudantium harum dolore nobis iure. Qui id voluptatem facilis qui excepturi et voluptas quae. Commodi placeat consequatur quisquam rerum.',0,1,'2009-01-14 22:42:29','2020-09-06 18:23:49'),(444,39,23,'Harum consequuntur et architecto et esse reprehenderit. Non facere et et et. Expedita quas reprehenderit sunt facere voluptatem occaecati sed omnis. Et iusto et sunt corporis animi. Vel sapiente adipisci exercitationem molestiae.',0,0,'1973-10-22 23:15:05','2020-09-06 18:23:49'),(445,96,12,'Reprehenderit hic est sed eveniet corrupti. Cum porro consectetur quas soluta. Facere nihil sit libero est explicabo dicta.',1,0,'1980-01-04 02:34:22','2020-09-06 18:23:49'),(446,69,9,'Enim iusto molestiae sunt dolore aliquid placeat placeat. Rem ipsam deleniti quod cum officiis. Fugiat harum iste dolor occaecati. Sit debitis dolor aut.',1,0,'1989-12-05 11:27:33','2020-09-06 18:23:49'),(447,40,70,'Et qui hic laboriosam aperiam dolores. Molestiae illo recusandae saepe dolorem iure dolor. Id non quis deleniti repellendus nisi vel vel. Non ea illo est a. Deserunt ut quidem sint consectetur.',0,0,'2004-08-28 20:37:37','2020-09-06 18:23:49'),(448,31,45,'Recusandae minima totam exercitationem quae velit asperiores. Odit atque aut dolores culpa dolor doloribus. Odio quaerat voluptatem inventore quod.',0,1,'2008-01-11 01:08:22','2020-09-06 18:23:49'),(449,32,25,'Excepturi at et distinctio omnis voluptas nostrum. Non sed et dolores quia earum. Sit molestias ad id ea soluta delectus voluptas. Iste et rem est. Labore distinctio iusto eum similique animi ut autem perspiciatis.',0,0,'1988-06-24 07:43:26','2020-09-06 18:23:49'),(450,27,60,'Voluptas magnam ipsum ea occaecati et ratione voluptas. Animi nam similique aut ipsa nulla. Enim eligendi ipsum aliquam quia veniam aspernatur et. Officiis eveniet excepturi voluptatum ab aliquam soluta dolore.',1,1,'1980-05-08 23:41:59','2020-09-06 18:23:49'),(451,18,8,'Nam sint qui rerum a. Magni mollitia quidem id deserunt enim numquam minima nostrum. Facilis ex fuga necessitatibus culpa voluptatum ea non. Qui quo qui doloribus rerum voluptatem.',0,0,'1970-09-20 17:38:23','2020-09-06 18:23:49'),(452,89,18,'Maiores neque corporis qui blanditiis iusto ea dolor. Quia neque placeat explicabo mollitia. Fugit et odio molestias molestiae nam soluta aut. Adipisci natus unde asperiores dolorem voluptatem.',1,1,'1984-08-09 02:04:29','2020-09-06 18:23:49'),(453,25,69,'Veniam et quia minima tempore. Quidem quibusdam voluptatem qui qui fugit magni asperiores. Consequatur qui recusandae iusto necessitatibus. Molestias soluta vel qui corporis nihil voluptas quos.',0,0,'1970-12-08 12:08:34','2020-09-06 18:23:49'),(454,68,32,'Qui nam porro saepe. Eaque id reiciendis quia dicta atque. Qui nihil praesentium impedit eveniet aspernatur. Officiis eveniet dolores dignissimos tempora omnis quasi facere aut.',1,1,'1986-08-18 05:27:28','2020-09-06 18:23:49'),(455,56,86,'Nostrum sint sit cum et quia. Dolores odit excepturi molestias voluptatem adipisci. Dignissimos qui exercitationem illo accusamus voluptatem. Sapiente et qui veniam labore molestias est quidem. Laborum sit et quia vitae.',1,0,'1971-08-01 21:50:50','2020-09-06 18:23:49'),(456,60,41,'Reiciendis ratione corrupti porro voluptatem. Quia ipsum beatae non numquam officia voluptatem. Odit esse dolorum quia.',0,0,'2005-07-08 15:18:24','2020-09-06 18:23:49'),(457,24,96,'Quibusdam qui in sapiente corrupti deleniti in quia. Magnam pariatur dolorem ut. Molestiae nesciunt sunt debitis eius.',0,1,'1980-11-14 19:27:40','2020-09-06 18:23:49'),(458,9,55,'Est qui magni quae beatae aut nihil accusamus praesentium. Temporibus corrupti recusandae facere consequatur. Hic dolorem dolore necessitatibus dolorem distinctio. Illum ducimus in rem asperiores adipisci.',1,0,'1971-04-12 08:06:48','2020-09-06 18:23:49'),(459,48,73,'Natus tenetur beatae nesciunt a laborum aut. Cum quo commodi sed accusamus quo quis sit at. Qui est quis ratione. Soluta veritatis adipisci consectetur. At temporibus esse sed occaecati sed est ducimus.',1,0,'1983-07-12 16:51:24','2020-09-06 18:23:49'),(460,22,92,'Minima minus ipsam minima architecto asperiores distinctio saepe. Consequatur assumenda iure nulla rerum adipisci et inventore. Rem et assumenda exercitationem molestiae cupiditate delectus. Ipsam voluptas enim dolorum necessitatibus et aperiam molestiae.',1,1,'1984-08-21 04:42:00','2020-09-06 18:23:49'),(461,93,90,'Repellendus quas aut quam omnis perferendis. Exercitationem quo aliquid in sint minus est. Beatae aut magni rem sed voluptates voluptatem. Doloribus eum pariatur quisquam aspernatur.',1,0,'1975-03-22 17:37:08','2020-09-06 18:23:49'),(462,68,70,'Accusantium commodi eum numquam dignissimos. Rerum excepturi excepturi perferendis quia deserunt id laborum. Sint eius quae recusandae nihil et dolorem. Ratione consectetur laboriosam eligendi molestiae rem.',0,0,'1989-02-13 20:32:52','2020-09-06 18:23:49'),(463,47,25,'Sapiente ut magnam eum rem alias rem ut. Voluptatem maxime nihil quia tenetur. Architecto quo sed consectetur ut nam. Doloribus omnis rem officia et natus.',0,0,'2007-06-23 17:40:51','2020-09-06 18:23:49'),(464,84,43,'Qui ut occaecati minima ipsum rem qui. Fugiat maiores odit eligendi non. Suscipit voluptates dolore odit dignissimos est id repellendus. Et commodi debitis qui laboriosam minima velit suscipit.',0,0,'1998-04-15 17:40:07','2020-09-06 18:23:49'),(465,61,79,'Expedita aut et deserunt ratione repellat. Mollitia et alias id error dolorem nisi. Aspernatur rerum culpa rerum a praesentium error. Error ut ut maiores laboriosam fugit voluptas quia ipsum.',1,1,'2017-11-14 09:28:43','2020-09-06 18:23:49'),(466,10,11,'Illo eos ut maxime et iusto impedit similique. Et non recusandae dolor nostrum id unde omnis. Eveniet itaque sed autem dolor.',0,1,'1987-05-13 22:40:01','2020-09-06 18:23:49'),(467,24,89,'Provident blanditiis similique beatae assumenda aperiam sunt beatae non. Aut hic distinctio aspernatur harum. Veritatis ut aliquid perferendis qui. Exercitationem hic eos quos dignissimos.',1,1,'1987-11-09 19:53:54','2020-09-06 18:23:49'),(468,72,92,'Pariatur exercitationem voluptas aut quia vel vel aut. At perspiciatis doloribus ut quia dignissimos voluptatem quia. Dolores voluptatum aut voluptas exercitationem non omnis.',1,1,'2012-03-27 18:04:45','2020-09-06 18:23:49'),(469,42,36,'Sed corporis eum error aut. Provident et corporis minima repellendus eos in. Molestiae sapiente optio rerum vel sapiente amet. Eaque dignissimos ut rem non cumque excepturi.',0,1,'1997-09-21 06:48:11','2020-09-06 18:23:49'),(470,51,46,'Dolores saepe laudantium distinctio officia. Ratione vel ut ad nobis ut quidem. Quos dolorum et est dolorem. Omnis omnis doloremque quasi minima id molestiae inventore.',0,0,'1998-07-09 17:49:30','2020-09-06 18:23:49'),(471,77,47,'Consequatur error vero autem eos eveniet debitis magnam. Ex quam qui est autem qui qui quisquam. Eum saepe qui hic. Eaque quo necessitatibus odio vero earum et.',1,0,'1983-03-26 17:58:09','2020-09-06 18:23:49'),(472,5,81,'Optio architecto similique labore aut libero. Veniam quaerat qui quaerat incidunt ut natus qui. Voluptatibus distinctio et dolorum ducimus dolore ipsam.',1,1,'1985-01-12 07:11:49','2020-09-06 18:23:49'),(473,91,12,'Ducimus optio doloribus at quia dolorum magni adipisci. Ratione itaque itaque nostrum aut beatae perferendis. Quam dolorem voluptatem id ipsam aliquam.',1,0,'2017-11-18 10:34:41','2020-09-06 18:23:49'),(474,87,97,'Iusto ducimus et libero quia sequi recusandae. Eaque placeat eos placeat saepe id illum. Nobis autem doloribus voluptatem consequatur sapiente facere. Molestiae qui et repellendus itaque culpa expedita corrupti.',0,0,'1997-10-15 23:24:36','2020-09-06 18:23:49'),(475,25,35,'Aliquam eum perspiciatis odio sed dolorem. Et corrupti in eum numquam. Molestias quos consequatur nihil molestiae tempore rerum molestiae sapiente. Ut aut sint officia et blanditiis.',1,0,'1993-01-04 11:56:06','2020-09-06 18:23:49'),(476,97,79,'Et perspiciatis aspernatur asperiores quis eum. Quia sunt veniam neque assumenda accusantium. Eveniet praesentium debitis corrupti.',0,0,'2007-04-29 02:35:12','2020-09-06 18:23:49'),(477,5,89,'Quo illum eligendi deleniti est. Blanditiis dolorem saepe nulla blanditiis qui ut. Incidunt asperiores neque id qui molestias eveniet reprehenderit. Impedit ut facere nemo assumenda vel est nisi.',1,1,'1996-05-09 09:28:48','2020-09-06 18:23:49'),(478,27,69,'Rerum deserunt libero ipsam odio. Expedita distinctio dolorem et voluptatem. Rerum alias qui rerum expedita et magnam veniam. Perferendis nihil sed et.',0,1,'1988-02-23 18:56:16','2020-09-06 18:23:49'),(479,63,5,'Facere aperiam tempora ut asperiores exercitationem enim aut. Assumenda fuga impedit est. Dignissimos animi sapiente praesentium nisi aut. Quis deserunt error voluptatibus repellendus voluptatem aliquid.',1,0,'1990-03-26 19:13:01','2020-09-06 18:23:49'),(480,39,77,'Odit quidem esse consequatur. Nostrum omnis et voluptatem quia porro sapiente. Aut qui aut odit aut et unde. Ullam neque ducimus eveniet quas hic.',0,0,'2007-06-03 06:08:12','2020-09-06 18:23:49'),(481,70,18,'Consequatur enim delectus et eum dolores. Nihil maiores occaecati quia amet optio quia. Fuga ullam inventore unde voluptatem dolore possimus.',0,1,'1981-05-28 00:14:13','2020-09-06 18:23:49'),(482,78,36,'Ratione aperiam soluta molestias eum est odit. Qui corrupti et id voluptatem sint voluptas. Ducimus quaerat maiores et cumque.',1,0,'1977-06-28 14:21:57','2020-09-06 18:23:49'),(483,44,12,'Unde omnis necessitatibus molestiae veritatis asperiores repellendus laborum. Animi tempora assumenda voluptas excepturi qui occaecati. Cupiditate rerum porro eum quod.',0,0,'2017-10-13 18:50:27','2020-09-06 18:23:49'),(484,26,95,'Beatae deserunt delectus ut odio voluptatem. A et architecto ex qui quaerat. Consectetur provident quo explicabo dolor ut. Sequi aut sed fugit assumenda ea.',1,1,'1985-06-20 05:27:03','2020-09-06 18:23:49'),(485,96,94,'Aut vel iure est ut voluptatum. Dolor minima nulla quos placeat suscipit fugiat qui. Ullam aliquid omnis accusamus est laudantium quaerat.',1,0,'2004-07-22 05:56:55','2020-09-06 18:23:49'),(486,84,37,'Molestias ut harum omnis aut exercitationem. Perferendis et et in dolor ea eos placeat. Sint est qui suscipit reiciendis molestias facere rerum.',1,1,'1998-10-05 01:43:19','2020-09-06 18:23:49'),(487,31,42,'Fugiat ipsam et aut qui assumenda quam. Sit velit non incidunt sed voluptatem consectetur. Ut aut et ducimus beatae voluptatibus fugit voluptates expedita.',1,0,'2005-01-23 20:39:05','2020-09-06 18:23:49'),(488,20,71,'Nam perspiciatis tempore qui provident est temporibus at. Nesciunt sint et facilis autem quis consequatur. Rerum ipsa ad vel non corrupti adipisci omnis quidem. Explicabo illo omnis magnam et in.',0,0,'1970-08-12 03:03:41','2020-09-06 18:23:49'),(489,95,60,'In et id atque voluptatum et reprehenderit. Sapiente voluptas debitis nesciunt fugiat. Aut non iusto eveniet sed similique occaecati.',1,0,'1989-10-01 08:49:19','2020-09-06 18:23:49'),(490,17,4,'Dicta cum ut accusamus eos molestiae veritatis. Esse molestiae enim sit voluptas quas distinctio blanditiis. Corrupti dolorem error dolore neque voluptas est. Eaque odio sint tempora.',0,1,'2014-10-07 09:07:13','2020-09-06 18:23:49'),(491,70,36,'Est sequi temporibus perferendis delectus accusantium natus tempora. Vitae id velit non provident tempora sed. Aut aliquam eos eos beatae sed doloremque sit. Laudantium omnis doloremque nemo ipsa.',1,0,'2009-03-17 02:42:05','2020-09-06 18:23:49'),(492,70,39,'Rerum atque occaecati quia placeat. Harum eius inventore qui. Totam sequi sed expedita alias.',1,1,'1980-06-04 05:42:15','2020-09-06 18:23:49'),(493,88,22,'Reiciendis vitae atque ab. Consequatur facere voluptate fugiat voluptatem quas. Omnis sit reprehenderit eveniet cupiditate qui perferendis laudantium.',0,0,'1989-02-01 15:49:27','2020-09-06 18:23:49'),(494,43,52,'Soluta blanditiis beatae doloribus vel consequuntur cumque vero. Amet ut qui eum aut soluta vel. Velit dicta ut sunt adipisci hic. Reiciendis dignissimos ducimus eius et minima.',0,0,'2012-11-09 11:09:10','2020-09-06 18:23:49'),(495,27,82,'A in soluta id odit et. Ut nisi aut officiis. Dolore sint vero ad.',1,0,'2017-12-21 06:09:05','2020-09-06 18:23:49'),(496,27,87,'Reprehenderit quisquam sed quas esse adipisci quae sit voluptatum. Quo earum quas voluptatem expedita repellat et. Sit soluta nemo voluptate ad. Sed nobis magni necessitatibus saepe asperiores consequatur.',1,1,'1975-06-25 05:33:16','2020-09-06 18:23:49'),(497,54,7,'Soluta rerum eum deleniti vel ipsum minus. Maiores distinctio quia voluptate vitae et ipsa nam. Sed sit impedit maiores quibusdam atque esse id. Inventore ab dolorem nisi.',1,0,'2016-10-20 00:58:30','2020-09-06 18:23:49'),(498,76,55,'Cumque qui minima quo eius. Tempora facere provident veniam id doloribus consequuntur aut. Ut et a nihil asperiores odio. Quod facere odio iste quidem et quis eligendi. Modi qui aliquid optio et nam expedita.',0,0,'2001-12-06 10:38:45','2020-09-06 18:23:49'),(499,48,74,'Quia pariatur quisquam molestiae incidunt qui ex. Illum eos facilis et voluptates facilis. Ut voluptatem exercitationem praesentium iste soluta est officia praesentium. Quia aspernatur fugit eum ducimus in ea. Quae voluptas quia et rerum.',1,0,'1990-02-21 07:01:45','2020-09-06 18:23:49'),(500,25,1,'Iure reprehenderit enim officiis qui iste voluptates natus. Quia aut explicabo fugiat illo et. Non tempora optio odio est voluptatem ipsam voluptatem. Et quas accusantium deleniti facere occaecati corrupti in totam.',0,1,'1994-04-20 17:22:07','2020-09-06 18:23:49');
/*!40000 ALTER TABLE `messages` ENABLE KEYS */;
UNLOCK TABLES;

--
-- Table structure for table `posts`
--

DROP TABLE IF EXISTS `posts`;
/*!40101 SET @saved_cs_client     = @@character_set_client */;
/*!50503 SET character_set_client = utf8mb4 */;
CREATE TABLE `posts` (
  `id` int unsigned NOT NULL AUTO_INCREMENT,
  `user_id` int unsigned NOT NULL,
  `community_id` int unsigned DEFAULT NULL,
  `head` varchar(255) DEFAULT NULL,
  `body` text NOT NULL,
  `media_id` int unsigned DEFAULT NULL,
  `is_public` tinyint(1) DEFAULT '1',
  `is_archived` tinyint(1) DEFAULT '0',
  `views_counter` int unsigned DEFAULT '0',
  `created_at` datetime DEFAULT CURRENT_TIMESTAMP,
  `updated_at` datetime DEFAULT CURRENT_TIMESTAMP ON UPDATE CURRENT_TIMESTAMP,
  PRIMARY KEY (`id`),
  KEY `post_user_id_fk` (`user_id`),
  KEY `post_community_id_fk` (`community_id`),
  KEY `post_media_id_fk` (`media_id`),
  CONSTRAINT `post_community_id_fk` FOREIGN KEY (`community_id`) REFERENCES `communities` (`id`) ON DELETE SET NULL,
  CONSTRAINT `post_media_id_fk` FOREIGN KEY (`media_id`) REFERENCES `media` (`id`) ON DELETE SET NULL,
  CONSTRAINT `post_user_id_fk` FOREIGN KEY (`user_id`) REFERENCES `users` (`id`) ON DELETE CASCADE
) ENGINE=InnoDB AUTO_INCREMENT=301 DEFAULT CHARSET=utf8mb4 COLLATE=utf8mb4_0900_ai_ci;
/*!40101 SET character_set_client = @saved_cs_client */;

--
-- Dumping data for table `posts`
--

LOCK TABLES `posts` WRITE;
/*!40000 ALTER TABLE `posts` DISABLE KEYS */;
INSERT INTO `posts` VALUES (1,37,6,'Accusantium perspiciatis dolorum nisi libero sequi consequuntur aut.','Ullam suscipit quae a animi odio laborum explicabo. Consequuntur vitae consectetur qui et commodi ullam dolorum occaecati. Et amet qui voluptates qui nemo. Maxime dolor velit ut sint perferendis.',43,0,0,52,'1987-07-17 15:28:44','1981-10-11 00:55:01'),(2,63,13,'Et labore corrupti nobis quaerat adipisci.','Ut aliquid iste tempore quis sequi. Magni at illum sapiente. Eum incidunt molestias omnis nesciunt dolores voluptas. Porro itaque magni cumque nulla soluta doloremque voluptatem beatae.',53,1,1,450,'2007-10-03 19:36:02','1993-10-11 09:51:11'),(3,33,2,'Ut quasi laborum consequatur exercitationem consequatur.','Aliquid in consequatur et. Nisi iure facilis magnam distinctio similique ducimus sapiente.',8,1,1,0,'2013-03-05 09:05:31','1981-06-24 05:35:18'),(4,88,7,'Sed est enim odio quis rerum sint quas.','Sunt sint veniam est omnis libero. Iusto porro occaecati non. Error dolores architecto odio sit ut. Perspiciatis cupiditate aliquam quia et explicabo.',5,1,1,2,'2000-03-07 07:51:44','2013-07-17 19:42:50'),(5,22,20,'Enim est possimus aut dolorum sed et.','Et voluptates et cumque quisquam molestiae. Sed dolor deleniti dolorem. Possimus sint necessitatibus non quia culpa.',21,1,0,157,'2007-05-08 19:55:12','1995-02-12 17:56:12'),(6,16,9,'Et minima est tempore ut minima.','Ipsum provident voluptatum sed aut excepturi. Cupiditate eius illum omnis quam quia provident est. Deleniti tenetur molestiae dicta est et voluptas eos. Ea placeat ut omnis assumenda laudantium quo debitis maiores.',56,0,1,505489,'2004-11-01 08:58:40','1989-06-19 09:19:08'),(7,90,18,'Quo placeat ipsam aut vero quia sapiente.','Quam repellat necessitatibus distinctio voluptatum qui. Ab quasi sunt ullam modi autem. Eos quis mollitia qui omnis doloribus similique itaque.',32,1,0,162331,'1974-04-21 07:42:12','1997-02-10 17:04:19'),(8,39,14,'Explicabo et temporibus explicabo culpa dignissimos quo quia.','Vel similique harum vel iste id dicta modi. Doloremque nam voluptatem aut omnis dolores ullam. Deleniti qui eveniet libero sunt quia.',48,1,0,8189920,'1973-10-10 08:28:00','1986-04-16 14:03:34'),(9,34,14,'Sequi at aut possimus consectetur eos.','Vitae et voluptas magni et rerum. Qui quo dicta qui in. Fugit modi ratione perferendis harum doloribus quas eaque. Dolores ipsum inventore sint vel laboriosam sit. Quam velit corporis exercitationem ipsam rem accusamus consequatur.',12,1,1,93,'2017-08-10 14:08:05','1987-08-15 20:07:38'),(10,16,3,'Quasi molestiae saepe voluptatibus dolor ex.','Veritatis molestias ut odit sed. Vel occaecati qui tempora aliquam autem.',57,1,1,64192,'1996-03-15 04:38:32','2002-09-22 18:52:55'),(11,111,18,'Unde qui placeat facilis iusto.','Ea distinctio consequatur sit magni tempore nostrum laborum. Voluptates aut pariatur alias quia. Ratione modi maxime maiores quo. Voluptatem consequatur quidem minima deleniti. Tempora commodi asperiores omnis facere ea corporis.',36,1,1,61921200,'2016-04-11 12:11:51','1973-02-15 10:44:41'),(12,18,1,'Est unde harum molestiae sed nostrum.','Accusantium quos earum nemo consequatur odit autem. Temporibus iste quasi id. Voluptatem occaecati labore cumque laborum repudiandae.',31,0,1,67,'2004-06-12 13:24:59','1970-12-27 06:52:27'),(13,51,16,'Optio commodi ut dolores qui.','Quam quae aliquam amet officia. Est ex error dicta iste occaecati enim.',51,0,0,130,'1982-12-11 03:17:45','1984-12-15 06:26:51'),(14,37,3,'Ut placeat consequatur ipsam nihil vero quia delectus.','Corporis modi ut ipsa aut odit. Vero mollitia dolorem occaecati tempora voluptas expedita sed. Aspernatur ea quisquam maiores porro.',15,0,1,65217482,'1986-01-07 20:44:41','2008-06-12 17:19:34'),(15,107,15,'Corrupti sit suscipit earum optio laborum ut.','Rerum tempore modi illum culpa et nihil autem. Eveniet vitae sed facere ratione dicta. Ex mollitia odio architecto necessitatibus unde fugit.',42,1,0,75056276,'1990-05-29 05:33:46','2003-02-20 05:20:10'),(16,18,20,'Eveniet et qui quibusdam qui enim sit.','Fugit itaque quae culpa in at qui. Neque est aut eum cum cumque fuga explicabo nihil. Fugit distinctio aut culpa non quo. Rerum minima maiores omnis labore porro labore voluptatem. Ea similique amet a qui magnam sit aspernatur.',57,1,0,955692730,'1977-04-02 23:03:38','2019-03-05 00:55:50'),(17,26,19,'Velit quia nostrum aut.','Consectetur alias inventore deleniti vel similique. In voluptas fugit reprehenderit minima quas ex. Cumque ea dicta voluptatum. Soluta sed et consequatur ullam et corrupti.',40,1,0,0,'1988-05-16 17:19:19','2018-11-16 01:18:06'),(18,52,16,'Dolor voluptatem tempore non ea qui accusamus ut.','Vel corrupti doloremque odio voluptas et. Voluptatem sed excepturi natus et. Aspernatur nam et voluptatem ullam.',14,1,1,590241,'2017-05-31 21:20:34','1986-07-13 16:09:59'),(19,53,3,'Ipsa consequatur recusandae qui beatae.','Ullam pariatur quia voluptas libero non. Tenetur corporis voluptates molestiae perferendis nam vitae. Sint unde ipsam sunt et. Facere sequi quis distinctio voluptate quia quibusdam quaerat ut.',45,0,0,221121552,'1974-05-17 10:27:59','1970-12-19 07:28:17'),(20,89,8,'Ut dolorem nobis voluptas sed aliquid quod nisi inventore.','Qui ut in error voluptatem. Doloribus voluptatem et facilis rerum rerum. Exercitationem et voluptatem ipsa tempora optio dolorem. Quia et maiores laudantium.',3,0,0,9,'1975-11-06 18:45:37','1981-07-06 10:19:22'),(21,12,13,'Aut esse eos commodi voluptas libero voluptates incidunt.','Animi nostrum eos minus blanditiis omnis quos. Dolores dolor et rerum ad non officiis magni. Suscipit mollitia odit commodi voluptas sit. Maxime velit sunt tenetur possimus et.',19,0,1,4,'2014-10-04 07:40:15','2001-10-29 15:14:42'),(22,12,15,'Enim quam corrupti omnis nisi nam vitae esse unde.','Dolorum sed occaecati impedit consequatur quod. Praesentium enim ducimus sint omnis omnis quibusdam. Enim ratione aperiam vel dolore nam sed.',29,1,1,8208477,'2009-01-26 00:40:52','2007-08-12 11:00:09'),(23,20,18,'Architecto quam omnis rerum quo eius impedit ut.','Et suscipit alias totam perspiciatis et vitae dolor voluptatem. Assumenda dolorem aut rem delectus. Voluptate expedita est qui iste odit.',41,0,0,95911,'2001-07-09 15:14:12','2014-07-13 14:03:58'),(24,64,11,'Aliquid sint veniam sed et reprehenderit.','Dignissimos sunt ea sed. Inventore et omnis adipisci molestias et culpa quia et. Culpa eaque ut ut quo nostrum expedita voluptatem. Perspiciatis et delectus dolores eum autem.',1,0,1,265,'1998-12-25 14:12:08','2017-05-23 01:54:12'),(25,96,6,'Autem esse dolorem adipisci ut.','Molestias nihil eveniet dolores soluta esse iste iste quia. Non neque sunt officiis doloribus atque. Deserunt fuga exercitationem consectetur reiciendis dolorum quidem placeat. Quod non sequi qui aliquid.',23,1,1,85923,'2019-08-25 18:27:17','2018-08-22 12:45:31'),(26,90,14,'Officiis eos et ut.','Ea qui unde eos et hic omnis. Enim qui quidem velit et atque. Exercitationem optio saepe voluptatem ut. Tenetur est ut nihil est molestiae praesentium pariatur.',35,0,0,0,'2017-06-21 09:34:55','2003-05-31 23:10:48'),(27,55,13,'Suscipit eum similique natus ab eius aperiam.','Veritatis aliquam facilis eius voluptatem et blanditiis. Consectetur quos error ratione officia. Aliquam quibusdam tempore quos est.',57,0,0,96823,'2009-06-09 11:09:07','2011-01-17 20:40:19'),(28,43,8,'Iure reprehenderit ea qui ab.','Optio ea explicabo debitis voluptatem dolorem minima ad. Reprehenderit vel id beatae quod est quae et. Sunt ea sequi rerum et enim illo et neque.',12,0,0,17753,'1999-01-08 22:01:55','2010-01-17 14:08:03'),(29,110,6,'Velit non modi ipsum illo qui accusamus.','Est laudantium numquam sed atque beatae ratione quia similique. In impedit sit numquam assumenda. Quod ipsa quos autem non sit est recusandae quia.',10,0,0,197561,'2008-07-15 15:44:09','1987-08-08 10:21:27'),(30,90,18,'Omnis molestiae commodi occaecati nisi eaque explicabo quis.','Laboriosam non ipsum dicta in. Sequi voluptas quos est distinctio ut perferendis. Suscipit sit quia ducimus totam.',52,0,1,44265,'1996-04-10 20:50:08','2006-10-09 19:18:16'),(31,108,20,'Esse quisquam nobis fugiat est autem ut.','Autem harum omnis porro in repellendus dicta. Ab eum provident est consequatur itaque ut facilis. Necessitatibus molestiae odio necessitatibus repellendus consequuntur sequi sit. Iste fuga totam et ea rerum.',29,1,1,298888,'1971-05-27 22:16:14','2001-12-17 14:37:45'),(32,97,13,'Qui quos est dolor quam ipsa.','Ab molestias deleniti veritatis. Qui temporibus voluptatem fugit neque maxime placeat.',36,0,0,144500,'1999-03-09 00:01:32','1990-07-09 20:11:44'),(33,15,8,'Omnis velit maxime eius sed.','Doloremque esse autem blanditiis non tempora similique. Illo aliquam et quia quo nobis ipsum eaque. Iure voluptate nihil velit qui expedita minus.',39,1,1,92695590,'1985-05-22 00:03:21','1996-06-29 12:17:53'),(34,50,13,'Ratione magnam aspernatur non corrupti cupiditate consectetur est.','Asperiores cupiditate modi est veritatis. Distinctio pariatur pariatur non quia quia consequuntur ullam. Facere totam similique dolorem voluptatem ut assumenda ut. Ut voluptatibus tempore deleniti odit eveniet voluptatem.',7,0,0,0,'2004-12-05 22:51:08','2017-09-22 15:15:01'),(35,70,8,'Repellat enim non esse et.','Placeat quia quam omnis suscipit ex sed sed. Aut aperiam aut ut eius dolor nesciunt. Tempore velit voluptatum consectetur commodi.',42,1,1,387624184,'2010-01-02 21:41:54','2005-12-08 22:46:29'),(36,30,18,'Sapiente enim quam recusandae voluptas repellat quam aliquam neque.','Illo necessitatibus recusandae facere. Debitis tempora vitae rerum doloribus aspernatur omnis. Repudiandae reprehenderit similique iste necessitatibus vero. A voluptates consequatur quo reprehenderit. Delectus ipsam a quo consectetur deleniti incidunt.',44,0,0,6737225,'1984-03-13 01:31:07','1989-09-26 05:57:53'),(37,47,8,'Consequatur tempora magnam vel quia deserunt dolorum ut.','Rerum dolor expedita voluptas voluptatum nisi totam quo. Eos minus rerum dolorem adipisci. Et suscipit dolor consectetur vitae omnis accusantium. Magnam totam voluptas qui.',1,1,0,755,'1984-12-07 13:59:49','1972-11-13 06:56:54'),(38,6,9,'Repellendus reprehenderit repellendus ad.','Sequi velit qui ipsam velit hic labore aut. Aut quae qui qui repudiandae ratione aut sed. Sint sed voluptas fugiat accusantium occaecati quidem minima. Saepe tempore voluptatem mollitia quod similique consectetur quidem. Tenetur officia accusamus et consequuntur laboriosam ut voluptas.',7,1,0,7510,'1995-12-14 08:28:20','1977-12-03 22:01:03'),(39,110,18,'Ea nam ut nobis.','Totam voluptatem non quia velit minima. Iste voluptas harum fugit quia quia quas qui. Dolores aut consequatur quis et.',20,1,1,8095,'2003-01-07 20:51:09','2016-01-20 06:11:09'),(40,75,8,'Veniam qui voluptates fugit vero.','In nihil et deserunt quo omnis iusto eveniet. Error dolores qui voluptate assumenda quod. Eos aliquam sint aut.',53,1,0,119295540,'2009-12-26 13:05:15','1989-02-17 19:27:47'),(41,46,15,'Qui numquam rerum architecto ipsam.','Natus incidunt quo qui ut temporibus aut placeat. Sit ut veritatis est delectus consequatur voluptatem. Excepturi quasi cumque autem rerum harum facere quia aut.',58,0,1,4081,'2014-08-23 23:03:15','1983-06-08 07:15:56'),(42,111,6,'Libero impedit eum distinctio aut qui sed ad.','Impedit tenetur excepturi accusamus quam qui laudantium. Blanditiis occaecati nam molestias sit dicta asperiores. Quibusdam maxime amet ducimus commodi. Veritatis in temporibus dolore cum occaecati rerum.',30,0,1,653,'1985-09-01 17:35:00','2015-05-23 23:52:18'),(43,81,12,'Vero accusantium aliquid id vel delectus.','Nesciunt ea facere et iste architecto. Dolore fugit labore sunt culpa modi. Sunt officiis fugiat repellat laboriosam. Aut omnis nemo dolorem in incidunt.',57,1,0,85031,'2016-11-18 21:07:06','2002-03-19 02:32:24'),(44,74,7,'Possimus vel omnis et.','Delectus ratione hic fuga soluta libero perspiciatis. Perferendis voluptatum earum voluptatum itaque explicabo harum. Et beatae consequatur aperiam enim temporibus suscipit enim. Fugiat modi impedit explicabo qui officia aut.',54,1,1,6893672,'2000-07-31 16:28:29','1985-09-06 17:05:36'),(45,88,11,'Facilis officiis dicta eveniet voluptatem omnis exercitationem.','Quia perspiciatis voluptas voluptatem sed laudantium quam. Repellendus quo sit sit laborum magnam molestias sunt.',28,0,1,0,'1982-07-09 07:55:25','1978-03-05 07:46:36'),(46,104,14,'Optio est fuga corrupti impedit recusandae nobis quibusdam vero.','Qui non sint dolor non amet quas. Inventore hic ducimus sit. Et rem reprehenderit quam ea tenetur consequatur sit.',12,1,1,147705673,'1973-05-02 13:40:17','1970-09-23 08:32:10'),(47,86,16,'Id et quia quia quos aliquam ratione iusto.','Velit eum eos voluptas natus. Rerum similique consequatur iusto repudiandae architecto est. Tempora non eum aut ut.',51,1,0,84,'2012-04-03 02:08:55','2012-10-19 15:38:06'),(48,31,4,'Magni tenetur aut illo molestiae maxime.','Velit dolor sit aut rerum. Dolores hic ipsum aut incidunt in impedit et. Quisquam voluptate a nesciunt eligendi aliquam. Neque molestias eligendi odit quia est veritatis qui.',47,1,1,40,'2017-07-21 08:12:30','1985-02-02 03:00:56'),(49,78,20,'Distinctio corporis molestias reprehenderit hic consequuntur quas rerum.','Quam accusantium culpa qui eius quos eum ut autem. In ut et est est itaque omnis nobis. Fugit asperiores doloremque non sed nemo. Dolor fugit dolores quo assumenda eligendi. Velit esse laudantium omnis illum quis iusto nobis.',39,1,1,8426933,'2005-06-07 01:17:46','1994-06-08 12:34:52'),(50,28,10,'In et aut pariatur incidunt accusantium dignissimos omnis.','Sit neque dolore impedit sint laborum. Harum et quibusdam exercitationem aspernatur voluptas. Est facilis aut ut. Ut repellendus dolores et et corrupti vel.',47,1,1,760120613,'1971-05-26 16:31:34','2007-05-16 14:31:10'),(51,23,13,'Repudiandae deserunt aut expedita amet architecto.','Quos similique eum veritatis quaerat possimus. Quam sint quo error vero. Quo architecto nam neque repudiandae voluptas ratione. Praesentium et facere fuga vero veritatis labore dolores nihil.',38,1,0,716535,'1976-03-04 13:48:27','2010-10-21 05:29:47'),(52,66,13,'Eaque ab excepturi in dolor.','Ut voluptatem at asperiores fugit soluta occaecati vero. Fugiat ratione accusamus aut nemo veniam. Iure est quia quia ut praesentium. Exercitationem esse voluptatibus ipsa quia aperiam nulla.',10,1,1,87176047,'1999-07-11 06:16:51','2001-03-20 22:24:46'),(53,19,3,'Corrupti dignissimos voluptatibus optio ipsum quos ex alias sint.','Impedit inventore inventore voluptatem voluptatem velit. Sit consectetur quod hic qui. Delectus eius consequatur aut quod iusto. Est qui numquam omnis similique.',20,1,0,4,'1990-12-01 22:32:37','1981-10-08 12:59:06'),(54,32,4,'Voluptas quas commodi mollitia et vero veniam adipisci.','Deserunt sit magni aspernatur consequatur consequuntur. Blanditiis fuga voluptatibus laudantium et.',55,1,1,92117109,'1974-04-08 18:41:41','1981-06-08 13:37:12'),(55,39,2,'Ullam quia cumque placeat laudantium nobis mollitia.','Et praesentium quo consectetur recusandae sed. Suscipit recusandae officiis fugit repudiandae at sint saepe. Iusto maxime quae sed saepe consequatur autem iusto. Repellat omnis doloremque totam eius. Voluptatem est dolorem culpa voluptatibus rem unde expedita.',22,1,1,28241,'1987-08-02 16:31:08','2014-06-23 23:59:33'),(56,64,7,'Et voluptates dolores velit ut animi.','Nam omnis sed omnis non ex assumenda qui. Voluptas ea nihil aliquam rem ut. Ipsa itaque dolor error pariatur sapiente maiores. Minus qui et aut ipsa similique itaque quisquam itaque.',47,0,0,0,'1993-06-25 19:21:33','1973-09-06 02:39:02'),(57,81,15,'Quis deserunt animi voluptatem cumque inventore.','Ab eum deleniti delectus illum rerum eveniet aliquid. Doloribus repellat repellendus deserunt voluptatum et nesciunt. Et officiis tempora esse asperiores dicta.',35,1,1,368797244,'1986-05-15 01:09:56','2007-01-05 01:03:14'),(58,92,6,'Excepturi molestiae eum vel laborum alias.','Officia eos quidem architecto repudiandae. Perspiciatis adipisci omnis culpa autem voluptate. Qui fugit illo ipsam voluptatem sed.',5,0,0,80946,'1976-06-27 22:51:21','2015-10-04 13:19:01'),(59,37,1,'Quia voluptate repellendus omnis.','Sed soluta maxime velit error voluptatibus. Inventore quia iste enim sit asperiores tenetur. Quae dignissimos possimus repellat deserunt hic.',5,0,0,0,'1981-10-27 20:44:33','1991-07-14 07:52:23'),(60,82,5,'Nisi qui similique ullam quam.','Aliquam quaerat accusantium voluptates enim ea. Dignissimos mollitia quo ut. Assumenda eum ut vero quia velit porro porro assumenda. Praesentium nam ipsum vel occaecati fugit.',15,1,0,91763,'2008-05-25 03:22:52','2004-10-12 03:38:09'),(61,80,13,'Et reiciendis molestiae sapiente minus voluptas labore possimus.','Et nostrum et possimus voluptatem quo facere molestiae. Sint sunt tempore voluptatem et occaecati reprehenderit quam.',50,1,0,13659,'1979-11-19 03:29:38','2001-07-05 00:17:33'),(62,73,8,'Aspernatur cumque beatae facere quod hic.','Quia autem voluptates iure iusto vero. Recusandae corporis consectetur qui recusandae eos et minus. Optio dolorum voluptas omnis iure est perspiciatis inventore adipisci.',32,1,1,367,'1978-04-07 08:38:24','2000-03-12 05:05:58'),(63,65,17,'Laborum esse voluptatem non pariatur.','Ex nisi tenetur enim temporibus atque cum. Labore asperiores tempora quibusdam veniam et molestiae. Et non corrupti consequatur. Repellendus ipsam soluta voluptatem ut labore quaerat vel minus.',29,0,0,472960,'2007-07-25 22:28:53','1982-11-10 23:53:05'),(64,62,10,'Est eveniet quod recusandae.','Aspernatur minima id quidem alias animi est. Quis sunt consequatur officia voluptatum nam consectetur eum. Aperiam eum nostrum eaque laborum beatae. Consectetur doloremque molestiae voluptatem reiciendis dolor.',51,0,0,3145,'2017-05-07 07:29:21','1998-02-05 13:36:48'),(65,19,19,'Similique delectus doloremque at nesciunt.','Qui quisquam ratione et sed quidem. Autem recusandae ut quis optio ad qui. Sit tenetur possimus dolorem voluptatem aut dignissimos sint. Dolor explicabo voluptate et dolorem cupiditate consequatur consectetur.',52,1,1,232963,'1990-08-25 12:28:25','1974-03-04 06:00:04'),(66,21,14,'Et voluptatem numquam voluptate odio consectetur quibusdam qui.','Sed sed nulla consequuntur. Cupiditate velit magni omnis consequuntur optio consectetur. Eos autem voluptas eveniet nulla id similique.',56,0,0,7121,'1997-03-13 02:36:22','1999-07-31 08:25:07'),(67,19,20,'Officiis sunt voluptatibus recusandae excepturi laudantium excepturi.','Sit hic delectus officia eum itaque vel et. Vel suscipit tenetur atque perspiciatis. Voluptas repellat voluptatem tempora quibusdam at magni quis.',52,1,1,344246402,'1974-08-04 19:50:31','1990-12-30 01:21:04'),(68,105,8,'Adipisci dignissimos nisi neque id veritatis neque.','Quia cum architecto molestiae nesciunt impedit voluptatum ut qui. Dignissimos animi libero voluptatem id quisquam rerum atque.',43,1,1,335012,'1971-02-13 02:22:46','1994-02-14 12:23:38'),(69,45,8,'Voluptas illo repellendus in itaque iste similique illum.','Velit ut ipsum libero quia. Error et explicabo natus numquam est.',32,0,1,18945,'1987-12-01 08:10:41','2016-03-04 19:16:52'),(70,51,16,'In id iste dolores.','Tempore dolores sequi aut inventore. Occaecati reiciendis illo aspernatur accusamus doloremque qui illo. Officia dolorem hic et impedit et. Officiis eos quis debitis odio in natus.',15,0,1,838929,'1992-05-12 10:27:43','1971-06-06 22:29:03'),(71,65,6,'Cum illum deleniti recusandae possimus animi.','Nostrum molestiae ut qui asperiores at ut dolores qui. Eaque deserunt iure ea consequatur perferendis facere adipisci. Eveniet velit amet rerum vero a. Voluptatem iure ullam voluptates aut suscipit facilis distinctio. Temporibus quia in omnis odio mollitia quo.',4,0,1,907633,'1993-07-24 02:48:14','2018-11-24 15:41:58'),(72,69,14,'Est esse magni nobis eligendi consequuntur dolores.','Non est totam debitis quos voluptatem. Qui dolorem rerum non rerum suscipit. Id neque recusandae voluptatibus eius. Hic numquam qui ea dolorem sed.',14,1,1,0,'2016-09-17 12:30:25','1991-07-19 18:03:13'),(73,74,12,'Dolor numquam reiciendis aliquid et rem suscipit magnam.','Voluptatem minima odio rerum dolor cumque ducimus sint. Fugit voluptatem aut suscipit suscipit saepe ad quod doloribus. Ut omnis alias non reiciendis sint. Quas perspiciatis consequatur sunt illo dolorem est laborum.',25,0,1,2776,'2011-07-20 20:03:33','2012-02-02 10:00:58'),(74,24,14,'Non exercitationem at sed eligendi aut eum.','Qui corrupti aut ex temporibus nemo distinctio sed. Excepturi sit suscipit laboriosam iusto. Perferendis mollitia alias et aut.',32,0,0,37,'2016-11-28 21:20:09','1988-03-29 21:11:39'),(75,82,3,'Tempora quod non excepturi doloremque numquam aliquid eum.','Sint sed distinctio illo. Et inventore laborum blanditiis accusamus sed atque. Nihil tempora aspernatur alias nemo nobis. Non repudiandae voluptatibus consequatur dolor aliquid.',34,0,1,0,'1987-11-17 01:26:46','2001-10-08 05:46:33'),(76,76,17,'Fugit eum quasi cupiditate magnam ut sed.','Tempore nisi veniam quis cupiditate sit reiciendis. In illum laborum enim et placeat qui ullam. Dolores neque facere ab placeat est a dolorem. Voluptas corrupti explicabo incidunt et.',7,0,1,80988807,'2002-06-20 03:46:48','2017-06-10 08:11:53'),(77,69,10,'Dolor expedita aut ipsam et eos quo aspernatur.','Impedit ducimus debitis ducimus totam eius culpa autem. Delectus voluptatem qui distinctio modi velit rem accusantium. Officia odio repellat a doloribus. Ex sit nisi et deleniti quo quae repellendus sed.',44,1,1,1224506,'2009-01-25 05:21:04','2003-07-06 09:09:49'),(78,48,1,'Totam voluptatem dolor dolor illo voluptas.','Est occaecati sit esse sit amet. Minus necessitatibus quae odio. At ex minus est.',29,1,1,14,'2019-10-25 22:58:41','2007-04-04 21:48:37'),(79,26,3,'Sit qui itaque fuga et nobis.','Possimus officia a itaque aspernatur incidunt error. Mollitia omnis nihil voluptatem. In et eos distinctio laborum vel. Hic doloremque omnis expedita voluptas veniam.',14,1,1,130007712,'1983-05-09 22:43:26','1992-12-30 08:18:46'),(80,14,18,'Saepe asperiores magnam magni sint.','Ducimus unde sapiente nesciunt delectus repellat ad. Et est et ex sed et molestias minima. Ducimus enim nesciunt porro qui error accusantium. Facilis natus quidem modi eos unde molestias animi dicta.',12,1,0,6538,'2008-10-12 05:39:17','2020-01-07 04:39:07'),(81,93,2,'Vel vel voluptas et iusto.','Autem repellat quia possimus nam assumenda. Non minus voluptatem placeat est ducimus tempora quasi nobis.',55,1,0,66231279,'1975-06-05 23:33:56','2008-07-02 20:18:28'),(82,37,3,'Eius dolorem enim quibusdam numquam minima.','Consequatur esse voluptatibus molestias deserunt. Rerum dolores aspernatur eos et soluta odit.',7,0,0,25,'2018-11-19 05:45:52','1972-10-31 15:47:02'),(83,95,11,'Aut hic aut rerum molestias rerum.','Quasi earum enim voluptatum eaque recusandae itaque sunt vero. Recusandae autem hic blanditiis repellat eum et vel. Consectetur beatae optio dicta quisquam debitis. Porro officiis ut voluptates perferendis suscipit eum.',33,1,1,40204,'1992-03-18 16:28:07','1974-04-29 00:47:12'),(84,10,13,'Eum repellat assumenda voluptates corporis alias.','Corrupti eaque nobis vitae. Eligendi quidem aliquam est autem aperiam dolorum.',52,0,1,3,'1973-10-25 23:10:52','2011-03-21 01:45:23'),(85,63,2,'Harum id delectus qui enim qui corrupti.','Labore fuga excepturi aliquid beatae hic vel autem. Quae sunt illum delectus inventore voluptatem molestiae sint. Debitis consequatur minus ratione voluptatem et sapiente optio.',41,1,0,0,'2009-03-22 22:52:03','2008-08-10 06:40:54'),(86,82,6,'Quam delectus nihil aut voluptas temporibus.','Fugit sunt odit sed vero quis. Dolores saepe error ea consequatur qui assumenda. Eaque culpa rerum aliquid sit voluptatem. Possimus deserunt excepturi voluptas expedita.',45,0,1,689865354,'2016-02-24 06:03:18','1971-07-10 22:44:00'),(87,8,5,'Perspiciatis odit perferendis voluptas nemo reiciendis.','Omnis qui eum illum ratione magni impedit. Eum eius quod quia error porro ducimus. Quibusdam nobis porro dolores consequatur sunt sed.',57,1,1,7,'1985-03-28 03:56:42','2012-04-24 16:54:04'),(88,72,14,'Provident et et minima ipsum maiores aspernatur.','Pariatur molestias ratione odio veniam error quo assumenda. Dolor non sed mollitia explicabo saepe quia. Totam eligendi at dignissimos debitis dolorum necessitatibus.',55,0,0,804,'2019-02-01 15:03:32','2000-10-05 13:14:37'),(89,32,6,'Porro rerum deserunt error et ab.','Error est possimus repudiandae aut aliquid. Quia amet qui qui recusandae qui. Neque voluptas aut aspernatur. Temporibus sit deleniti dolor.',15,0,0,362838,'1981-08-05 20:14:18','1988-07-31 15:49:46'),(90,60,16,'Alias eum qui voluptatum aut temporibus illum omnis voluptas.','Deleniti velit consequuntur est eos. Nisi sint optio suscipit corporis. Reprehenderit et nobis illo qui. Iure aut omnis architecto assumenda id.',21,1,0,19623,'2017-09-09 09:01:58','2007-12-27 18:23:44'),(91,59,10,'Sint aut voluptas atque voluptas quidem et.','Odio incidunt suscipit quam veniam sint ut nulla. Sed laudantium error iusto quia accusamus. Corporis rerum harum modi voluptas voluptas quibusdam sequi.',26,1,1,51350,'1988-03-31 07:37:59','1984-09-10 11:01:47'),(92,70,5,'Et velit incidunt provident et ullam quia harum qui.','Dolorem aut provident hic sed sunt sit. Earum sequi nesciunt tempore asperiores modi voluptatum magnam ut. Ut tempore repellendus quo ad officiis praesentium voluptas. Qui dolor architecto voluptas aut aliquam.',20,0,1,7479,'1980-05-22 16:25:30','2000-07-23 20:39:53'),(93,12,8,'Est voluptatem quia nihil quidem assumenda nemo voluptatem.','Explicabo rerum tempora inventore neque aliquid voluptatem. In tenetur est cupiditate. Quia quia voluptate quis nisi. Rem perspiciatis ipsum quo.',9,0,1,37,'1990-02-16 20:55:30','1984-07-31 10:37:43'),(94,40,13,'Aliquid non quis soluta ad.','Vel voluptas non ea quia et. Voluptate et ab voluptates cumque nostrum.',48,1,0,603938479,'1974-07-28 18:50:38','1979-08-18 03:26:41'),(95,44,20,'Repellat placeat nisi eius.','Autem et quia blanditiis est ut alias tempore. Animi sed dicta expedita et veniam vel. Minima voluptate incidunt eius accusantium laboriosam blanditiis. Et id qui omnis culpa distinctio est quisquam. Saepe dolores quaerat necessitatibus magnam illo nesciunt.',18,0,1,947886,'1997-11-13 17:40:00','1982-02-04 04:45:08'),(96,57,13,'Impedit incidunt reiciendis aut distinctio.','Voluptas aut deserunt laborum omnis dignissimos officiis. Minus architecto optio enim voluptates. Dolores voluptatem nesciunt itaque laboriosam aut at voluptatem. Autem voluptatem aut quia modi.',43,1,0,0,'1991-03-14 22:40:53','2014-07-24 15:15:51'),(97,76,11,'Est possimus itaque eum amet sunt neque est.','Laudantium est eos vero accusantium fugit. Ut corrupti iste sint expedita sit vel rerum dolor. Voluptas voluptatem recusandae rerum alias odit nulla et. Error qui debitis omnis ratione. Odio est architecto aut expedita nam eveniet ut.',3,0,0,888698,'1982-08-03 17:55:34','2006-08-14 15:38:03'),(98,62,3,'Sit expedita aut impedit in qui enim.','Possimus repellat vitae beatae maiores vitae. Voluptate voluptates enim corrupti accusantium voluptatibus voluptatem. Voluptatibus earum in voluptas illo quod dicta.',11,1,0,19,'2002-11-03 22:44:57','2009-04-19 18:39:53'),(99,56,5,'Vitae molestiae dolor quia officiis labore odit.','Ullam dolorem iusto unde quibusdam repellendus fugit. Laudantium placeat vero quis enim unde fugit. Necessitatibus dolores cupiditate incidunt adipisci sint ad. Dolorem est dolores temporibus odio dolor.',18,1,0,370,'2017-01-12 03:32:48','1985-09-17 20:16:56'),(100,21,6,'Minima quo pariatur quasi eaque et sed.','Aut autem aut velit et. Voluptate voluptas est molestias. Similique aut ipsa fugiat magnam et.',34,1,0,8,'2017-07-06 13:49:44','2007-03-09 22:12:53'),(101,77,7,'Illum nihil iste saepe aut voluptas.','Qui velit eos cupiditate nobis iusto qui quia. Delectus sunt soluta in nostrum soluta. Et minus libero minus provident et nostrum.',4,1,0,722105685,'1977-08-16 16:22:00','1974-07-05 23:26:51'),(102,10,19,'Dolor quod ut ea eos rerum ab fuga.','Deleniti iusto delectus unde occaecati possimus consequatur deserunt. Est molestiae temporibus temporibus. Ea sed veniam rerum impedit. Vitae omnis omnis quis sit officiis quia.',49,0,1,59,'1978-08-30 18:53:27','1988-05-05 16:05:14'),(103,5,2,'Nihil accusamus et rerum sint.','Quibusdam praesentium odio voluptate exercitationem temporibus. Voluptas iure aut ut mollitia saepe sunt. Amet non fugiat sit sequi aut suscipit. Rem rem voluptates rerum nihil ab quam.',28,0,0,128546110,'2008-11-22 11:41:22','2003-08-25 01:30:17'),(104,12,14,'Tempore dolorum ducimus corporis dicta.','Aspernatur ut est vitae ea hic molestiae vero. Aut soluta odio amet autem. Provident voluptatem sunt dolores hic cupiditate. Nobis quia placeat quibusdam tempora voluptates totam blanditiis.',26,0,0,93,'1982-03-23 11:45:40','1985-12-13 03:10:47'),(105,78,6,'Omnis voluptates voluptatem dolores inventore.','Impedit placeat enim laboriosam nulla. Similique laudantium illum nesciunt eum incidunt quas omnis. Qui natus voluptas odio recusandae autem recusandae et.',32,0,0,852123,'2018-01-17 16:59:55','1992-06-10 00:51:04'),(106,69,17,'Ad reiciendis tenetur iste et ut molestias.','Rerum modi sunt inventore provident odio. Modi earum voluptates possimus laboriosam enim. Architecto perspiciatis neque molestias quas perspiciatis expedita accusamus maiores. At maxime sed voluptatum numquam non dolores.',55,1,0,475417917,'2012-03-07 05:26:31','2015-09-16 08:57:16'),(107,53,11,'Molestias laborum distinctio non perferendis odio eius.','Officia dolor laborum quod inventore animi id incidunt occaecati. Debitis mollitia voluptatem dolores sint.',50,1,1,8,'1993-06-22 00:15:26','1983-04-12 04:11:28'),(108,29,14,'Voluptatum iste voluptas accusantium nesciunt quod.','Est eaque occaecati ut qui impedit. Reiciendis ipsa ullam velit. Culpa sed in omnis. Sint quidem aut vel. Quia quo sed perferendis debitis nisi et amet possimus.',32,0,0,69286464,'2018-06-25 10:07:20','1984-02-28 22:44:52'),(109,87,4,'Recusandae est vel eum est id consequatur.','Repellendus voluptatibus qui suscipit voluptatem quidem. Culpa culpa nihil praesentium impedit officia. Quibusdam doloribus fugit recusandae corrupti labore.',37,0,1,75,'2013-08-24 02:09:29','1986-09-02 22:47:03'),(110,5,1,'Commodi et minus cupiditate sit unde aut omnis.','Ut iste possimus quis ducimus. Ad et est odio quia.',53,0,0,136,'1978-12-26 08:40:06','1981-07-07 12:39:05'),(111,58,7,'Voluptate quos perspiciatis veniam illum enim neque.','Molestias voluptatibus illo perferendis repudiandae voluptas. Laboriosam voluptates quia cupiditate aut. Et provident magni enim placeat sit natus. Vel voluptate et nesciunt laborum est.',6,1,1,3963062,'1996-04-15 18:01:19','2003-07-24 09:09:40'),(112,19,12,'Qui iure exercitationem autem non minima.','Nisi iste omnis assumenda eveniet. Est ratione facere reprehenderit aut. Rem voluptatem quia repellendus dolorem neque dolorum.',57,1,0,99,'1979-06-15 18:25:58','1989-05-24 08:27:05'),(113,25,19,'Et earum et est ut qui asperiores provident.','Perspiciatis quo dolore qui ipsum ut. Dignissimos sed corrupti quibusdam ab. Harum cupiditate qui nisi nulla dolores maiores.',50,1,1,7665217,'1984-11-06 01:55:03','2006-06-28 05:29:13'),(114,107,20,'Reiciendis nam sapiente adipisci corporis voluptatem error.','Cumque molestiae velit eos aut excepturi. Dolor dolor quisquam repellendus voluptatem vitae. Nulla libero velit sint quas cupiditate eaque hic. Perferendis temporibus molestiae est.',51,1,1,82,'1992-03-31 04:17:57','1987-09-03 00:16:51'),(115,80,17,'At ut fugit illum minima voluptas et.','Explicabo atque itaque labore consequuntur. Laudantium minima facilis debitis a quis est. Rerum iste atque quod perferendis ut nemo laboriosam odio. Aut hic officiis sit modi odit laborum.',5,1,1,9,'1999-07-26 13:46:46','2018-04-18 15:42:31'),(116,45,19,'Dolorem itaque velit ipsum odio odio non sunt sed.','Commodi velit est quasi ipsam. Quaerat fuga itaque repudiandae. Iusto ab asperiores voluptatem ab. Eveniet ipsa qui odio mollitia omnis.',43,0,1,748574120,'1995-05-24 18:52:44','1993-02-06 01:30:35'),(117,44,7,'Nesciunt distinctio minus nemo sint et quos laboriosam.','Libero aut iusto quos facilis mollitia at. Ex suscipit praesentium dolor omnis recusandae ipsum. Alias et laborum quisquam excepturi et voluptas ullam consequuntur.',26,0,0,6,'1974-10-25 10:48:14','2017-11-19 15:53:03'),(118,54,18,'Esse similique quidem temporibus autem aperiam officiis aut esse.','Earum accusamus veritatis ad sed sapiente sunt. Soluta numquam labore voluptatem ratione soluta.',54,1,0,33,'1974-11-16 14:25:42','1987-01-21 08:16:05'),(119,14,5,'Expedita nihil saepe delectus molestiae nihil sed ex.','Consequatur quod consequuntur est qui aliquid possimus architecto. Soluta vero omnis est veniam maiores.',45,0,1,22769,'1998-07-19 01:02:42','1997-07-22 14:19:27'),(120,76,15,'Ipsum aperiam dolores repudiandae et a est.','Nihil quia corrupti omnis perspiciatis est sint earum. Dolores ea reprehenderit sed. Voluptatem id voluptatem fuga iste velit laudantium. Et dolorem sed dolor voluptas.',22,1,1,77749611,'1992-04-26 02:01:14','1987-05-14 02:28:52'),(121,30,12,'Nam ipsa in velit id suscipit et.','Illo ipsam est quis molestiae et qui. Vitae qui id animi sint quae atque sequi. Et fuga sapiente officiis et similique optio. Ipsa quo vitae expedita nisi ipsum.',11,0,0,7,'1999-02-02 22:22:14','1988-01-10 09:58:24'),(122,95,5,'Voluptatem libero repellat velit quo molestiae tempore officia.','Labore autem et magni enim autem rerum error. Sapiente exercitationem iusto nam sint. Quam voluptas qui tempora ea. Molestiae tempore alias quisquam eos quo quo totam sapiente.',50,0,0,949078,'1970-09-30 09:59:41','1971-02-09 10:47:46'),(123,53,8,'Maxime rem accusamus dignissimos in labore optio.','Magnam dolores beatae explicabo officiis et expedita et. Incidunt vitae dolor quasi provident suscipit quasi qui eligendi. Qui placeat fuga delectus saepe. Et pariatur et quia fugiat cumque neque.',37,1,1,3,'1971-08-06 11:26:26','1994-08-04 09:30:29'),(124,25,16,'Non aut qui quae est quas incidunt.','Iste libero rerum qui adipisci corrupti. Error quisquam amet aut est est quis error.',8,1,0,8,'2018-04-19 05:07:31','1986-06-19 03:31:11'),(125,57,17,'At voluptas rerum ex natus harum.','Illo perspiciatis beatae in nemo. Natus laboriosam beatae molestiae beatae autem. Nisi magni et aut hic. Error laudantium corporis ut sed.',3,1,0,45927089,'1992-12-29 13:37:49','2001-04-06 03:31:26'),(126,51,13,'Et et odit tempore ea quam numquam corporis dolorum.','Reprehenderit inventore occaecati pariatur. Aliquam tempore sed qui eos deserunt occaecati pariatur repellat. Ut dolores consequatur dolore est repellendus dolore.',34,0,0,96549,'1977-04-07 10:31:36','1977-12-29 22:11:02'),(127,40,1,'Voluptatem molestiae nesciunt quia qui aut consequatur velit.','Est animi qui voluptatem omnis enim mollitia. Saepe aut velit harum a. Ratione tempora nulla ipsum dolores dolorem tenetur architecto.',3,0,1,0,'1971-12-22 03:40:44','2012-07-29 14:04:54'),(128,109,16,'Vel dolores eius ut est quos placeat.','Molestias consequatur qui dolorum maxime deserunt. Laudantium aut id eum repellendus.',13,0,1,105115879,'2019-08-11 15:00:38','2005-09-05 09:58:56'),(129,46,18,'Voluptatem totam consequuntur velit dolor cupiditate sunt repellat non.','Deserunt odio cupiditate numquam nihil harum quas minus. Aut dolore itaque laboriosam totam quasi corporis. Minima distinctio a error reprehenderit mollitia dolorem. Excepturi et accusantium rem totam assumenda dicta et.',21,0,1,75086799,'1978-12-05 02:03:06','2015-06-19 20:05:55'),(130,70,13,'Et ex nulla a voluptas qui est et.','Est ut explicabo deserunt quibusdam incidunt ut debitis. Error autem id sit laborum nemo ut labore nesciunt. Ducimus laboriosam at voluptatem nostrum ea quia. Ex recusandae omnis velit fugiat nam est.',6,1,1,799,'2009-03-04 17:30:29','2003-12-13 15:30:55'),(131,70,4,'Dolores quasi nostrum accusamus sed id.','Tempora voluptatum magni ut mollitia officia sit. Ut omnis sit explicabo. Quis omnis est est illum voluptatibus non. Et assumenda qui vel quidem omnis.',51,0,1,703259,'2001-12-21 05:40:18','2016-11-25 09:39:45'),(132,41,12,'Rerum asperiores reprehenderit vero eveniet.','Et ut quis illo tempora. Voluptatem aut natus consectetur dolorem ad esse illum. Nisi fugit eveniet illo qui.',36,1,1,21,'2010-12-07 00:28:17','2010-09-07 10:10:18'),(133,34,19,'Eum velit consequatur vero et consequuntur sed distinctio.','Veritatis inventore modi ut eius. Et non nesciunt ad eos iure quo non. Consequatur perspiciatis id expedita placeat et libero.',34,1,0,0,'1995-04-18 23:34:30','2014-12-18 07:49:19'),(134,43,20,'Minima eum omnis omnis ut rerum veritatis non.','Cum praesentium tempora quisquam est iste molestias et pariatur. Eveniet sit doloremque aperiam enim modi numquam. Ipsum earum aperiam quia est aliquam magni.',5,1,1,729,'1977-10-27 07:25:20','1992-04-15 20:40:35'),(135,73,12,'Ut quis vel ad rerum dolor accusantium.','Voluptatum voluptate qui repudiandae fugiat. Quis aperiam debitis autem ea. Totam quos aut voluptatum voluptas.',43,0,0,31139,'2012-03-22 21:43:31','2008-06-06 00:34:54'),(136,85,12,'Occaecati ut officiis eveniet.','Harum cum dignissimos dignissimos modi impedit expedita aut. Porro debitis veniam debitis non distinctio. Et est labore incidunt laboriosam. Nihil culpa ut nostrum sapiente.',11,0,1,15597,'1985-10-23 01:50:32','2018-06-29 06:19:46'),(137,72,6,'Dolores doloribus quia quia consectetur.','Nulla numquam non eveniet soluta ipsam iure. Voluptas incidunt dolore pariatur recusandae vel beatae. Mollitia beatae voluptas incidunt vel vero praesentium.',6,1,0,5073702,'2006-08-16 08:29:48','2001-09-17 20:28:05'),(138,97,20,'Dolorem quia et voluptas sed.','Dolores aliquid ullam voluptas inventore hic repellat voluptatem non. Odit sit saepe possimus voluptates perspiciatis dolores. Ut natus enim nostrum explicabo. Cumque quis alias rerum sit quia et.',20,0,0,0,'2018-04-19 16:07:25','1994-05-11 01:32:38'),(139,101,11,'Voluptas hic natus aut at sint.','Aperiam qui quidem ullam facere. Voluptate harum quisquam incidunt deleniti est qui. Officiis voluptatibus ut voluptatem nemo consequuntur voluptatem. Nemo laboriosam corrupti error repudiandae autem. Nihil quasi ut explicabo facere autem.',45,1,0,12277,'1985-07-23 00:13:39','1977-05-17 01:10:21'),(140,79,15,'Voluptas perferendis nisi vitae.','Sunt delectus veniam ea eum ea dolores. Dolores voluptate et libero reiciendis inventore et quaerat. Omnis est sunt ducimus totam rerum.',49,0,0,753519,'1975-12-24 21:49:08','2014-11-01 02:12:09'),(141,63,7,'Id enim quo error velit.','Sunt qui ullam blanditiis vero tempora. Ullam aliquam libero est iure labore et. Amet rem omnis similique. Numquam deleniti qui modi.',28,1,0,87867431,'1978-04-30 15:35:08','1997-03-03 22:04:59'),(142,105,14,'Earum exercitationem quis sit autem totam.','Corporis quis ut dolores ratione similique velit vero. Sunt distinctio quis et omnis. Possimus unde suscipit facere quia ullam id dicta tenetur. Dignissimos reiciendis nostrum commodi id dolorem omnis ea.',55,1,0,571397074,'1991-12-07 11:40:47','1975-10-23 16:27:26'),(143,72,14,'Hic hic doloribus ut dolor odit veniam consequatur.','Quis enim molestias laboriosam est beatae mollitia et. Expedita dolores dolor necessitatibus est officiis porro voluptatibus. Rerum consequatur possimus aut minus.',17,1,1,79497,'1990-10-13 13:19:51','1990-02-25 08:08:12'),(144,39,15,'Nulla et vitae non nemo at.','Nam quasi qui delectus et. Vitae ut qui non exercitationem aliquid suscipit voluptatibus. Sit velit doloremque aliquid ea nesciunt veniam minima. At non voluptatem eveniet aut.',24,1,1,5721543,'2020-06-10 07:43:33','2004-10-13 23:21:41'),(145,74,9,'Ipsam pariatur soluta architecto adipisci accusantium.','A aut animi occaecati quo. Molestias quod quibusdam maiores adipisci omnis. Doloribus dolorem nemo officia quas animi cupiditate eum. Atque rerum iusto odio ex aliquid facere nostrum.',27,0,1,4760214,'2008-05-03 15:07:37','2002-09-28 02:30:46'),(146,30,16,'Dolorem et corrupti facilis nihil sunt eligendi delectus.','Sit sapiente labore qui hic eligendi ea. Rem ut a et quis esse animi non. Quos veniam nisi ex sequi voluptatum.',40,1,0,14,'1971-11-18 16:25:48','1998-12-02 16:18:28'),(147,50,20,'Molestiae vero soluta modi ut veritatis facere ipsa.','Repellat sapiente accusamus omnis voluptatem nihil dolorem. Ratione sequi laudantium cupiditate amet error exercitationem quos. Commodi rerum aliquid ducimus repellat ducimus accusamus in. Commodi odit omnis dolorem voluptatem eaque nihil facilis.',56,1,0,0,'1986-10-10 11:01:41','1998-10-10 23:21:06'),(148,2,5,'Ea non sed sit cum.','Est modi pariatur ipsam tempora aut dicta. Molestias qui quia ut eius quia suscipit neque. Maxime odit perspiciatis voluptatum molestias perferendis dolore. Nesciunt et qui tempore quisquam suscipit magni cum.',13,0,0,59,'1984-08-27 11:53:04','1991-07-31 23:38:31'),(149,83,19,'Officiis et laboriosam consequatur adipisci.','Mollitia iste ut optio ducimus eius sed. Doloribus quasi dolor eius quae illo veritatis. Ea repellendus provident a voluptatem.',57,0,1,0,'2019-02-26 06:44:44','2011-03-31 07:56:47'),(150,68,2,'Esse a necessitatibus iste quisquam natus qui.','Ea et excepturi sed. Excepturi aspernatur sunt ad vero beatae. Iusto ad sit ad non id laboriosam facere.',44,0,0,0,'1994-02-08 21:27:05','2006-12-16 09:54:36'),(151,86,14,'Vel voluptatem molestiae laudantium alias voluptatem.','Sint nihil dolores at maiores in. Sed autem consectetur sunt doloremque. Optio maiores cupiditate quia possimus earum.',33,1,1,983439297,'2017-09-29 12:34:49','1992-01-08 00:10:04'),(152,3,2,'Omnis sapiente officiis velit facilis reprehenderit qui accusantium.','Molestias repellendus perferendis aliquam vero. Aliquid nemo exercitationem voluptas omnis et vel eaque. A eum porro occaecati consequatur ipsum totam unde. Ipsa officia accusantium exercitationem.',21,1,0,538712,'1991-06-05 02:54:29','1996-11-26 06:54:11'),(153,7,14,'Alias vitae rerum voluptatem molestiae rem sed perferendis.','Nihil voluptas aliquid et aut dolorem rem delectus. Asperiores dolore occaecati expedita dolorem nam omnis repudiandae. Cupiditate rerum et quae aut earum.',52,1,0,3122,'2015-06-07 05:56:36','1990-12-20 01:08:45'),(154,32,6,'Cum delectus ullam fuga laboriosam porro.','Provident odio id ullam facilis deleniti. Quo voluptatem ut dolor dolor. Fugiat labore saepe doloribus nobis aliquid nobis. Esse non voluptas ea maiores harum doloribus amet.',6,0,0,17420,'1982-07-15 21:56:58','1971-04-16 10:19:47'),(155,49,15,'Rerum voluptatibus eligendi ea ut.','Velit aut et unde nemo. Cumque nemo voluptatem et saepe qui voluptate. Fugiat sapiente consequatur tempora reiciendis veritatis. Quo eos aut sed aliquam et officia vel.',23,1,1,0,'2002-02-08 05:31:58','1993-08-30 11:18:24'),(156,51,5,'Labore temporibus illo aut est.','At consequatur temporibus fuga nobis harum provident quas. Fugiat quo et sunt. Perspiciatis quae assumenda expedita quia culpa.',9,0,1,282995740,'2010-06-23 06:49:38','1973-10-02 20:19:06'),(157,96,13,'Mollitia incidunt quasi a veritatis minus animi.','Laudantium rem sed qui ipsa. At eum amet quas tempora ipsam quod error. Esse nostrum aliquid qui quibusdam atque consequuntur. Assumenda perspiciatis velit ipsa molestias rerum.',50,1,0,9252834,'1973-09-29 11:51:03','1999-07-20 01:28:53'),(158,75,12,'Occaecati minima voluptatem est quia recusandae.','Assumenda incidunt ad facere molestiae. Eum repellendus enim labore quia voluptatum et.',20,0,0,5,'1978-02-02 18:53:16','1985-01-21 19:41:05'),(159,108,12,'Animi nesciunt veniam sint qui.','Rem aut earum id. Quibusdam soluta qui maxime ea repellendus et aut. Est nihil mollitia eius consequatur architecto. Et ut velit qui necessitatibus quia ratione inventore excepturi.',42,0,1,1,'1979-12-26 23:39:13','1972-05-02 11:41:43'),(160,71,7,'Recusandae excepturi aliquid et nostrum ut laboriosam.','Vero doloribus laudantium similique omnis. Delectus iste explicabo aliquam iste vitae et. Aut laudantium ratione velit optio doloremque est aut fugit.',40,1,0,49304,'1974-07-19 16:02:50','1979-03-13 17:10:49'),(161,1,11,'Et ut hic hic autem non facere.','Ut nulla quae repellendus aspernatur ea enim explicabo. Aut fugiat enim nemo consequuntur explicabo ad a voluptas. At aliquid ut expedita ratione minus reiciendis. Nemo adipisci veritatis ullam illum.',11,0,1,91529,'2010-12-07 13:56:24','2015-08-16 00:27:37'),(162,10,3,'Deleniti at voluptate molestias quae impedit sit esse.','Temporibus sit animi in consectetur autem in. Soluta minus quia omnis. Veritatis maiores cupiditate deleniti. Et tempore incidunt quia sed.',56,0,0,3982457,'1994-12-02 18:12:44','2000-03-13 04:01:10'),(163,43,2,'Sed accusamus vitae earum voluptate et temporibus.','Delectus explicabo velit dolor blanditiis corrupti. Rerum velit atque pariatur laborum consequatur explicabo illum.',29,0,0,811318,'1979-09-06 17:52:17','2019-01-13 16:47:06'),(164,73,15,'Repellendus natus vel eligendi nostrum animi animi.','Est sint sed veritatis est temporibus odio consectetur. Facere voluptas qui tempora rem. Rem eum molestiae sit aperiam vel. Ab in animi ex ipsum expedita.',25,1,0,8,'2001-02-20 09:06:34','1990-04-19 12:45:54'),(165,98,10,'Quisquam perferendis perspiciatis quaerat molestias accusamus assumenda inventore.','Quia est ad vel impedit nostrum dicta quod. Labore tempore quia id saepe facilis natus in dolore. Consectetur illum doloribus aspernatur dolorem qui ut.',53,1,1,23455,'2018-06-29 07:46:56','1999-08-26 07:31:36'),(166,73,1,'Necessitatibus et ut dignissimos hic fuga amet et.','Aspernatur repellat corrupti dolor architecto explicabo. Esse sed voluptates dolore doloribus illum in eligendi. Est ex sapiente blanditiis. Fugit rerum optio omnis ipsam et.',22,1,1,8659890,'1978-02-26 10:09:49','1999-07-30 15:33:14'),(167,70,1,'Possimus eveniet animi eligendi dolorem unde molestias itaque.','Ea aperiam in facilis sit atque. Officiis voluptate voluptatem voluptas soluta dolor et.',34,0,0,9275098,'2016-06-29 16:46:59','1998-05-19 03:36:26'),(168,36,13,'Facere saepe iure repellendus enim.','Dolor et temporibus omnis vel. Esse iusto dolorem ipsa rem. Earum consequatur nostrum exercitationem qui molestiae exercitationem alias.',39,1,0,2997249,'1977-01-20 09:42:32','2009-01-23 06:29:51'),(169,93,19,'Consequatur aut saepe excepturi quae optio harum vel error.','Praesentium exercitationem officiis placeat illo. Unde doloremque aut totam ut neque.',8,1,0,3,'1978-08-16 17:33:38','1973-12-18 17:52:22'),(170,39,16,'Delectus quam aut earum voluptatem blanditiis.','Et sint facere aut facere. Et ut veniam consequatur ut. Tempora vel sunt nihil. In quia consequuntur nam exercitationem.',36,1,1,17421,'1992-03-02 11:00:10','1999-05-08 09:14:15'),(171,105,11,'Excepturi ea delectus necessitatibus aut similique adipisci.','Consequatur ratione dolore corporis sint rerum. Ut alias quae error quibusdam ut. Dolorem consequatur minus blanditiis sequi doloribus recusandae.',44,1,0,13379,'1993-01-15 09:58:57','1970-05-09 19:03:40'),(172,13,1,'Corporis voluptas iusto commodi aut.','Quae rerum quia et quos odit est nobis non. Vero deserunt beatae numquam velit aperiam. Ea nulla non sequi et. Facere distinctio consequuntur quia ducimus. Itaque qui quibusdam tenetur totam labore rem.',3,0,0,96,'1981-03-17 07:02:06','2000-10-31 10:13:24'),(173,52,14,'Facere reiciendis officiis ullam sit error voluptatem laboriosam.','Beatae culpa deserunt id dolores. Voluptatem dolores officiis sequi soluta non cupiditate rerum rerum.',27,0,1,4,'2009-01-07 22:24:24','1993-06-03 05:43:58'),(174,90,16,'Ab quisquam quia quia sint sit aut.','Velit itaque tempora fugiat ad quia nulla fugit. Deserunt enim veritatis autem voluptatem asperiores eum facere eos. Dolor temporibus quas debitis rerum vel dolorem. Laboriosam dolor recusandae molestiae voluptatem minus vel qui.',36,1,1,45239030,'2003-02-01 19:46:13','1997-12-29 11:45:11'),(175,77,8,'Aut aut quas nemo molestiae vitae.','Numquam tenetur et totam odio. Ab et dolores possimus voluptas exercitationem nihil quod.',32,0,1,49,'1972-04-26 17:22:44','1982-09-07 19:38:28'),(176,33,14,'Modi sunt rem impedit quibusdam.','Eveniet dicta sunt tempora enim consequatur soluta non. Ratione cum non voluptatem veniam doloribus. Velit maxime veritatis earum sed ut mollitia perspiciatis non. Nihil asperiores illo rem omnis.',43,0,0,6327,'1990-03-03 11:33:29','2014-08-30 08:47:49'),(177,97,16,'Nemo tenetur placeat explicabo blanditiis.','Saepe est voluptas exercitationem aut. Aliquid ad totam ipsam quis nemo. Alias vel sit dolorum sed est sit sunt.',8,1,0,16152,'1990-07-09 09:26:46','2014-02-12 06:07:23'),(178,108,7,'Perspiciatis amet aliquam eum dolor.','Eius incidunt ad incidunt maxime. Quod dolorem itaque nihil voluptatem. Quis sint dolores non. Dolore iste rerum nostrum.',37,0,0,9,'2000-08-22 07:12:55','2012-04-17 23:31:47'),(179,78,15,'Animi delectus ex voluptatibus consequatur libero aut numquam.','Aut voluptatem sint omnis dicta. Dolor possimus numquam expedita voluptatem. Earum est provident dolorum non ut sint distinctio. Ea nulla consequuntur voluptatem minus amet.',12,0,1,32385321,'2001-07-16 01:21:40','2015-03-01 10:54:32'),(180,110,16,'Delectus nihil minus culpa est officiis nisi architecto.','Cumque reiciendis optio veritatis repellat beatae itaque doloremque reprehenderit. Vitae maiores qui sunt fugit. Enim sapiente architecto sit dolores unde nihil. Fugit totam iure aut ex.',9,1,0,76826538,'2011-07-16 17:36:52','1999-09-16 17:53:51'),(181,24,14,'Tempore error in quo veritatis aut cum.','Debitis dolore dolorem sint sequi beatae qui quia architecto. Et perspiciatis consequatur pariatur dolores. Occaecati laudantium adipisci aliquam in sapiente eveniet.',16,1,1,0,'1970-06-21 01:14:29','1993-06-12 02:17:42'),(182,102,14,'Nihil repudiandae rem eaque qui ipsum.','Eveniet sunt odit libero eaque eos voluptatum est. Veritatis quam sint quo pariatur corrupti velit.',21,1,1,86014674,'2017-11-06 11:23:37','2004-08-22 20:11:28'),(183,77,10,'Dolorum et aspernatur quae laudantium ex.','Incidunt et sint laborum saepe consequuntur dolores. Nisi perferendis quos veritatis vel. Quidem optio dolor aut ut eum ad accusantium ducimus.',3,0,0,2002,'1982-11-07 19:25:41','1991-04-26 19:27:57'),(184,44,2,'Qui aut quia aut molestiae sequi.','Commodi qui reiciendis expedita vitae et. Voluptatem dolores cumque facilis ipsum alias in. Optio et itaque impedit tempora. Est dolores et rerum impedit molestiae.',18,0,0,939748349,'2012-03-02 22:20:36','1991-10-29 00:32:33'),(185,44,10,'Repellendus ipsa distinctio autem pariatur.','Architecto sequi facere facilis quia voluptatem vel harum at. Aspernatur explicabo commodi minima ut. Error laudantium voluptatum tempore architecto recusandae voluptates voluptatem. Esse et voluptatem odit adipisci est pariatur. Odit non ut laudantium minus non quos voluptate corrupti.',56,0,1,79,'2003-07-29 07:02:06','1980-02-24 12:22:22'),(186,72,4,'Maiores cumque similique minima tempora laborum recusandae dolor tempora.','Consequatur soluta animi dolor culpa autem tenetur itaque. Itaque sint dicta corporis. Qui non deserunt harum nobis et adipisci a. Sint nesciunt earum nisi dolor qui doloremque.',21,0,0,4717,'1975-07-27 23:33:28','1996-11-15 17:33:52'),(187,38,3,'Sunt asperiores dicta quo impedit et natus quisquam.','Tempore totam dolorem possimus excepturi. Quam laboriosam molestiae libero voluptates quasi. Sint officiis harum necessitatibus id.',30,1,1,222,'2015-01-06 12:03:20','1970-01-04 09:30:59'),(188,27,18,'Eaque animi velit dolorem ratione.','Dicta nostrum adipisci qui aut quibusdam eaque at. Vitae ratione voluptas et totam accusamus sunt culpa.',13,1,1,370,'1975-05-24 23:05:40','2006-08-20 21:46:04'),(189,88,8,'Eos nihil vel neque similique nisi illum voluptas omnis.','Sapiente illum incidunt est natus aut ducimus. Excepturi quia qui vero accusamus nulla dolorum. Impedit voluptates omnis asperiores voluptatem.',13,0,1,56699274,'1997-10-14 16:40:00','1992-08-28 23:17:17'),(190,96,14,'Id est at dolorem possimus nulla eum quam praesentium.','Quia ipsum omnis ratione explicabo voluptas autem. Architecto molestiae assumenda voluptatem quae. Tempora hic voluptates veritatis et nulla. Consequatur sit est occaecati totam reiciendis est voluptas.',15,1,0,0,'2015-05-17 20:19:48','2011-12-26 13:57:27'),(191,16,12,'Porro placeat itaque cupiditate adipisci vel.','Delectus id et dolorem corrupti adipisci qui voluptatibus aut. Neque aperiam dolorum est magnam atque esse sequi. In reiciendis ducimus consequatur accusantium repellendus omnis quas harum. Id odit eos aliquam ut temporibus quia.',6,0,0,7785,'1985-09-02 01:56:34','2010-03-21 20:18:51'),(192,21,4,'Et est perferendis veritatis aspernatur deserunt quae autem.','Magnam dolores perferendis rerum molestiae. Facere vitae quis at magnam. Doloremque sunt in nihil ut facere deserunt perspiciatis.',56,1,1,803922,'2007-09-05 16:07:41','2019-07-04 06:22:47'),(193,87,4,'Officiis ullam unde maxime et sit minima quam.','Fuga non ipsa aut voluptatum et. Maiores voluptatem itaque sed rem quis. Magni minus recusandae ut quis incidunt sed. Quasi totam deserunt consequatur aut quae veniam.',40,1,1,770330309,'2016-05-24 13:49:19','1982-07-29 07:37:03'),(194,12,13,'Necessitatibus voluptates doloremque omnis nostrum consequatur.','Dolorem totam quia consequatur ut. Aperiam ducimus tempora quaerat qui distinctio fugit dicta. Voluptas voluptatem harum perspiciatis cum maiores assumenda quis. Voluptates neque tenetur assumenda ut inventore eligendi exercitationem.',42,1,1,0,'2011-08-17 19:03:24','1985-07-06 15:35:38'),(195,24,3,'Repellendus praesentium velit aliquam dolore molestiae similique animi ratione.','Ullam corporis aspernatur dolore ut sit quisquam sed. Aut iure impedit sed totam. Aspernatur voluptates aliquid qui illo et officia consequatur. Itaque aut consequatur rerum earum deserunt.',17,1,1,43715060,'1997-04-02 22:17:25','2010-06-05 08:30:16'),(196,68,16,'Fugiat veniam et incidunt officiis id.','Voluptate velit accusantium iste molestiae earum nobis animi impedit. Aperiam consequuntur laboriosam numquam. Aut cum ea sit autem est numquam tenetur. Ut nostrum ipsa autem et tempora esse. Vero reprehenderit recusandae repellendus consequatur.',6,0,1,76852,'1983-08-10 01:22:21','1970-08-30 15:52:01'),(197,7,6,'Repellendus voluptatem facere fuga provident vel.','Provident nihil est non et. Odit ratione quod occaecati rerum non cum totam expedita.',28,1,1,7338,'2012-11-13 10:20:16','1985-08-11 16:39:52'),(198,12,12,'Praesentium ut qui dolorem dolores qui rerum.','Dolorem hic eos quibusdam iure aliquid libero. Est autem aut ipsam ratione. Fugiat aperiam ducimus aut omnis.',46,0,0,7116645,'1984-03-16 07:25:21','1998-08-12 22:42:27'),(199,107,11,'Culpa vel natus veniam maxime minus voluptatum rerum.','Unde qui exercitationem perferendis sit debitis totam. Esse et incidunt reprehenderit quae dolore omnis. Et exercitationem amet eos sunt iste.',2,0,0,4356193,'2011-05-12 20:00:04','1985-07-26 23:18:18'),(200,31,17,'Est qui beatae voluptate perspiciatis nihil veritatis.','Corporis eligendi maiores assumenda quas. Sed aut hic voluptas vel aliquid qui. Consequatur occaecati quaerat assumenda autem reiciendis labore est omnis. Natus ut possimus non nostrum sit dolorem in.',7,0,0,8513469,'2013-11-17 08:49:41','1998-11-11 10:44:53'),(201,3,11,'Vel inventore quisquam unde cupiditate minima.','Nesciunt maxime vero voluptas qui reprehenderit. Dolores iure nulla nihil est hic iure ut eveniet. Atque et corrupti eius tempore quis quae. Officiis rem repellendus et.',29,0,0,697692626,'2016-08-20 12:38:28','2013-08-31 21:54:02'),(202,51,11,'Numquam enim perspiciatis laboriosam labore.','Vel perspiciatis labore adipisci reiciendis adipisci voluptas. Consequatur qui ex odio eos eius est voluptatem. Quia voluptatem assumenda ipsum voluptas voluptatum repellendus omnis saepe.',24,1,0,74,'1972-11-21 06:36:40','1994-10-12 15:48:59'),(203,32,12,'Aspernatur facere dolor commodi error quaerat libero iure.','Dolorem asperiores dolore quidem totam aut quis possimus. Ipsa eum iure et aut quos. Unde a harum voluptatem repudiandae. Deleniti facere impedit voluptatem consequuntur enim laborum laudantium.',14,0,0,402898,'2010-03-23 02:08:20','1995-04-10 07:14:41'),(204,106,17,'Et id officia voluptatum aut aut.','Velit eos quod accusamus distinctio. Rem dolor ut ut quo est. Odit consequatur quod alias nobis cum amet. Optio dolorum iste quos.',13,1,1,3562705,'1987-03-03 12:36:48','1977-08-06 00:41:47'),(205,25,2,'Velit non non eius odit maxime consectetur officiis.','Nostrum veritatis ducimus aut et. Necessitatibus molestias inventore cupiditate nesciunt. Minima qui quod quae accusamus. Consequatur est ad temporibus ut occaecati id aliquam.',14,0,1,541,'1980-06-29 09:28:58','2011-11-18 12:53:17'),(206,3,9,'Incidunt nihil nihil est quo totam assumenda placeat.','Fugit quia beatae voluptates quo. Ut quo non iste. Repellendus adipisci aut aliquid minus ipsum est. Magnam reiciendis sunt quod sint.',4,1,1,9655,'2018-06-11 17:44:59','2003-07-01 02:47:44'),(207,43,3,'Reiciendis sapiente doloribus numquam quia consequuntur iusto.','Dolorum molestiae adipisci non incidunt iste. Doloremque omnis et illum soluta animi itaque. Non quam sint praesentium iusto est harum voluptatem. Dolorem earum voluptate et quis praesentium vero.',19,1,0,766,'2015-03-26 22:19:03','2008-10-01 15:09:41'),(208,102,10,'Laudantium corporis omnis maxime itaque magni.','Ut deserunt veritatis ab inventore distinctio. Placeat aut dolores eligendi sit quis quae adipisci. Laboriosam ut atque minus est eveniet natus. Dolorem dolor nihil delectus iusto doloribus voluptatibus omnis et.',4,1,1,0,'2017-10-08 04:46:59','2000-11-19 12:00:48'),(209,59,1,'Veniam sapiente molestiae omnis nisi.','Qui dolores vero est ea nobis quis aliquam. Qui quas et deserunt dicta. Dolor veritatis libero at vitae.',24,0,0,49508,'2007-01-01 01:34:26','1983-04-29 23:03:08'),(210,69,8,'Laudantium quibusdam iste ea debitis sed.','Ipsa beatae quia voluptate. Libero consectetur et debitis earum. Et tempore facilis sint dolorum. Saepe ullam autem modi vitae id. Est incidunt mollitia possimus enim.',39,0,1,45020,'2015-01-17 02:52:35','1979-07-11 22:11:59'),(211,25,9,'Asperiores sunt quas culpa odit dicta.','Facere voluptatem saepe animi repellendus provident quas quia a. Doloribus doloribus magni rerum autem nihil similique sed.',5,0,1,530,'2002-12-19 14:51:31','1979-09-12 03:23:38'),(212,68,8,'Aut quaerat quaerat iste.','Ut repellat et quae enim reiciendis occaecati voluptas quos. Architecto voluptatum nulla itaque sit illo est. Minus et labore nesciunt.',19,0,1,93,'2012-04-28 04:37:20','1988-09-20 00:59:54'),(213,12,11,'Tempore harum excepturi consectetur nihil qui eveniet quis.','Iste modi omnis voluptates quia. Est commodi dolorum voluptatem sed eius non. Distinctio aliquid sapiente dignissimos unde. Et id officia et.',39,0,0,48596623,'1974-03-29 22:44:17','1997-08-20 16:18:33'),(214,27,16,'Occaecati provident laudantium consequatur a perspiciatis quod.','Commodi a quasi vel omnis est. Eveniet error culpa deserunt quos possimus voluptatibus. Incidunt quisquam atque ut dolorem. Explicabo culpa aspernatur et possimus iste aspernatur illo. Sed unde voluptatem eligendi minima.',17,0,0,51060,'2005-07-02 19:14:43','1974-09-18 03:35:35'),(215,4,9,'Excepturi alias voluptates ipsum non commodi laboriosam.','Recusandae reiciendis quas nesciunt quibusdam fuga. Et excepturi et libero commodi. Nihil possimus minus numquam nemo pariatur dolores asperiores. Aspernatur quam ullam cum omnis ut beatae repudiandae.',38,0,1,861712901,'1988-07-24 22:18:27','2003-03-16 18:09:26'),(216,54,14,'Aperiam incidunt repudiandae id in.','Consectetur ea officiis corporis impedit consequatur. Accusantium eos labore impedit veniam neque. Consequatur eos voluptatem expedita exercitationem dignissimos ullam magnam. Et qui aut voluptas fugiat aut necessitatibus.',2,0,1,84124,'1975-03-06 18:51:10','1992-02-01 09:29:47'),(217,22,17,'Dolor aliquid aut dolores.','Dolore dolores velit minus perspiciatis doloremque fuga. Velit aspernatur optio voluptates quasi inventore. Rerum molestiae eius animi quod corporis in rerum. Ea odio aut eum et sed. Autem aspernatur omnis cumque distinctio fugiat velit cupiditate.',32,0,1,0,'1992-11-03 05:55:10','2018-11-21 06:59:34'),(218,107,20,'Dicta quidem fugiat maiores.','Aut ipsam possimus ipsam sint aut. Id quod consequatur odio animi eum placeat vel. Quibusdam fugit non ea dolore molestiae sunt officiis. Harum est laudantium odio sed at odio.',19,1,0,3,'1977-02-12 05:00:41','1995-10-29 13:44:50'),(219,86,14,'Hic veniam magni sequi est dolorem non est.','Esse ut assumenda ad distinctio temporibus illo aperiam odit. Qui dignissimos ex quis. Voluptatem amet ad quod quod illo aut aut. Blanditiis nesciunt sed et amet.',28,1,1,2045,'2001-03-16 05:45:14','1995-08-28 21:28:12'),(220,84,20,'Id id quia ut.','Aut temporibus soluta ut dicta animi ipsam dolorum consectetur. Reprehenderit delectus incidunt saepe unde necessitatibus voluptatem. Animi fuga voluptas optio natus fugit consequatur molestiae. Doloribus eaque corrupti nostrum consequuntur.',22,1,0,25,'1977-02-14 15:13:07','1998-02-23 10:10:51'),(221,95,5,'Eum fugit ut aut vero in.','Dolores sunt numquam aut magni sint similique voluptatem numquam. Expedita autem est culpa sed non facilis. Quidem tempora eius sed maiores. Sequi atque a fuga alias voluptatibus perferendis.',52,0,0,628035373,'1977-08-04 03:14:14','1990-10-29 02:14:03'),(222,64,16,'Et quo assumenda perferendis molestiae quae quisquam porro ex.','Velit perferendis et eligendi veritatis voluptate magni sequi. Laudantium pariatur excepturi nulla quia dolor necessitatibus nostrum.',6,0,0,101617073,'1972-02-19 01:47:08','1991-02-01 15:21:32'),(223,89,14,'Eum quis incidunt id.','Temporibus earum voluptatem quia sint doloremque eum culpa. Nostrum aut rerum consequatur aut voluptas odit molestias. Deserunt laudantium modi odit quis nisi omnis quis sit. Doloribus adipisci voluptatem nulla deserunt.',49,0,1,96,'2010-12-25 11:38:30','1994-10-19 13:00:59'),(224,14,10,'Quae ipsam soluta eligendi et.','Aut nam nesciunt eligendi nobis quia id dicta. Dolorem dolorem eos aspernatur voluptas impedit itaque officiis. Velit aliquam doloremque nesciunt ut. Aut qui ab corporis rerum.',29,1,1,1545099,'1978-11-22 19:42:22','2005-04-21 01:51:32'),(225,55,4,'Sint totam eos non doloribus placeat.','Deserunt tenetur animi id quidem ut magni similique. Aut quas tenetur dicta et totam est. Aperiam deserunt voluptatem sed aspernatur sunt qui nobis.',35,0,0,9958,'1974-09-22 15:53:57','1986-04-21 07:11:28'),(226,66,13,'Impedit accusamus consequatur dolorem consequatur iure sint.','Ut dolor neque atque iure. Qui doloribus velit illo incidunt ut et. Rerum eos architecto est ut vitae.',40,0,0,1938,'2011-10-04 07:15:50','1971-03-17 19:57:34'),(227,91,18,'Omnis et quaerat sunt.','Excepturi et sit sequi tempore repudiandae. Officia eos vitae sint consectetur qui voluptatum. Consequatur cumque ut nisi officia corrupti eius nulla odit.',4,1,1,329972,'2000-06-01 21:14:50','2017-11-10 11:39:37'),(228,93,17,'Aut sint non illo.','Eum numquam labore dolore est. Repudiandae voluptatem numquam earum et. Vitae harum consequatur temporibus consequatur perspiciatis dolores.',12,0,0,0,'1976-07-21 00:21:12','1993-12-09 16:28:25'),(229,75,15,'Voluptas harum doloremque magnam recusandae beatae.','Adipisci voluptatem explicabo aperiam consequatur laudantium est id beatae. Dolor non aliquid voluptates voluptatem nobis aspernatur. Quia reiciendis et quo eum atque. Aliquid sapiente et dolores vel.',1,0,0,60,'2006-07-31 15:22:18','1977-10-02 02:02:01'),(230,75,7,'Sit voluptatem dolor porro saepe animi.','Omnis rerum recusandae quis. Sunt possimus et eaque voluptatem qui sapiente illo. Dignissimos excepturi maxime repudiandae soluta. Voluptatem est quibusdam occaecati consequatur suscipit ut.',55,0,1,7,'2011-10-25 22:04:22','2009-08-03 00:42:03'),(231,101,9,'Quia aut quidem veniam reprehenderit distinctio aut ducimus.','Magnam commodi sit et dicta earum quia. Itaque et aliquid incidunt quia. Inventore officiis praesentium nisi dicta eum.',41,0,1,137998,'1982-07-04 15:58:43','2001-09-24 10:00:56'),(232,1,13,'Et quisquam praesentium est est aut nobis nisi nostrum.','Ut ea enim quos recusandae minus. Reprehenderit harum laborum dolores ex nisi placeat consequatur omnis. Commodi sunt facere laboriosam atque rem ratione voluptate. Aut eum dolores odit officiis. Numquam blanditiis quasi distinctio in excepturi quam et.',56,0,1,81924,'2015-08-08 23:20:58','2013-11-22 16:57:30'),(233,50,12,'Eius velit aut cupiditate qui omnis deserunt.','Cupiditate et aperiam fuga inventore accusamus voluptatem. Et qui voluptas similique. Ratione quasi iure reprehenderit ut atque. Et laudantium eum nostrum amet minus.',40,1,1,217688,'2002-04-29 17:16:40','2015-01-29 11:29:32'),(234,32,20,'Est mollitia voluptas quia consequatur reiciendis earum error.','Quae voluptatum rerum dolores nobis magnam reprehenderit saepe qui. Est sint accusantium minus libero quas. Ut similique consequatur repellendus consequuntur ut aliquam distinctio.',15,1,1,3472,'2016-02-17 07:16:33','1992-04-16 11:51:50'),(235,64,11,'Facilis quaerat dolorum enim corporis quia excepturi.','Ut rerum ut eos sit aut in. Aut nostrum dolor unde vel eum beatae. Eius eum eligendi explicabo ut. Et ad enim autem nemo qui nam. Sit beatae minima et aliquam omnis.',2,0,1,0,'2012-06-21 14:03:50','1979-11-20 03:52:14'),(236,111,18,'Sit veniam rem animi nam exercitationem doloremque ut.','Alias aut culpa animi eius dolore. Possimus expedita aut incidunt. Fugiat laboriosam a sed nihil.',35,1,0,236587,'2010-07-27 19:09:58','1971-11-20 07:51:49'),(237,106,14,'Recusandae fugit blanditiis aut et voluptatem.','Et quis explicabo vel error. Aut ut et labore deserunt in. Doloribus perspiciatis voluptas illum ex ullam. Perferendis ipsa est maiores. Aut amet fugit vel qui laborum et qui nihil.',6,1,0,8,'1999-11-10 02:54:34','2000-02-21 15:31:54'),(238,72,2,'Harum ipsam ipsam iste corporis.','Sed dolorem asperiores sapiente quaerat ab rerum. Unde laboriosam ab id numquam. Officia quia ut eaque similique repellat.',50,1,0,191688670,'1975-09-24 15:20:03','1981-08-18 03:54:11'),(239,3,7,'Quis sed itaque sed ipsum dolore.','Qui atque et et animi ab. Ea nihil blanditiis facilis eum non commodi voluptatem. Voluptatum ipsa tenetur dolor enim eligendi aut consequatur. Dolores saepe labore sequi voluptatibus pariatur.',55,1,1,65423292,'2014-07-05 02:30:19','1995-11-03 08:11:04'),(240,107,15,'Ea esse suscipit consectetur et repudiandae esse.','Id pariatur iure aut. Ut dignissimos molestias architecto nesciunt. Autem aut delectus nemo ducimus nam.',20,1,1,362029,'1993-05-22 02:38:43','2005-06-16 17:26:46'),(241,17,8,'Et et ut velit eos assumenda aut autem.','Placeat est voluptas deserunt sed quis. Praesentium omnis quasi laudantium esse molestiae tenetur. Tempore quo qui rem temporibus omnis. Perspiciatis quia adipisci beatae placeat est.',4,1,1,912,'1992-03-05 13:25:23','1973-08-10 09:51:16'),(242,82,20,'Sint iure maxime eius assumenda rerum harum commodi.','Deserunt quas quisquam vel. Sunt dolore sed ab error et velit nam. Suscipit quae consequatur quisquam est molestias. Nam omnis autem numquam dolore perferendis voluptatibus.',40,1,1,6469,'1971-08-29 06:20:08','1999-11-01 16:25:15'),(243,15,11,'Corporis nemo unde et beatae ut.','Quae consequuntur consequatur eveniet quia doloremque error. Dolorum dolorum libero expedita magnam et. Temporibus cum quo itaque non delectus.',18,1,1,239570350,'1997-03-19 04:29:05','1972-07-12 12:39:44'),(244,15,17,'Nobis aut architecto beatae.','Esse est quas omnis non. Voluptatem enim nihil animi fugiat voluptatibus at non. Consequatur voluptas optio expedita alias. Ut id veritatis adipisci commodi eaque.',3,1,1,0,'1990-05-20 01:40:20','1977-09-02 18:49:01'),(245,40,8,'Id quisquam delectus magnam consequuntur.','Ut sed similique aperiam architecto minus exercitationem magni incidunt. Saepe occaecati non unde optio. Et molestias veritatis blanditiis esse quia sit. Dolor aut velit nihil similique optio.',10,0,0,115482,'2007-05-30 23:32:14','1991-03-04 16:31:43'),(246,7,4,'Reiciendis provident deserunt vel ut.','Et eveniet ratione voluptas soluta id dignissimos. Voluptatibus beatae est vitae dicta quos. Numquam dolore a facilis esse facilis occaecati.',57,0,1,9624324,'2019-10-30 10:53:25','1979-12-18 08:18:08'),(247,101,13,'Voluptatem libero doloremque ab maxime ut.','Et ad modi et qui. Sit ut porro esse doloribus voluptas expedita aut. Totam praesentium omnis laborum temporibus.',1,1,0,882,'1972-03-22 17:08:46','1983-10-25 00:40:34'),(248,78,19,'Enim est reiciendis explicabo ex rerum nam.','Hic rerum eveniet omnis commodi dolor debitis tenetur. Maxime assumenda odio eligendi illo voluptatum cupiditate reprehenderit. Molestias doloremque minus sit.',30,1,0,545479896,'1992-04-10 03:21:47','2015-10-07 07:00:19'),(249,94,8,'Harum quam asperiores voluptatem totam eaque architecto illum.','Porro ipsam expedita ducimus ut optio quaerat qui. Omnis minima aliquam commodi consequatur harum repudiandae. Provident est unde id a officia hic voluptas ut. Qui architecto nesciunt suscipit nobis et nobis minus.',21,1,0,0,'1973-06-02 04:08:26','1992-10-10 10:10:11'),(250,71,10,'Labore est facilis asperiores laboriosam vel nam.','Vel ut quia officia accusantium qui quibusdam suscipit. Numquam est delectus aut eum recusandae nihil totam quo. Itaque ea recusandae quia soluta a distinctio est aut.',49,1,0,791775,'1995-01-20 23:42:01','2011-10-30 14:27:19'),(251,82,15,'Sapiente qui quod ex aut.','Incidunt sint ut ipsam aut. Laborum excepturi reiciendis mollitia culpa odit officia dolorem. Vel dolorem et sunt a quia unde ea. Totam temporibus voluptatem dolore numquam et vel quaerat ipsum.',3,1,1,21406437,'1978-07-29 05:00:50','2008-03-22 03:03:52'),(252,48,9,'Nulla quis tenetur incidunt molestiae.','Reprehenderit nam a ullam sint soluta repellendus ab. Quibusdam eos quisquam veniam pariatur quod tempore hic. Officiis sapiente qui sunt aut qui esse in.',36,1,0,0,'2010-01-24 05:34:06','2006-10-16 16:14:29'),(253,3,15,'Voluptatem vel magni rerum nostrum.','Libero blanditiis ipsa nulla non aut eos. Est illum et eveniet cupiditate vel est eum. Voluptas dolores qui pariatur amet doloremque. Qui numquam ut qui magnam voluptatem qui.',5,0,0,0,'1999-09-04 21:23:04','1998-12-05 14:04:58'),(254,74,7,'Odio aut dicta mollitia nisi delectus eaque voluptas.','Officiis iure atque laboriosam enim ipsum itaque cum. Nesciunt id aut eligendi modi excepturi necessitatibus eligendi ut. Enim officia ut quia eaque at facere.',18,0,1,329502823,'1982-01-29 18:11:34','1987-01-17 11:03:20'),(255,58,12,'Blanditiis vel quia quia.','Molestiae sunt exercitationem quo recusandae ut quia minus. Asperiores sed dignissimos quas consectetur. Quis iusto harum quidem autem enim. Iste aut doloribus magnam molestiae quibusdam.',6,1,0,59,'1971-04-09 19:45:28','1996-06-25 01:26:30'),(256,21,16,'Quo eligendi distinctio quod.','Exercitationem esse molestiae occaecati deleniti. Sed voluptatum ut harum unde molestiae nihil. Similique dolorem alias eligendi perferendis voluptatem voluptatem non.',43,1,0,97,'1972-12-23 03:55:24','2005-11-29 18:16:14'),(257,30,6,'Cumque sapiente illum est quas.','Ipsum voluptatum vitae nesciunt sit non. Eum maxime deserunt maiores quo soluta repudiandae et. Quia praesentium praesentium necessitatibus vero velit. Neque alias blanditiis iusto laborum est eos. Ex magnam distinctio odit rerum.',21,0,0,63337,'1993-04-23 09:11:03','2016-01-03 12:03:25'),(258,53,12,'Corporis laboriosam beatae eum ut labore.','Et aut ipsum dolorum dignissimos tempore suscipit dolores. Veritatis asperiores unde ipsum ut et nam possimus. Non incidunt quia quia unde voluptatem perferendis. Sed ipsa maiores necessitatibus voluptatem. Nisi earum aut dolore quam unde illum unde.',12,0,1,9993248,'1986-02-08 22:06:50','2010-12-25 12:07:00'),(259,23,4,'Quia esse nobis ratione enim est quisquam.','Qui rerum aut saepe et qui veniam. Quo laudantium qui nobis officiis reprehenderit nisi.',33,0,0,198,'1998-11-09 10:31:45','1970-07-15 16:51:04'),(260,32,6,'Sunt at rerum est ex eius.','Ex iure aut quisquam saepe repudiandae. Neque perspiciatis rerum porro porro quia labore dolor. Veniam ut fugiat quaerat aut similique voluptas. Corrupti similique doloribus dolor veritatis.',58,0,0,17097788,'1981-03-03 13:28:49','2014-09-24 04:51:39'),(261,84,19,'Est quaerat dolorem et quia.','Ex est ut commodi quo impedit consequatur quam. Facere adipisci incidunt ex repellendus fugiat sint eaque. Placeat est nemo sunt eveniet voluptatum perspiciatis ipsa amet. Unde veniam perferendis ab voluptatem aliquid.',21,1,1,881,'2003-05-27 04:12:59','2008-10-06 20:49:15'),(262,97,10,'Quas odio animi perferendis qui nihil beatae sed.','Expedita architecto voluptas cum qui omnis eveniet. Cupiditate beatae ullam odit labore molestiae animi. Praesentium voluptatum quia deserunt et esse.',52,0,0,3,'1976-11-01 17:02:21','2010-07-05 00:05:03'),(263,110,18,'Possimus qui ab at quam.','Inventore saepe est id nobis. Et aut autem eos eum laborum.',7,0,1,4,'1991-08-31 18:10:29','2002-11-20 09:31:50'),(264,73,20,'In eum atque labore porro molestiae.','Veniam quia nihil veniam maxime culpa. Unde asperiores pariatur optio voluptates porro voluptas inventore nihil. Sunt ratione et voluptatum pariatur totam.',53,1,0,14737774,'2014-07-05 03:37:57','2008-11-15 21:08:12'),(265,85,3,'Et in consequatur dolorum optio ab incidunt magnam natus.','Et dolor nihil non. Distinctio sunt dolor in dolores non quod iusto. Vel ullam sed exercitationem. Cum perspiciatis dignissimos eum adipisci sed iusto saepe.',42,1,0,6,'1970-06-28 16:04:35','2006-04-04 08:06:06'),(266,68,18,'Sunt illo dolores cumque ut.','Vel reiciendis repellendus eius veniam. Eos alias a laudantium sit eaque. Sit culpa esse velit labore quia et sit.',38,0,0,370449,'2019-09-16 20:01:16','1988-10-28 20:11:30'),(267,92,6,'Et quo facere ipsa voluptatibus tempore sequi iusto.','Omnis laudantium adipisci beatae voluptate. Voluptatum sapiente ut est amet sit qui. Eos rem eligendi voluptates in nihil eaque sit.',30,0,0,434838378,'2001-01-08 00:10:42','1975-08-12 22:20:09'),(268,34,4,'Aut ut voluptatem saepe quae incidunt consequatur quos.','Architecto porro quibusdam porro iure. Nesciunt sequi rerum quia modi. Natus est earum aut repellendus doloribus dignissimos.',17,0,0,86944,'2015-07-05 19:10:39','1994-04-17 04:04:02'),(269,70,17,'Adipisci animi voluptatem repellendus vero molestiae perferendis.','Non magni laudantium laboriosam qui quasi commodi. Voluptate voluptatem quia dicta et.',52,1,0,457798,'1984-11-20 03:41:57','1995-08-13 01:50:37'),(270,94,13,'Vel et blanditiis rerum amet quia.','Delectus voluptatum ut suscipit repudiandae. Vero et perspiciatis officiis aperiam. Similique explicabo odit iusto eum eum consequatur voluptas consectetur.',9,1,1,299058,'2014-12-08 16:02:07','2002-11-21 00:23:22'),(271,105,5,'Illum ipsum debitis dolorum.','Delectus eveniet exercitationem optio recusandae sed quia. Aliquam delectus modi aut ad sed exercitationem. Id nobis inventore quia quisquam placeat dignissimos tempore.',5,0,0,4062579,'2020-08-30 15:31:51','2005-08-13 13:28:41'),(272,88,3,'Maxime maxime accusantium autem pariatur vel qui.','Magnam dignissimos praesentium quod eius. In rerum totam facilis optio libero voluptatem. Sed est est nostrum quisquam doloremque. Quia culpa et autem quia.',14,1,1,111551,'2016-11-21 02:19:48','2019-07-19 10:51:12'),(273,26,10,'Ea dignissimos labore laboriosam omnis exercitationem perferendis sunt.','Id quo qui consequuntur aut qui in nobis et. Eius aut laboriosam hic sint vel consequuntur quasi. Inventore tenetur quia molestiae vero. Et asperiores est quo voluptatem atque. Consequuntur reprehenderit dolor voluptatum veritatis.',4,0,1,581,'1996-08-09 14:46:58','1996-10-20 17:56:21'),(274,45,17,'Tenetur quis ab temporibus fugiat molestiae perferendis a.','Corrupti et ut rerum qui cupiditate dolorum ut. Qui cumque dolore eaque sapiente fuga est. Nulla temporibus et quisquam ab. Et quia porro ad est aut dolorem consequatur. Delectus ipsum magnam rerum illum quia voluptatum vero libero.',14,1,1,355682,'2014-02-20 03:32:06','2010-06-06 07:10:33'),(275,25,16,'Odit eos amet aut quia aut expedita nesciunt praesentium.','Vitae temporibus rem quia voluptas. Dolor ea natus quas repellat. Voluptas sed necessitatibus non quod. Et sapiente eos quaerat nam minus reprehenderit.',31,1,0,4,'1989-11-21 00:34:38','1979-01-22 19:50:11'),(276,1,15,'Aliquid voluptate voluptas quia cupiditate.','Quod quae rerum ut corporis. Quidem est provident omnis cum eum commodi. Rerum nam consequuntur praesentium qui quo ut rem.',33,1,1,576,'2006-09-11 21:37:47','2003-08-27 09:49:31'),(277,47,20,'Id molestias tempore doloremque suscipit.','Voluptatem sequi voluptatem iste deleniti. Ipsa qui dicta excepturi quo necessitatibus. Quas vel officiis doloremque. Ducimus est quidem neque odio.',10,0,0,245174657,'2001-07-18 00:11:29','1990-04-12 02:40:25'),(278,14,11,'Unde sint temporibus rerum sunt.','Odio dolor molestias et voluptatem aut. Dolorum maxime fugiat dicta consequatur ut est sed. Eveniet distinctio et ut excepturi.',44,0,1,764010352,'2000-11-23 01:28:23','1978-11-06 21:55:56'),(279,63,10,'Perspiciatis in laborum in alias quam in.','Natus omnis sapiente excepturi labore sint dolore. Debitis illo quae debitis ut omnis expedita beatae neque. Quis et est ipsa et quia. Rem excepturi mollitia molestiae minima deserunt corporis quis repudiandae.',10,1,0,722838132,'1970-08-30 13:07:02','1993-09-12 01:21:34'),(280,59,4,'Laborum ea doloremque vel perferendis est.','Ratione veniam eum minus autem. Culpa qui rem dicta a. Et illum voluptates quibusdam accusantium distinctio.',21,1,1,18625395,'1994-04-21 20:50:20','1977-02-15 05:11:19'),(281,79,3,'Facilis voluptatem deleniti asperiores maxime velit eum et.','Et autem saepe quod amet pariatur veniam. Velit qui explicabo tempore. Accusamus ea atque in vero ut vitae.',5,0,0,452351,'1970-01-11 17:24:19','1995-12-02 18:00:14'),(282,33,17,'Voluptatem perferendis illum beatae.','Repudiandae aut voluptas eveniet molestias. Culpa non similique modi et veritatis neque illo. Asperiores ut facilis quia inventore. Quasi quidem dicta ipsam voluptate vel repellendus ducimus.',26,0,1,22450470,'2013-04-08 15:01:35','1979-10-08 20:18:39'),(283,72,16,'Repellendus porro maxime doloribus non culpa.','Temporibus debitis exercitationem non enim deleniti. Iusto sit voluptas pariatur quidem nihil. Sint similique iusto nihil aspernatur consequatur ex animi animi. Deleniti neque porro fugit facere rem officia.',40,1,0,0,'1979-04-20 18:46:37','2020-02-20 08:28:34'),(284,39,3,'Minima repellat incidunt aut repellendus nam fugit vero.','Voluptatum placeat blanditiis minus non suscipit. Quia dolore in magni ratione omnis. Eos molestiae ab necessitatibus dolorem eos officiis. Ut qui enim commodi maxime mollitia.',13,1,0,4902,'1992-08-18 18:16:16','2010-04-15 04:08:51'),(285,60,9,'Rem doloribus corrupti molestiae quia.','Repellat architecto et quo sequi eius ut voluptas. Aut consequatur quaerat ut debitis. Molestias quia recusandae distinctio nemo.',48,1,0,529610985,'1976-10-02 15:16:53','2003-12-30 14:56:35'),(286,3,3,'Quasi repellat aperiam et sint ullam nobis.','Culpa fuga ut odio. Incidunt harum illo dolorem rerum delectus eos unde.',56,1,0,848175,'2009-01-07 14:21:18','2004-05-09 16:38:13'),(287,1,14,'Quam et itaque aliquid et.','Aut cumque officiis nemo qui nostrum ut corrupti. Iste vero quia laboriosam. Et magnam enim repudiandae non pariatur ipsa necessitatibus provident.',36,1,0,241762156,'1993-10-28 22:45:21','1989-03-20 00:11:32'),(288,104,18,'Autem eveniet voluptate fuga id odio occaecati mollitia.','Veritatis vel tempore ullam eum. Dicta modi laboriosam neque aut. Repellendus molestias et explicabo voluptatem et tempore deleniti.',55,0,1,4020520,'1999-12-30 06:46:37','2015-08-16 00:17:41'),(289,69,6,'Excepturi qui neque quaerat sapiente ipsam repudiandae quis.','Placeat quidem voluptatum qui nobis accusamus. Laborum quod dolorem itaque vel quas excepturi. Inventore aut eos consequuntur. Et aut assumenda enim cum.',58,1,0,304,'2008-02-27 12:59:41','1974-10-03 01:36:55'),(290,38,19,'Debitis iste quia ut voluptatem quia quod quod.','Aliquam error harum libero iure id sed. In quia ea ullam consectetur et iusto. Debitis quaerat quae tenetur molestiae fugiat. Aut omnis quidem omnis dignissimos odit ea sed.',36,0,1,2913,'1976-12-13 23:06:53','1987-03-10 19:25:53'),(291,14,11,'Enim doloremque nihil est cumque pariatur omnis.','Et corporis ut non possimus recusandae ipsum minima. Et quia assumenda earum. Nihil corrupti consequatur in labore cupiditate. Voluptate harum laudantium distinctio voluptatem impedit.',19,0,1,6908,'1993-12-04 02:07:16','2014-05-23 13:09:13'),(292,12,6,'Quo qui occaecati et officiis ut.','Consequatur sunt molestiae modi quo dolor. Autem sequi fugit tenetur optio qui sapiente nesciunt reiciendis. Id laudantium quae molestias exercitationem sint libero ad veritatis. Nemo in dicta sint odio quibusdam.',48,1,0,33040,'1987-03-25 18:34:49','2005-08-14 17:24:41'),(293,9,4,'Optio doloribus recusandae modi perferendis.','Suscipit incidunt consequatur est aut et enim. Harum adipisci dolor iste deleniti a saepe. Sapiente id voluptatem commodi soluta est eos. Laudantium ipsam minima aut culpa odit.',45,0,0,131,'1994-05-03 22:48:29','2003-07-12 17:44:29'),(294,3,16,'Impedit eius necessitatibus enim repudiandae.','Perspiciatis ea possimus cum quod est neque nobis. Numquam sed quia hic. Quas et in expedita. Atque voluptatem ratione minima fugit.',18,0,1,35841,'1993-12-30 22:23:23','1987-10-24 10:25:30'),(295,36,6,'Et autem reiciendis consectetur culpa vitae atque eveniet nemo.','Magni suscipit aliquid reiciendis qui reprehenderit. Minus possimus eum debitis porro. Similique perspiciatis omnis ex dolores quibusdam et aut.',40,0,1,2749053,'2016-06-20 17:59:27','2016-12-03 23:40:08'),(296,102,4,'Minus culpa est reprehenderit quam necessitatibus quo fugiat.','Ut rerum assumenda dolorem nihil optio in. Qui dolor quibusdam reprehenderit ut sed praesentium tenetur. Enim sint esse id eum qui. Vel eligendi accusantium ut non. Corrupti voluptatem deleniti tenetur.',24,1,1,7086806,'2013-04-11 01:15:31','1989-05-14 17:04:32'),(297,68,5,'Corporis deleniti aspernatur expedita laborum vel.','Optio voluptas sapiente id enim odit enim. Recusandae molestiae dolorum commodi dolorum quia. Nemo aliquid recusandae amet ipsa non amet. Eos aspernatur error laborum fugit soluta provident.',13,0,1,22,'2018-05-21 01:24:40','1982-05-04 06:11:13'),(298,29,2,'Sequi eveniet ut et magnam.','Quia ut doloribus maxime corrupti numquam. Et quia autem minus id neque excepturi repudiandae. In quo delectus rem.',30,1,0,2016,'2003-12-24 21:02:09','1990-12-03 17:10:44'),(299,103,17,'Consequatur laudantium sit dolores velit repudiandae.','Et laudantium iusto sint. Nihil totam quidem soluta. Optio ea dolorem ut nostrum illo. Saepe consequatur quaerat nulla aspernatur eius voluptatem.',22,0,1,4260530,'1972-08-23 15:12:09','1976-07-10 11:26:35'),(300,10,2,'Natus necessitatibus quis et repudiandae consequuntur nam unde.','Maxime eum vitae quia et eum et. Repellat voluptatum non non. Necessitatibus quisquam voluptates et.',48,0,0,15810499,'2011-02-06 01:48:25','1995-08-19 00:23:38');
/*!40000 ALTER TABLE `posts` ENABLE KEYS */;
UNLOCK TABLES;

--
-- Table structure for table `profiles`
--

DROP TABLE IF EXISTS `profiles`;
/*!40101 SET @saved_cs_client     = @@character_set_client */;
/*!50503 SET character_set_client = utf8mb4 */;
CREATE TABLE `profiles` (
  `user_id` int unsigned NOT NULL COMMENT 'Ссылка на пользователя',
  `gender` char(1) NOT NULL COMMENT 'Пол',
  `birthday` date DEFAULT NULL COMMENT 'Дата рождения',
  `photo_id` int unsigned DEFAULT NULL,
  `city` varchar(130) DEFAULT NULL COMMENT 'Город проживания',
  `country` varchar(130) DEFAULT NULL COMMENT 'Страна проживания',
  `created_at` datetime DEFAULT CURRENT_TIMESTAMP COMMENT 'Время создания строки',
  `updated_at` datetime DEFAULT CURRENT_TIMESTAMP ON UPDATE CURRENT_TIMESTAMP COMMENT 'Время обновления строки',
  PRIMARY KEY (`user_id`),
  KEY `profiles_photo_id_fk` (`photo_id`),
  CONSTRAINT `profiles_photo_id_fk` FOREIGN KEY (`photo_id`) REFERENCES `media` (`id`) ON DELETE SET NULL,
  CONSTRAINT `profiles_user_id_fk` FOREIGN KEY (`user_id`) REFERENCES `users` (`id`) ON DELETE CASCADE
) ENGINE=InnoDB DEFAULT CHARSET=utf8mb4 COLLATE=utf8mb4_0900_ai_ci COMMENT='Профили';
/*!40101 SET character_set_client = @saved_cs_client */;

--
-- Dumping data for table `profiles`
--

LOCK TABLES `profiles` WRITE;
/*!40000 ALTER TABLE `profiles` DISABLE KEYS */;
INSERT INTO `profiles` VALUES (1,'f','1990-06-26',12,'Johnsview','Germany','1979-10-15 17:55:20','2020-09-06 18:23:18'),(2,'m','1977-05-04',48,'Greenfelderchester','Germany','2016-01-28 07:33:51','2020-09-06 18:23:18'),(3,'f','2004-02-19',4,'Lavernetown','Germany','1997-07-18 11:40:41','2020-09-06 18:23:18'),(4,'m','2020-02-18',NULL,'Schowaltermouth','Germany','1983-04-03 21:03:39','2020-09-07 04:30:13'),(5,'m','1985-12-08',NULL,'Nolanmouth','Russian Federation','2014-04-01 23:39:19','2020-09-07 04:30:13'),(6,'f','1981-12-01',38,'Mariontown','Russian Federation','2006-04-23 15:17:33','2020-09-06 18:23:18'),(7,'m','1979-07-08',NULL,'Brendafort','Belarus','1988-01-21 12:23:15','2020-09-07 04:30:13'),(8,'f','1987-10-01',18,'Briellefort','Belarus','1983-10-17 00:27:09','2020-09-06 18:23:18'),(9,'m','1989-11-08',NULL,'Bergstromburgh','Germany','1994-08-07 12:37:05','2020-09-07 04:30:13'),(10,'m','1991-11-26',3,'South Susan','Germany','1982-01-29 02:31:46','2020-09-06 18:23:18'),(11,'f','2000-11-29',38,'New Brennan','Russian Federation','1970-12-13 20:39:01','2020-09-06 18:23:18'),(12,'f','2015-01-06',NULL,'East Chadrickstad','Belarus','1991-01-12 11:48:09','2020-09-07 04:30:13'),(13,'m','2004-02-28',NULL,'Kadenchester','Belarus','2006-11-18 10:36:50','2020-09-07 04:30:13'),(14,'f','1982-09-22',NULL,'Lake Luciano','Belarus','2016-04-27 22:59:12','2020-09-07 04:30:13'),(15,'f','2011-07-27',NULL,'West Marinaside','Belarus','1971-09-24 20:12:45','2020-09-07 04:30:13'),(16,'m','1982-07-23',NULL,'Kleinland','Belarus','1977-02-12 14:20:01','2020-09-07 04:30:13'),(17,'m','2003-10-03',5,'Mariahstad','Belarus','2014-02-03 22:07:13','2020-09-06 18:23:18'),(18,'f','2017-02-27',1,'Port Violet','Germany','1976-10-23 21:22:21','2020-09-06 18:23:18'),(19,'f','1997-10-03',NULL,'Port Stephany','Russian Federation','1989-05-12 18:00:27','2020-09-07 04:30:13'),(20,'m','1979-01-23',40,'Ollieshire','Russian Federation','2011-02-02 14:08:55','2020-09-06 18:23:18'),(21,'f','1980-08-17',33,'Helgaside','Germany','1977-06-10 23:02:38','2020-09-06 18:23:18'),(22,'m','1987-11-30',47,'East Penelopemouth','Belarus','2002-03-04 22:32:00','2020-09-06 18:23:18'),(23,'f','1980-03-22',32,'Smithamview','Germany','1999-11-09 17:50:49','2020-09-06 18:23:18'),(24,'f','1980-03-23',22,'Stoltenbergstad','Russian Federation','2017-08-16 01:57:41','2020-09-06 18:23:18'),(25,'m','1978-05-16',11,'Lake Oletaview','Belarus','1995-01-15 16:10:18','2020-09-06 18:23:18'),(26,'m','2014-01-25',NULL,'Volkmanside','Germany','2001-07-18 02:40:21','2020-09-07 04:30:13'),(27,'f','2019-06-12',20,'New Violetteton','Germany','1975-03-08 08:14:37','2020-09-06 18:23:18'),(28,'f','1985-03-02',25,'Williamsonstad','Belarus','1977-01-06 01:26:40','2020-09-06 18:23:18'),(29,'m','1979-10-07',NULL,'Britneyfort','Germany','1980-09-23 19:26:30','2020-09-07 04:30:13'),(30,'f','1988-09-21',56,'Port Uriel','Russian Federation','1977-01-13 00:05:16','2020-09-06 18:23:18'),(31,'m','2018-01-05',NULL,'North Jaqueline','Russian Federation','2000-07-06 22:00:00','2020-09-07 04:30:13'),(32,'m','2010-07-29',41,'North Meaghan','Germany','1993-12-22 02:55:45','2020-09-06 18:23:18'),(33,'f','2009-06-12',NULL,'North Dejah','Germany','1989-10-28 18:30:35','2020-09-07 04:30:13'),(34,'m','2002-12-26',NULL,'Conroyfort','Russian Federation','1981-08-12 22:19:29','2020-09-07 04:30:13'),(35,'m','2019-03-07',51,'Weissnatborough','Belarus','1996-01-29 20:28:03','2020-09-06 18:23:18'),(36,'m','2005-03-06',NULL,'Mosciskibury','Belarus','2003-01-28 09:30:41','2020-09-07 04:30:13'),(37,'f','1996-01-09',43,'Port Anastasia','Belarus','1975-01-21 22:02:20','2020-09-06 18:23:18'),(38,'f','1999-04-04',35,'Richietown','Germany','1997-12-19 20:45:27','2020-09-06 18:23:18'),(39,'f','1993-02-02',48,'Ebertfurt','Germany','1978-03-04 13:38:48','2020-09-06 18:23:18'),(40,'m','1982-12-19',32,'West Tanya','Germany','1984-06-16 02:01:09','2020-09-06 18:23:18'),(41,'f','2016-12-04',15,'Abdielport','Russian Federation','1993-04-21 14:52:23','2020-09-06 18:23:18'),(42,'m','1971-12-24',NULL,'Skilesview','Belarus','2012-07-04 17:46:59','2020-09-07 04:30:13'),(43,'f','1997-02-02',52,'North Carlosberg','Russian Federation','2017-04-23 07:51:04','2020-09-06 18:23:18'),(44,'f','2002-11-28',19,'Jolieshire','Belarus','2017-06-29 16:48:03','2020-09-06 18:23:18'),(45,'m','1992-02-12',42,'Lake Araceli','Germany','2003-04-19 02:39:21','2020-09-06 18:23:18'),(46,'m','1997-02-02',49,'South Melvinland','Belarus','1991-08-31 04:33:50','2020-09-06 18:23:18'),(47,'m','2009-10-28',20,'Smithamton','Germany','1978-06-06 18:00:34','2020-09-06 18:23:18'),(48,'f','2019-07-10',54,'Watsicabury','Russian Federation','2006-02-14 13:42:25','2020-09-06 18:23:18'),(49,'m','2008-02-27',7,'Lilianeview','Belarus','1975-04-08 14:46:38','2020-09-06 18:23:18'),(50,'f','2011-09-22',NULL,'Rennermouth','Russian Federation','1992-08-04 12:30:53','2020-09-07 04:30:13'),(51,'m','2001-05-11',52,'West Zariachester','Germany','1998-09-03 15:52:42','2020-09-06 18:23:18'),(52,'f','1993-02-04',34,'Avisberg','Germany','1977-02-10 06:35:46','2020-09-06 18:23:18'),(53,'f','2000-02-11',15,'West Dianaborough','Russian Federation','2000-05-18 14:08:59','2020-09-06 18:23:18'),(54,'m','1985-12-08',NULL,'Dallinbury','Russian Federation','2002-02-23 06:02:49','2020-09-07 04:30:13'),(55,'f','1980-01-14',19,'Louieside','Belarus','1993-03-14 19:27:44','2020-09-06 18:23:18'),(56,'f','2005-09-03',NULL,'Ivoryville','Belarus','1980-06-06 10:39:49','2020-09-07 04:30:13'),(57,'f','2012-07-21',24,'Noemieshire','Russian Federation','1991-02-17 19:33:42','2020-09-06 18:23:18'),(58,'f','2020-04-03',NULL,'Leliaton','Russian Federation','2009-10-14 12:35:16','2020-09-07 04:30:13'),(59,'m','2003-10-07',NULL,'North Bretmouth','Germany','1983-09-10 18:31:25','2020-09-07 04:30:13'),(60,'f','1977-07-31',48,'Heaneyborough','Russian Federation','2018-01-04 21:56:38','2020-09-06 18:23:18'),(61,'m','1996-10-16',NULL,'McKenzieton','Belarus','1986-06-29 12:06:19','2020-09-07 04:30:13'),(62,'f','1975-04-07',NULL,'Henryport','Germany','2013-05-22 22:32:44','2020-09-07 04:30:13'),(63,'m','1973-02-13',NULL,'Lake Cydneymouth','Russian Federation','1971-07-06 16:21:44','2020-09-07 04:30:13'),(64,'f','1985-04-13',NULL,'Lindmouth','Germany','2001-02-03 06:34:24','2020-09-07 04:30:13'),(65,'f','1995-12-30',29,'Mayerborough','Germany','1999-10-17 12:19:47','2020-09-06 18:23:18'),(66,'m','1984-07-09',NULL,'Zemlakport','Russian Federation','1970-02-18 19:26:39','2020-09-07 04:30:13'),(67,'m','1986-07-14',31,'Johnsonstad','Germany','1988-06-19 23:09:29','2020-09-06 18:23:18'),(68,'m','1999-07-07',5,'Moorebury','Germany','1988-01-27 04:43:17','2020-09-06 18:23:18'),(69,'f','1995-01-24',29,'Kavonland','Belarus','1982-10-02 20:19:49','2020-09-06 18:23:18'),(70,'m','1973-12-17',31,'Alyshaview','Germany','1984-03-17 12:39:29','2020-09-06 18:23:18'),(71,'m','2005-01-07',NULL,'North Lonie','Russian Federation','1995-03-20 04:22:48','2020-09-07 04:30:13'),(72,'m','1972-02-03',33,'North Josefafurt','Germany','1981-09-10 19:42:38','2020-09-06 18:23:18'),(73,'f','1984-08-27',NULL,'Mohrmouth','Russian Federation','1999-11-15 09:50:58','2020-09-07 04:30:13'),(74,'f','2000-12-13',50,'Marquardttown','Germany','1983-10-25 10:37:11','2020-09-06 18:23:18'),(75,'f','1986-12-23',40,'New Camryn','Belarus','2003-09-23 02:08:18','2020-09-06 18:23:18'),(76,'m','2018-11-08',48,'Arvidmouth','Germany','2017-02-28 10:44:26','2020-09-06 18:23:18'),(77,'f','2000-08-17',19,'New Vladimirbury','Russian Federation','1973-09-24 15:24:18','2020-09-06 18:23:18'),(78,'m','2017-10-15',50,'North Juston','Belarus','1984-10-24 22:34:37','2020-09-06 18:23:18'),(79,'m','2014-06-25',NULL,'McGlynnchester','Germany','1989-05-26 21:16:24','2020-09-07 04:30:13'),(80,'m','2003-04-14',19,'Katlynmouth','Belarus','2015-12-22 18:07:50','2020-09-06 18:23:18'),(81,'m','1979-09-27',12,'West Vanessa','Germany','2005-11-14 21:27:26','2020-09-06 18:23:18'),(82,'m','2000-11-29',2,'New Keanu','Germany','2006-07-19 06:29:10','2020-09-06 18:23:18'),(83,'m','2000-05-30',NULL,'Tyreseville','Germany','1978-01-05 23:12:39','2020-09-07 04:30:13'),(84,'m','1994-05-24',NULL,'North Bette','Germany','1990-01-24 13:08:29','2020-09-07 04:30:13'),(85,'m','1995-01-27',NULL,'Hoytfort','Russian Federation','2017-12-16 03:06:44','2020-09-07 04:30:13'),(86,'m','2018-06-10',41,'Haleyfort','Belarus','1983-06-14 20:22:22','2020-09-06 18:23:18'),(87,'f','1990-07-03',49,'New Jena','Belarus','1991-04-12 14:07:45','2020-09-06 18:23:18'),(88,'f','1987-10-01',23,'Koeppstad','Belarus','1980-07-29 04:57:01','2020-09-06 18:23:18'),(89,'f','2005-05-31',NULL,'Dietrichberg','Russian Federation','1983-09-21 01:40:05','2020-09-07 04:30:13'),(90,'m','2014-10-03',NULL,'New Jaylen','Germany','1995-03-31 14:32:47','2020-09-07 04:30:13'),(91,'m','1972-12-26',10,'West Cecil','Germany','1972-02-18 17:28:04','2020-09-06 18:23:18'),(92,'m','2002-05-26',NULL,'Lake Xzavier','Russian Federation','2010-08-15 04:52:43','2020-09-07 04:30:13'),(93,'f','1976-12-25',NULL,'Medhurstmouth','Russian Federation','1992-08-25 00:18:16','2020-09-07 04:30:13'),(94,'f','2010-06-07',18,'Laceymouth','Germany','1987-10-26 14:18:35','2020-09-06 18:23:18'),(95,'m','1973-12-25',45,'East Dee','Belarus','2006-10-22 15:10:38','2020-09-06 18:23:18'),(96,'m','1974-04-23',NULL,'Lindchester','Russian Federation','2010-04-24 14:22:01','2020-09-07 04:30:13'),(97,'m','2008-12-17',31,'New Domenicamouth','Belarus','1993-06-07 08:29:47','2020-09-06 18:23:18'),(98,'m','2017-08-27',34,'Shawnport','Belarus','2012-11-28 07:44:33','2020-09-06 18:23:18'),(99,'m','1985-03-18',NULL,'Reynoldsport','Belarus','1996-12-08 12:25:29','2020-09-07 04:30:13'),(100,'f','2019-04-22',NULL,'Othobury','Belarus','1995-07-23 10:34:22','2020-09-07 04:30:13'),(101,'f','2003-01-04',NULL,'Port Felixberg','Germany','2006-06-03 11:29:18','2020-09-07 04:30:13'),(102,'f','2007-07-24',NULL,'Hudsonton','Russian Federation','1983-05-27 02:15:45','2020-09-07 04:30:13'),(103,'f','1973-05-15',14,'South Arlenestad','Germany','1987-06-10 12:34:07','2020-09-06 18:23:18'),(104,'m','1970-09-19',50,'North Dakota','Belarus','2007-08-14 03:53:48','2020-09-06 18:23:18'),(105,'f','1978-03-11',5,'South Angus','Belarus','1981-07-16 07:38:33','2020-09-06 18:23:18'),(106,'m','2012-05-10',NULL,'Elwinshire','Russian Federation','1983-06-04 19:45:48','2020-09-07 04:30:13'),(107,'f','1977-09-17',NULL,'Lake Jaredmouth','Germany','1999-04-19 18:53:33','2020-09-07 04:30:13'),(108,'m','1997-06-13',13,'East Sigridbury','Germany','1972-09-24 13:28:05','2020-09-06 18:23:18'),(109,'f','1997-03-28',57,'Addieton','Russian Federation','2019-02-03 09:30:42','2020-09-06 18:23:18'),(110,'f','1976-09-26',47,'North Adell','Germany','2000-04-18 07:45:15','2020-09-06 18:23:18'),(111,'m','2003-08-12',NULL,'South Marianna','Russian Federation','2017-09-18 22:35:54','2020-09-07 04:30:13');
/*!40000 ALTER TABLE `profiles` ENABLE KEYS */;
UNLOCK TABLES;

--
-- Table structure for table `target_types`
--

DROP TABLE IF EXISTS `target_types`;
/*!40101 SET @saved_cs_client     = @@character_set_client */;
/*!50503 SET character_set_client = utf8mb4 */;
CREATE TABLE `target_types` (
  `id` int unsigned NOT NULL AUTO_INCREMENT,
  `name` varchar(255) NOT NULL,
  `created_at` datetime DEFAULT CURRENT_TIMESTAMP,
  PRIMARY KEY (`id`),
  UNIQUE KEY `name` (`name`)
) ENGINE=InnoDB AUTO_INCREMENT=5 DEFAULT CHARSET=utf8mb4 COLLATE=utf8mb4_0900_ai_ci;
/*!40101 SET character_set_client = @saved_cs_client */;

--
-- Dumping data for table `target_types`
--

LOCK TABLES `target_types` WRITE;
/*!40000 ALTER TABLE `target_types` DISABLE KEYS */;
INSERT INTO `target_types` VALUES (1,'messages','2020-09-07 04:13:53'),(2,'users','2020-09-07 04:13:53'),(3,'media','2020-09-07 04:13:53'),(4,'posts','2020-09-07 04:13:53');
/*!40000 ALTER TABLE `target_types` ENABLE KEYS */;
UNLOCK TABLES;

--
-- Table structure for table `users`
--

DROP TABLE IF EXISTS `users`;
/*!40101 SET @saved_cs_client     = @@character_set_client */;
/*!50503 SET character_set_client = utf8mb4 */;
CREATE TABLE `users` (
  `id` int unsigned NOT NULL AUTO_INCREMENT COMMENT 'Идентификатор строки',
  `first_name` varchar(100) NOT NULL COMMENT 'Имя пользователя',
  `last_name` varchar(100) NOT NULL COMMENT 'Фамилия пользователя',
  `email` varchar(100) NOT NULL COMMENT 'Почта',
  `phone` varchar(100) NOT NULL COMMENT 'Телефон',
  `created_at` datetime DEFAULT CURRENT_TIMESTAMP COMMENT 'Время создания строки',
  `updated_at` datetime DEFAULT CURRENT_TIMESTAMP ON UPDATE CURRENT_TIMESTAMP COMMENT 'Время обновления строки',
  PRIMARY KEY (`id`),
  UNIQUE KEY `email` (`email`),
  UNIQUE KEY `phone` (`phone`)
) ENGINE=InnoDB AUTO_INCREMENT=112 DEFAULT CHARSET=utf8mb4 COLLATE=utf8mb4_0900_ai_ci COMMENT='Пользователи';
/*!40101 SET character_set_client = @saved_cs_client */;

--
-- Dumping data for table `users`
--

LOCK TABLES `users` WRITE;
/*!40000 ALTER TABLE `users` DISABLE KEYS */;
INSERT INTO `users` VALUES (1,'Elvie','Lebsack','maia17@example.net','1-519-458-2043x74478','1991-08-26 03:41:03','2013-09-05 04:57:41'),(2,'Brenda','Okuneva','myrtie.haley@example.com','03328327923','1996-06-03 02:29:28','2020-09-06 18:20:34'),(3,'Murray','Torphy','beier.ian@example.com','1-831-785-0721x498','2001-03-01 03:21:18','2020-09-06 18:20:34'),(4,'Maye','Abernathy','dereck.bergnaum@example.net','(175)711-0553','2003-08-21 19:31:07','2018-12-08 08:11:11'),(5,'Lindsay','Jacobi','jwisoky@example.org','(180)255-3436','1981-04-29 15:36:15','2020-09-06 18:20:34'),(6,'Mikel','Runolfsdottir','jordane11@example.net','+58(6)3601094719','1973-09-28 18:39:31','1984-07-15 23:41:52'),(7,'Dillan','Yundt','treutel.salvador@example.net','069-509-0623','1988-02-09 22:17:08','2010-02-25 19:04:54'),(8,'Ophelia','Fritsch','milo.beatty@example.net','125-161-9837x1154','2004-09-03 12:28:54','2020-04-18 02:41:44'),(9,'Lela','Cartwright','olen07@example.org','488.517.4522x469','1985-12-14 21:14:34','2020-09-06 18:20:34'),(10,'Lindsay','Schmidt','dahlia56@example.com','1-007-536-5571x713','2005-10-04 07:05:38','2020-09-06 18:20:34'),(11,'Asia','Lehner','oberbrunner.meghan@example.com','1-859-408-9183x339','2003-03-26 23:49:40','2020-09-06 18:20:34'),(12,'Jace','Raynor','akerluke@example.org','+43(4)3143016327','1972-08-10 06:26:24','1992-01-21 00:40:32'),(13,'Shany','Heaney','tre32@example.com','(023)353-6420x72594','1999-07-17 22:25:00','2020-09-06 18:20:34'),(14,'Millie','Johnston','oparisian@example.org','(315)005-2803x602','2002-08-11 10:27:01','2018-12-20 07:43:13'),(15,'Montana','Cole','lorenzo.o\'kon@example.net','498-459-8391x2823','2000-09-21 01:15:40','2020-09-06 18:20:34'),(16,'Lucie','McGlynn','zullrich@example.org','(235)787-0142x871','2011-07-07 18:40:26','2020-09-06 18:20:34'),(17,'Terrance','Dietrich','torphy.ian@example.com','743.434.9726','1988-12-01 22:37:01','2019-12-17 04:05:36'),(18,'Abdul','Shields','nromaguera@example.com','547.308.7960x11327','1982-02-09 22:31:28','1994-05-23 09:15:36'),(19,'Blaise','Moen','dcrona@example.net','218-575-0412x20058','1970-08-01 00:39:39','1996-07-10 16:51:31'),(20,'Maegan','Adams','christop.bosco@example.org','1-296-364-0500x90849','2001-03-08 21:46:08','2020-09-06 18:20:34'),(21,'Toy','Casper','ozella.upton@example.net','779-367-4130x66526','2012-06-08 16:57:24','2015-04-07 03:48:14'),(22,'Emmy','Rutherford','melyna77@example.net','235-115-9297','1990-12-31 00:37:13','2020-09-06 18:20:34'),(23,'Frederick','Oberbrunner','amani10@example.com','1-903-577-8829x3841','2010-02-03 21:11:31','2020-09-06 18:20:34'),(24,'Olen','Ortiz','marquardt.lonnie@example.org','602.899.8059x4767','1991-07-14 22:04:00','2020-09-06 18:20:34'),(25,'Herminia','Kautzer','josie80@example.net','814.377.4861','1987-11-14 18:54:19','1994-03-31 04:14:59'),(26,'Hope','Kunde','justen96@example.com','219.243.7258x3674','2008-09-09 02:13:44','2020-09-06 18:20:34'),(27,'Jackson','Ruecker','raphael.waters@example.com','746.033.5918x40748','1993-11-23 02:30:37','2020-09-06 18:20:34'),(28,'Harmony','Luettgen','kurtis.boehm@example.net','899.355.1565x4096','1989-09-30 06:21:52','2004-06-01 15:55:42'),(29,'Cole','Mills','roob.delilah@example.net','320.857.9047','1986-06-19 22:04:55','2015-06-01 18:41:13'),(30,'Glenna','Ritchie','maximo.eichmann@example.org','183-913-1563','2007-11-28 19:08:42','2020-09-06 18:20:34'),(31,'Joany','Howell','usipes@example.org','1-447-913-3524x68613','1987-09-19 19:01:07','1998-09-17 16:54:35'),(32,'Jailyn','Beer','abdullah.morissette@example.com','(804)506-8329x4474','1994-05-14 11:04:03','1996-04-05 05:40:19'),(33,'Van','Connelly','bradly63@example.org','03877415027','2012-04-18 22:11:42','2014-03-01 03:25:31'),(34,'Arnold','Watsica','anya.brekke@example.org','1-131-867-3124','1977-09-02 04:27:43','2019-09-13 10:22:14'),(35,'Kali','Rowe','hschaefer@example.net','963-894-4254','2002-08-22 03:39:45','2020-09-06 18:20:34'),(36,'Hadley','Bergstrom','rowland.king@example.net','(212)692-1110','1984-10-28 00:01:20','2003-03-14 22:11:03'),(37,'Emilie','Will','altenwerth.sheldon@example.org','04184897380','1979-11-07 20:14:54','1983-07-26 19:02:41'),(38,'Samanta','Morissette','ludie61@example.com','1-624-967-2800x65340','2012-12-31 14:56:53','2020-09-06 18:20:34'),(39,'Theresia','Mertz','orion.zieme@example.org','09642354695','2000-01-05 05:42:27','2020-09-06 18:20:34'),(40,'Alicia','Fritsch','mose.smitham@example.org','257.785.8106x332','1970-11-16 22:40:46','2010-09-10 16:03:04'),(41,'Liza','Kihn','bethany.nader@example.net','985-354-2323x59313','1977-06-20 13:48:59','2020-09-06 18:20:34'),(42,'Precious','Flatley','norbert.wyman@example.net','637.975.6492','1979-09-10 09:55:59','1996-05-04 20:11:42'),(43,'Myrtice','West','abraham.quigley@example.net','(332)925-8794x77836','2006-06-03 13:43:37','2020-09-06 18:20:34'),(44,'Keanu','Wiegand','uhansen@example.net','(632)898-8527x58388','1995-02-04 21:34:41','2020-09-06 18:20:34'),(45,'Manley','Bins','hferry@example.org','437.016.1701','2001-07-13 22:30:15','2020-09-06 18:20:34'),(46,'Fiona','Bernhard','xkihn@example.com','(794)278-5664x43337','1975-02-17 21:50:48','1997-03-04 22:46:26'),(47,'Earlene','Wisoky','tyshawn.cronin@example.com','(101)327-6690','1991-05-30 01:30:54','1997-01-23 09:01:28'),(48,'Damien','Hayes','medhurst.maxie@example.net','1-740-417-2430','1975-04-05 22:55:36','1987-05-02 15:31:46'),(49,'Grant','Pacocha','larue.tremblay@example.net','+17(6)9672186199','2000-05-23 03:49:34','2020-09-06 18:20:34'),(50,'Paula','Collins','hand.bruce@example.com','696-814-6262x4851','1996-06-03 02:02:17','2016-02-09 07:43:03'),(51,'Owen','Rice','franecki.tyrique@example.net','768-670-1981x01100','2005-04-22 06:47:28','2020-09-06 18:20:34'),(52,'Ibrahim','Dickens','vickie10@example.net','(479)748-1512x3786','2005-02-19 11:06:40','2020-09-06 18:20:34'),(53,'Alessandra','Hills','legros.hobart@example.org','141.482.1718x143','1989-10-13 18:59:36','2011-02-22 04:13:46'),(54,'Jake','Muller','willms.jacky@example.org','968-932-4399x305','1984-08-17 13:46:56','1998-07-27 21:31:06'),(55,'Kaitlyn','Rutherford','cathryn72@example.org','+40(6)5921157201','1986-09-26 21:44:23','2012-05-22 17:29:26'),(56,'Angela','Pacocha','bernadette88@example.org','+61(5)2092831957','1999-09-26 01:11:39','2020-09-06 18:20:34'),(57,'Maci','Hirthe','marquardt.deontae@example.net','152.146.2083x818','1971-01-04 18:21:40','2012-12-08 01:27:22'),(58,'Owen','Corkery','idicki@example.net','(588)721-1904x7532','2012-10-22 06:36:48','2020-09-06 18:20:34'),(59,'Hobart','Waelchi','joannie01@example.org','(927)603-4729x47260','2005-05-03 09:09:06','2008-03-05 06:03:33'),(60,'Ellis','Wisozk','rodger69@example.com','1-783-871-8604x07850','2019-11-19 14:57:12','2020-09-06 18:20:34'),(61,'Edgar','Pouros','lstark@example.com','901-733-5810','2006-05-23 11:50:47','2020-09-06 18:20:34'),(62,'Tina','Feeney','tlemke@example.net','046.426.3141x42113','2005-03-01 20:26:36','2012-12-09 15:43:11'),(63,'Devonte','Mohr','emily51@example.org','06894105600','2018-03-19 07:42:27','2020-09-06 18:20:34'),(64,'Arnaldo','Weber','iwolf@example.com','755-261-6016','1997-10-06 09:36:00','2007-01-15 09:08:13'),(65,'Sim','Jones','hermann30@example.net','295.644.1914x418','1990-10-12 08:14:33','2011-10-22 03:50:49'),(66,'Adele','Toy','jayme.gerlach@example.com','1-649-482-2689x4607','1998-04-30 03:30:44','1999-03-31 07:18:16'),(67,'Zion','Schaden','octavia.jacobs@example.net','05789529244','1990-06-06 19:28:59','1994-01-30 08:08:05'),(68,'Iva','Langosh','wilber.cole@example.net','525.856.1532x68247','1974-09-06 14:53:44','1987-09-27 09:09:18'),(69,'Cyrus','Rodriguez','wisoky.dock@example.net','1-952-711-2884','1987-12-06 09:48:25','1991-07-10 12:16:16'),(70,'Noemi','Rath','shanna08@example.com','+13(0)4352789319','2016-04-09 08:33:39','2020-09-06 18:20:34'),(71,'Christine','Spencer','ucartwright@example.org','1-143-364-5690','1988-11-13 08:00:58','2020-09-06 18:20:34'),(72,'Adonis','Rutherford','rebecca34@example.org','1-351-164-9219x89973','1977-09-24 07:57:05','1997-10-08 05:29:42'),(73,'Jillian','Pfeffer','koch.madeline@example.com','(215)689-7774x0128','2002-03-18 06:03:09','2020-09-06 18:20:34'),(74,'Earlene','King','noe.baumbach@example.org','(546)426-3966x47546','1991-08-27 13:06:46','2020-09-06 18:20:34'),(75,'Jevon','Lang','ocormier@example.org','1-700-745-0232x98566','1986-02-20 03:19:52','2015-07-29 07:03:17'),(76,'Mariam','Mante','lmayer@example.net','623.793.4810x44639','2019-10-11 10:52:59','2020-09-06 18:20:34'),(77,'Armand','Treutel','daija.kutch@example.org','252-107-8571','1973-08-22 17:52:20','2020-09-06 18:20:34'),(78,'Osborne','Roob','adelle.reynolds@example.net','970.710.5134x866','1999-12-29 16:33:43','2001-07-22 19:46:15'),(79,'Demarco','Klein','ihaley@example.net','08761443588','2010-10-31 18:09:25','2020-09-06 18:20:34'),(80,'Triston','Hagenes','myrtice50@example.org','1-218-529-4612x64021','1992-07-24 03:13:51','1993-09-30 14:14:58'),(81,'Anthony','Schoen','brakus.domenico@example.net','704.716.1025x7991','2019-09-12 17:09:52','2020-09-06 18:20:34'),(82,'Nina','Rau','stevie.auer@example.com','02296718792','2014-07-31 06:13:51','2020-09-06 18:20:34'),(83,'Florencio','Haley','aracely.gislason@example.net','+80(2)3960992714','1973-04-12 21:17:41','2014-12-30 05:24:55'),(84,'Tess','Abshire','tbecker@example.org','658.507.4875x8515','2001-05-04 04:29:34','2020-09-06 18:20:34'),(85,'Oda','Auer','johnson.emely@example.com','1-321-596-8197','1985-02-07 14:40:18','1998-04-13 18:32:17'),(86,'Leanna','Herman','kuhlman.michaela@example.org','228.818.4329','1988-01-16 13:25:04','1990-05-02 10:17:49'),(87,'Brock','Green','evolkman@example.org','1-614-556-6926x9939','1978-03-25 20:59:01','2020-09-06 18:20:34'),(88,'Orville','Wintheiser','king.oda@example.com','(795)235-4749x213','2000-03-19 02:08:59','2020-09-06 18:20:34'),(89,'Walker','Blanda','jack.ferry@example.com','+89(2)9078494572','2015-09-21 10:21:49','2020-09-06 18:20:34'),(90,'Kenneth','Funk','prosacco.jacinthe@example.org','231.272.2063','2013-08-21 18:22:34','2020-09-06 18:20:34'),(91,'Violet','Wyman','hstrosin@example.com','00855712050','2018-09-06 08:48:30','2020-09-06 18:20:34'),(92,'Betsy','Bashirian','tbrekke@example.net','108.984.5239x917','2007-06-20 16:48:29','2020-09-06 18:20:34'),(93,'Moshe','Gaylord','astoltenberg@example.com','+03(7)7379969412','2001-03-26 07:41:56','2005-01-25 23:21:54'),(94,'Enola','Pollich','lind.cassandra@example.com','550-527-9903','2009-09-15 20:55:05','2020-09-06 18:20:34'),(95,'Arielle','Barton','tad19@example.com','1-093-536-9134x1878','1977-01-20 01:27:41','1984-01-20 05:06:42'),(96,'Shannon','Kessler','zfadel@example.com','1-988-978-2199x121','1972-04-22 06:39:58','2020-01-27 14:44:59'),(97,'Vern','Ferry','kirstin.king@example.net','532-816-4884x135','2011-07-25 16:03:35','2013-04-13 16:37:50'),(98,'Susanna','Collier','vilma47@example.com','1-325-860-0289x436','2003-04-22 16:59:56','2010-04-29 02:36:59'),(99,'Laurine','Thiel','elvie32@example.org','+58(6)7201663510','1989-04-05 17:45:39','2009-08-20 13:46:50'),(100,'Jarvis','Mayert','marlen22@example.net','203-570-3288','1997-11-09 22:01:48','2020-09-06 18:20:34'),(101,'Ezequiel','Schroeder','jerod46@example.net','504-544-8550x404','1976-08-20 06:30:16','1995-02-21 15:01:44'),(102,'Marcus','Leannon','dhilll@example.net','1-562-924-5646x420','2017-03-20 20:00:09','2020-09-06 18:20:34'),(103,'Nathanial','Davis','krajcik.jovani@example.com','497-034-2605','2006-02-02 10:56:16','2020-09-06 18:20:34'),(104,'Harley','Treutel','sylvia88@example.org','072-882-6114','2017-04-12 17:35:35','2020-09-06 18:20:34'),(105,'Jayden','Mohr','parker.wuckert@example.net','(031)650-1001x6710','2000-01-07 12:51:20','2012-01-09 03:49:16'),(106,'Edward','Eichmann','lorenz.batz@example.com','021-229-8486x73155','2004-10-12 07:45:31','2020-09-06 18:20:34'),(107,'Kasey','Deckow','bryon.olson@example.org','434-547-4384x997','2001-06-26 05:34:17','2020-09-06 18:20:34'),(108,'Thomas','Kuhlman','casper.sage@example.org','(640)815-2786x37477','2000-12-07 23:58:42','2010-12-01 12:18:52'),(109,'Laury','Barton','stark.jarret@example.com','341.091.1311x172','1991-03-27 11:27:36','2001-12-21 14:00:04'),(110,'Jimmie','Kling','donato.krajcik@example.org','758-028-4607x242','1973-07-23 21:46:52','1998-09-16 00:15:06'),(111,'Vivian','Parisian','tkris@example.org','+13(7)5209750315','1985-06-15 00:19:26','1988-12-18 05:18:08');
/*!40000 ALTER TABLE `users` ENABLE KEYS */;
UNLOCK TABLES;
/*!40103 SET TIME_ZONE=@OLD_TIME_ZONE */;

/*!40101 SET SQL_MODE=@OLD_SQL_MODE */;
/*!40014 SET FOREIGN_KEY_CHECKS=@OLD_FOREIGN_KEY_CHECKS */;
/*!40014 SET UNIQUE_CHECKS=@OLD_UNIQUE_CHECKS */;
/*!40101 SET CHARACTER_SET_CLIENT=@OLD_CHARACTER_SET_CLIENT */;
/*!40101 SET CHARACTER_SET_RESULTS=@OLD_CHARACTER_SET_RESULTS */;
/*!40101 SET COLLATION_CONNECTION=@OLD_COLLATION_CONNECTION */;
/*!40111 SET SQL_NOTES=@OLD_SQL_NOTES */;

-- Dump completed on 2020-09-07 15:33:47
